textid	pair	text	label
0	This example is Sports	Sven-Goran Eriksson insisted on Tuesday that he had not been approached by Real Madrid to take over as their new coach. Sven-Goran Eriksson insisted on Tuesday that he had not been approached by Real Madrid to take over as their new coach.	ENTAILMENT
1	This example is Sci/Tech	Israeli army arrested six Palestinians in the West Bank, Palestinian security sources and witnesses said Saturday. The sources said Israeli army arrested three residents and 	ENTAILMENT
2	This example is World	The Microsoft Download Centre has been updated with some graphical improvements on both the search, listings and item pages. Crucially in the new look download centre many application downloads are now being 	ENTAILMENT
3	This example is World	Defensive end Shaun Ellis and the New York Jets are  quot;real, real close quot; to an agreement on a contract extension. Ellis said Sunday that as far as he knew, there was no final agreement.	ENTAILMENT
4	This example is Sci/Tech	One Way Link Building Secures Search Engine Ranking Results\\One-way link building is a great way to improve your link popularity and ranking in the search engines. One-way links are more difficult to obtain than traditional reciprocal links, but pay off in securing solid long-term search engine ranking results.\\Why Are One-Way ...	ENTAILMENT
5	This example is World	The two companies do not operate in all the same markets, but Monday's warnings seemed to suggest that both were suffering from tougher competition in some areas.	ENTAILMENT
6	This example is World	November 04, 2004 - We sometimes hear of big-name games being released simultaneously across the globe. Typically this means the game will be released on the same day in each supported territory, although 	ENTAILMENT
7	This example is Sci/Tech	 Video gaming has long suffered a reputation for creating sedentary and solitary zombies, pasty and pudgy except for their muscular thumbs. A growing number of games, however, are getting gamers off their couches and on their feet, not only shouting, gyrating, singing and dancing, but sometimes -- gasp! -- playing nicely with others, face-to-face, in groups.	ENTAILMENT
8	This example is World	IceRocket Launches RSS Feed Builder\\IceRocket is at it again! The search engine that brought the world a hip alternative to Google along with news, blog, and MoBlog search has just added an excellent tool for web site publishers, an RSS Feed Builder. IceRocket's RSS Builder is an easy to use ...	ENTAILMENT
9	This example is Sports	AP - The United States expects to sit down with Iran at an international conference to discuss stability in Iraq, U.S. Secretary of State Colin Powell said Tuesday. Washington and Tehran have no diplomatic relations.	ENTAILMENT
10	This example is Sci/Tech	Some companies are trying to rework policies in order to rehire retired professionals who want to return to work on a limited basis.	ENTAILMENT
11	This example is World	Amazon UK has entered the DVD rental business in a bid to cash-in on this growing sector of the entertainment industry. For 7.99 a month, subscribers can have two movies at home at one time, with a total of four DVD rentals a month.	ENTAILMENT
12	This example is World	Microsoft Tuesday released a handful of software products that are key elements in its drive to develop a comprehensive management platform for Windows.	ENTAILMENT
13	This example is Sci/Tech	Samsung and Sony have signed a five-year cross-licensing agreement covering a wide range of patents for digital products. The agreement should reduce the potential for disputes 	ENTAILMENT
14	This example is World	Formula One champion Jacques Villeneuve of Canada will drive for Renault for the final three races of this season. Villeneuve, who has not raced in Formula One this season, will debut for Renault this month at the Chinese Grand Prix in Shanghai.	ENTAILMENT
15	This example is Sci/Tech	The transfer of technological innovations from the campus to the capitalist marketplace has been a financial windfall for many schools.	ENTAILMENT
16	This example is Sci/Tech	USATODAY.com - Consumers are snatching up old and new TV favorites on DVD as quickly as studios can release them. TV shows on DVD are one of the fastest-growing trends in the home video business.	ENTAILMENT
17	This example is World	Four Hollywood studios announced that they would release films in a new high-definition DVD format by the end of next year, an advance in the effort to define a new DVD standard.	ENTAILMENT
18	This example is World	Memory cards are made by a variety of manufacturers, and come in different sizes. Prices among capacities and types of memory cards also vary.	ENTAILMENT
19	This example is Sci/Tech	SEPTEMBER 13, 2004 (IDG NEWS SERVICE) - SAN FRANCISCO -- Intel Corp. last week outlined a plan to develop a mobile processor with two CPU cores, but the company remained silent about its strategy for dual-core 	ENTAILMENT
20	This example is Sci/Tech	Technology brings a whole new light to history.Technology brings a whole new light to history.Technology brings a whole new light to history.	ENTAILMENT
21	This example is World	Allawi #39;s office confirms that his cousin #39;s wife and his cousin #39;s pregnant daughter-in-law were released Sunday. There #39;s no word on the cousin, 75-year-old Ghazi Allawi.	ENTAILMENT
22	This example is Sports	 GAZA (Reuters) - An Israeli helicopter fired a missile at  an unknown target in Gaza City on Friday, witnesses said, hours  after troops killed eight Palestinians in southern Gaza. There  were no immediate reports of casualties.	ENTAILMENT
23	This example is World	Some stocks you buy and never sell. Others you bought and wish you #39;d sold. But there are those cyclical stocks that should be bought and sold repeatedly over the years as their prices move in time to the economy.	ENTAILMENT
24	This example is World	Microsoft TV's IPTV channel guide can search programs and offer descriptions.	ENTAILMENT
25	This example is Sci/Tech	Bold, innovative solutions are key to addressing the rapidly rising costs of higher education and the steady reduction in government-subsidized help to finance such education.	ENTAILMENT
26	This example is Sci/Tech	Online search leader Google Inc. is becoming more bookish. Expanding a program introduced last year, Google is inviting publishers to include entire books in its index, enabling people to peak at the contents before making a decision on whether to buy.	ENTAILMENT
27	This example is World	Microsoft has launched a beta version of an MSN search engine designed to compete directly with Google. MSN Search lets users search through more than 5 billion documents, Microsoft says.	ENTAILMENT
28	This example is Sci/Tech	In the past, I have taken great pride in informing you, my readers, about new and cutting-edge technology. Sometimes it is also necessary to re-examine existing or older technologies.	ENTAILMENT
29	This example is Sci/Tech	Computer-based matching system helps students to find the most compatible roommates.	ENTAILMENT
30	This example is World	Internet powerhouse Yahoo has given its popular Web site a facelift to highlight some of the features that the company has been improving during the past year.	ENTAILMENT
31	This example is Sports	A strong earthquake shook western Japan on yesterday, injuring at least four people, news reports said. There were no immediate reports of damage.	ENTAILMENT
32	This example is Sci/Tech	The new search tool from Google matches queries with the content inside a book. If there is a match, Google will show links to that particular book in the search-results page.	ENTAILMENT
33	This example is World	The countdown to the conclusion of the privately funded race for space is producing some last-minute surprises, with a key competitor postponing its bid just days before its scheduled flight.	ENTAILMENT
34	This example is Sci/Tech	On-demand viewing isn't just for TiVo owners anymore. Television over internet protocol, or TVIP, offers custom programming over standard copper wires.	ENTAILMENT
35	This example is Sci/Tech	In the Internet age, making telephone contact with a human for customer service is a daunting task. Some companies no longer disclose phone numbers. But some consumers have found ways around the blockade.	ENTAILMENT
36	This example is World	Adobe, one of the top manufacturers of image editing software, has created a new format for digital images that will save the data in raw file formats to allow professionals more freedom to control the various aspects and key details of raw image files.	ENTAILMENT
37	This example is World	Initial public offerings just wrapped up one of their best weeks in some time, with 10 companies coming to market, raising \$1.7 billion, and several soaring in their debuts.	ENTAILMENT
38	This example is World	Reciprocal Link Scams\ \Reciprocal link scams are on the rise. It is no secret that most search engines count the quantity and quality of incoming links to a website when deciding how to rank it. In fact some give weight to the ratio of incoming links versus outbound links. This ...	ENTAILMENT
39	This example is Sci/Tech	Memo outlines converting four divisions into two, as company refocuses.	ENTAILMENT
40	This example is Sci/Tech	 LOS ANGELES (Reuters) - Sales of video games rose about 11  percent in the United States in November, analysts said on  Friday, with two key titles responsible for almost 30 percent  of all games sold in the month.	ENTAILMENT
41	This example is World	Sometimes it takes looking into the casket and viewing the body to get closure. Sometimes it takes seeing the cadaver to accept finality.	ENTAILMENT
42	This example is Sci/Tech	You can usually find information more easily on the vast Internet than you can on your own computer #39;s hard drive. The reason, of course, is that the search tools designed to index the Internet are much better developed than those for personal computers.	ENTAILMENT
43	This example is World	Online employment indexes that focus on Internet job listings may establish themselves as forward-looking indicators of trends that will appear later in the government surveys.	ENTAILMENT
44	This example is World	With most states reporting massive new voter registrations and many political observers worrying about potential voter confusion and allegations of fraud on Nov.2, one organization has created a web-based tool to answer questions and provide information.	ENTAILMENT
45	This example is World	Fines worth more than \$12 million US were imposed on those establishments that allowed children to play violent or adult-only games and for other violations.	ENTAILMENT
46	This example is Business	Carrie Alison, editor of the largest U2 fan Web site, confirmed that some fans are angry at the band #39;s decision. She said,  quot;Some pockets of U2 fans will rankle at the band aligning themselves with a major 	ENTAILMENT
47	This example is Sci/Tech	The field, expected to become a trillion-dollar industry by 2012, promises a host of technological and medical advances while also stirring fears because some of the products appear to be toxic and many are not regulated.	ENTAILMENT
48	This example is World	The second-largest satellite entertainment provider adds 350,000 subscribers.	ENTAILMENT
49	This example is World	Yahoo Offering Cheaper Domain Names and Hosting\\Yahoo has changed their small business targeting approach by offering domain names for \$9.95 as part of an aggressive move to expand its presence in domains and small business web hosting. Yahoo is also beefing up its shared hosting accounts, offering 2 gigabytes of ...	ENTAILMENT
50	This example is World	Amazon.co.uk has added a rental service to its DVD tab allowing customers to rent six DVDs a month for 9.99 or four DVDs for 7.99 additionally rental members will save an extra 10 per cent off of Amazons DVD prices.	ENTAILMENT
51	This example is Business	The Motley Fool - You've got a money question, and the guy in the next cubicle hasn't a clue how to answer. You need trustworthy information. But where to start?	ENTAILMENT
52	This example is Sports	which bows to no conference commissioner, has its own network and grazes from coast to coast for prestigious opponents -- could be changing its scheduling philosophy.	ENTAILMENT
53	This example is Sci/Tech	It will be a short trading week, but that is probably the best reason to take a long, hard look at some of the companies that will be in the news.	ENTAILMENT
54	This example is World	Aug. 18 (Bloomberg) -- AMP Ltd., Australia #39;s largest life insurer, posted its first half of profit in four after Chief Executive Andrew Mohl reduced debt, cut costs and sold more equity investment products. The stock fell as much as 3.7 percent. 	ENTAILMENT
55	This example is World	US President George W. Bush said on Wednesday that his government still adheres to the strong-dollar policy.  quot;The policy of my government is a strong-dollar policy, quot; Bush 	ENTAILMENT
56	This example is World	Four new stocks shot out of the starting gates Friday and posted upbeat opening-day gains, riding investor momentum spurred by stronger-than-expected pricings from two initial public offerings while two others came in at the top of expectations.	ENTAILMENT
57	This example is Sci/Tech	In the Internet age, making telephone contact with a human for customer service is a daunting task. But some consumers have found ways around the blockade.	ENTAILMENT
58	This example is Sci/Tech	Software that lets computers split into virtual machines will create more powerful subdivisions.	ENTAILMENT
59	This example is Business	NewsFactor - America Online (NYSE: AOL) is giving Microsoft (Nasdaq: MSFT) a second chance by agreeing to\support the software giant's anti-spam technology that it previously had rejected.	ENTAILMENT
60	This example is Sports	ATHENS, Greece Greek weightlifter Leonidas Sampanis has been stripped of his bronze medal for a doping offense. It was the first medal to be stripped from an athlete in Athens because of doping.	ENTAILMENT
61	This example is Sci/Tech	Four Hollywood studios announced that they would release films in the group's high-definition DVD format by the end of next year, an advance in the effort to define a new DVD standard.	ENTAILMENT
62	This example is World	Firms sign joint development, marketing deal for integrated product expected next year.	ENTAILMENT
63	This example is Business	Banknorth Group's largest shareholder, Private Capital Management, said it plans to vote in favor of the merger with Canada's TD Bank Financial Group after expressing reservations several months ago. The change increases the likelihood the merger will go through. Several of Banknorth's major shareholders had reservations because of the deal's structure. TD plans to acquire a majority stake in the ...	ENTAILMENT
64	This example is Sci/Tech	Three major movie studios have signed on for Sony #39;s high-definition technology for the discs. But a competitor has drawn big support, too.	ENTAILMENT
65	This example is Sci/Tech	There have been signs of danger he has read about, warnings of trouble told to him.	ENTAILMENT
66	This example is World	In the deadliest year for journalists in a decade, 54 reporters and crew are killed around the world.	ENTAILMENT
67	This example is Sci/Tech	Christmas is just around the corner and major computer games software publishers are readying their wares for the festive season. But these latest games are not your typical children #39;s programs.	ENTAILMENT
68	This example is World	They let developers create software that supports 64-bit x86 chips--important in making the new generation of chips useful.	ENTAILMENT
69	This example is World	Some spammers are getting their messages through using techniques designed to spot and stop them. A survey shows that spammers are the biggest users of a technique designed to find out if e-mail comes from the net address it says it does.	ENTAILMENT
70	This example is Sci/Tech	A number of signs point to increasing demand for tech workers, but not all the clouds have been driven away.	ENTAILMENT
71	This example is World	The entertainment giant wraps up a successful fiscal year and sets the course for consistent growth.	ENTAILMENT
72	This example is Sci/Tech	SanDisk Corp. has doubled the maximum capacities of its SanDisk miniSD and SanDisk RS-MMC memory cards to 512 megabytes. The popular cards are used in a variety of electronic 	ENTAILMENT
73	This example is Sci/Tech	One layer of the new disk is in standard DVD format, while the other layer will be in the HD DVD format. Such a combination lets film studios put a movie in DVD format on one side and, on the other, in HD DVD format.	ENTAILMENT
74	This example is Sci/Tech	One of the most respected engineering gateways on the web has just released four new databases providing free access to hundreds of online scientific and technical journals.	ENTAILMENT
75	This example is Sci/Tech	As companies ramp up open-source deployments, expertise is in high demand and short supply. The costs of developing talent can add up.	ENTAILMENT
76	This example is World	 quot;I don #39;t really have any regrets. I think I learned a lot from a lot of experiences that I dealt with over my career. There #39;s nothing for me to look back and regret.	ENTAILMENT
77	This example is World	Both campaigns have laid out plans for a barrage of visits and television advertisements in these key battlegrounds over the next 10 days.	ENTAILMENT
78	This example is World	Forbes.com - Wesley Miller was a walking medicine cabinet after undergoing triple-bypass surgery in 1994. By late 2001 he was on 16 drugs, including Lipitor for high cholesterol, Glucotrol for diabetes and three pills to lower his blood pressure. He couldn't walk from his front doorstep to the mailbox without doubling over in chest pain. At one point tests showed the blockages were back and that his arteries were too damaged to risk another operation. He thought he might die.	ENTAILMENT
79	This example is Sci/Tech	Learn a little about yourself, and it may improve your performance.	ENTAILMENT
80	This example is Sci/Tech	SAN DIEGO -- Here at the DemoMobile 2004 conference, about 40 vendors had six minutes each to demonstrate their wireless technology invention to the crowd. Some products, although amazing in description, don't translate very well on the live screen and in such a tight time constraint. Some demonstrations, however, entirely captivate the audience and leave in their wake an audible buzz of excited voices.	ENTAILMENT
81	This example is Sports	Fame is nice. Fame gets you money, women and if you just so happen to be an athlete, your name in video games. Thousands of professional and college athletes around the country participate in these video games 	ENTAILMENT
82	This example is Sci/Tech	There #39;s a balance to making a sequel to a successful video or computer game. The developer, at the very least, is expected to match the quality of the first game.	ENTAILMENT
83	This example is Sports	Reuters - Three court-appointed doctors\examined Chile's former military dictator Augusto Pinochet on\Thursday, a key step that will decide whether the 88-year-old\general will stand trial for human rights abuses.	ENTAILMENT
84	This example is Sci/Tech	The update uses stronger encryption and does a better job of letting only authorised users join wireless nets. The improvements have been made to re-assure businesses that wi-fi networks can be made safe enough to be really useful and widely deployed.	ENTAILMENT
85	This example is World	Public libraries are allowed to review and choose the books that end up on the shelves based on resources and community standards.	ENTAILMENT
86	This example is World	NewsFactor - Microsoft (Nasdaq: MSFT) will release a low-cost version of Windows for the Russian market in an attempt to combat the country's pirated software problem and growing Linux adoption.	ENTAILMENT
87	This example is World	The vendor adds features to its storage appliance to quickly bring back online storage that had been dedicated to an underused application.	ENTAILMENT
88	This example is Sci/Tech	Google has officially joined the race to come up with a way to search videos and TV shows. In addition to a search technology for Internet-based video content, Google is also working with TV and cable broadcasters 	ENTAILMENT
89	This example is World	The company reports double-digit growth in eight out of 11 business units.	ENTAILMENT
90	This example is Sci/Tech	Find.com Business Search Engine Adds Content Providers\\Find.com, a search engine for business professionals, today announced that it has signed PricewaterhouseCoopers LLC, IBISWorld, IOMA, Datamonitor, and Mintel as new premium content providers for the business search engine. Find.com was founded in June 2004 to provide a solution for business professionals in ...	ENTAILMENT
91	This example is World	Some candidates moderated their stance in light of a consensus proclaiming the election, while not problem-free, a success.	ENTAILMENT
92	This example is Sci/Tech	Nearly all of the 2,755 musicians who participated in a recent survey reported using the Internet for ideas and inspiration, with nine out of 10 going online to promote, advertise and post their music.	ENTAILMENT
93	This example is Sci/Tech	Tuesday, Microsoft (Nasdaq: MSFT) announced a strategy of bringing digital entertainment to users in the home, at the office, or on the go.	ENTAILMENT
94	This example is Sci/Tech	It lets users search for scholarly literature such as peer-reviewed papers, theses, abstracts and technical reports from resources such as academic publishers, universities, professional societies and preprint repositories.	ENTAILMENT
95	This example is World	A sudden, measurable decline in market share in any product over the course of a few months says something, even if that product is one whose producer still holds about 90 of the market in question.	ENTAILMENT
96	This example is Sci/Tech	Rebates are getting easier. Instead of making it as difficult as possible for a consumer to claim a rebate, some retailers are simplifying the process, figuring fewer hassles along the way will build customer loyalty and raise sales.	ENTAILMENT
97	This example is World	The EU is backing a project that would let viewers personalise shows and films to suit their tastes.	ENTAILMENT
98	This example is Sci/Tech	Hand-held entertainment gizmos don #39;t just play music anymore. They have morphed into general-purpose devices that display photos on full-color screens and, in some cases, even play video.	ENTAILMENT
99	This example is Sci/Tech	Some websites are now offering surfers the chance to download free  quot;phishing kits quot; containing all the graphics, web code and text required to construct the kind of bogus sites used in internet phishing scams. 	ENTAILMENT
100	This example is Sci/Tech	Killing a virus attack before it becomes damaging is something of a holy grail in today #39;s security environment. That #39;s because most viruses today are distributed through attachments to e-mail 	ENTAILMENT
101	This example is Sci/Tech	Some game makers are trying to get players to expand their horizons by reflecting on news events in games	ENTAILMENT
102	This example is Sci/Tech	Napster will be launching its own downloaded music chart on Virgin Radio at 7pm on August 29th. The chart will be compiled from the top 20 most popular tracks bought each week from Napster UK service. The chart will also include tracks that have been ...	ENTAILMENT
103	This example is Sci/Tech	Vodafone has confirmed that it will launch its 3G service in the UK in November. The announcement came hot on the heals of the operators announcement of the handsets it will be making available for the launch.	ENTAILMENT
104	This example is Sports	Description: NPR #39;s Linda Gradstein reports from the Israeli town of Sderot, a frequent target of Palestinian rocket fire from the nearby Gaza Strip.	ENTAILMENT
105	This example is Sci/Tech	After a drop off earlier this fall, more fraudulent Web sites are popping up.	ENTAILMENT
106	This example is World	In at least one of the past three years, 82 of the largest US companies paid no federal income taxes, a report released Wednesday said.	ENTAILMENT
107	This example is Sports	From digital video cameras on the sidelines to Sony PlayStation 2s in the locker room, technology is changing the way coaches and players prepare for games.	ENTAILMENT
108	This example is Sci/Tech	Logic Pro 7, the next major release of the award-winning professional music creation and audio production software, will change the way musicians and audio engineers worldwide compose, record, edit and mix music in any studio environment. In addition to more than 100 workflow enhancements, breakthrough new software instruments, new mastering plug-ins and support for Apple Loops, Logic Pro 7 also debuts distributed audio processing, a revolutionary technology which allows audio pros to tap into a virtually unlimited number of Macs to expand available Digital Signal Processing (DSP) power. Sep 29	ENTAILMENT
109	This example is Sci/Tech	Some Web sites are now offering surfers the chance to download free  quot;phishing kits quot; containing all the graphics, Web code and text required to construct the kind of bogus Web sites used in Internet phishing scams. 	ENTAILMENT
110	This example is Sports	I don #39;t know about you, but this season really doesn #39;t feel like it #39;s started yet. You just about get into the groove of a couple of matches in a row, and then some sodding international match pops up and that #39;s it - everything goes on hold for two weeks.	ENTAILMENT
111	This example is World	In this week's TravelWatch column: A small experiment in Armenia shows how easy it is to turn an urban dead zone into an appealing, living place.	ENTAILMENT
112	This example is Sci/Tech	A new report predicts that the federal market for knowledge management solutions will grow by almost one-third in the next five years to more than \$1.	ENTAILMENT
113	This example is Sci/Tech	Keeping up with newly issued patents for search-related technology can help you spot emerging trends and potentially new competitors to the existing major web search players.	ENTAILMENT
114	This example is World	AP - Internet powerhouse Yahoo Inc. has given its popular Web site a facelift to highlight some of the features that the company has been improving during the past year.	ENTAILMENT
115	This example is Business	Our favorite genre-busters will roll, creep, slither, bounce, and wriggle their way into your free time--if you give them a try.	ENTAILMENT
116	This example is World	Shipments of PDAs and similar handheld devices declined for the third consecutive quarter, according to the latest data from IDC. Third-quarter global PDA shipments fell 8.7 percent compared to the same period last year.	ENTAILMENT
117	This example is World	Five prestigious university and public libraries have reached agreement with Google Inc. to digitize millions of volumes in their collections and make portions of the text available for free 	ENTAILMENT
118	This example is Business	 quot;I think it #39;s kind of fun to play new courses, quot; she said.  quot;During the year we don #39;t get to see very many courses other than the ones we play on the tour.	ENTAILMENT
119	This example is World	Yet another security flaw reported for popular Web browser.	ENTAILMENT
120	This example is World	Two leading midmarket CRM vendors released expansions of their platforms this week, branching further into the service side of CRM.	ENTAILMENT
121	This example is Business	Despite a country's commitment to marketplace logic, some firms are simply too big and too entangled to be allowed to fold.	ENTAILMENT
122	This example is Sci/Tech	New technology can trick a caller ID box into displaying the name and phone number of an entirely different person or company than the one actually calling.	ENTAILMENT
123	This example is Sci/Tech	A stolen copy of the latest sequel in one of the top-selling video game series of all time began circulating on the Web late Wednesday, the second high-profile game theft in a week.	ENTAILMENT
124	This example is World	IBM has announced virtual resources to help its business partners accelerate the building and deployment of on-demand business applications tailored to customer requirements across all vertical industries.	ENTAILMENT
125	This example is Sci/Tech	The two new names reflect a bit of a shift in the naming structure, since they are designed for specific business or interest groups.	ENTAILMENT
126	This example is World	Universal has signed a handful of artists to a digital-only record label. Starting Tuesday, it will release songs through online services like iTunes.	ENTAILMENT
127	This example is Sci/Tech	More businesses are out to convert die-hard check writers to electronic billing by offering perks, lower interest rates or discounted prices.	ENTAILMENT
128	This example is World	Ziff Davis - Microsoft has published a list of nearly 50 software programs that require tweaking in order to work with its most recent Windows update.	ENTAILMENT
129	This example is World	One of the new drives is just 3 inches in diameter, features a retractable USB cable for easy carrying and can store 5GB of data.\	ENTAILMENT
130	This example is Sci/Tech	Nextance last week announced its Intellectual Property Optimization Suite, which enables users to manage valuable intellectual property (IP) assets and associated contractual agreements in order to more effectively optimize revenue and mitigate legal risk related to IP. Nextance's IP Optimization Suite manages the entire lifecycle of IP assets and addresses such issues as underutilized IP assets, underpaid licensing and royalty revenue, unnecessary risks related to legal compliance, and sluggish time-to-market for new solutions that increasingly depend on IP. Pricing starts at \$500,000 and ranges to over \$1,000,000 depending on the size of the organization and sophistication of the implementation.	ENTAILMENT
131	This example is Business	This WeatherBug Backyard weather station, dubbed the Wireless Vantage Pro2, streams meteorology data to a desktop.	ENTAILMENT
132	This example is World	The move will delay the reduction in reported profits for many companies, and may give them more time to lobby Congress to stop the rule from taking effect at all.	ENTAILMENT
133	This example is Sci/Tech	Microsoft said some spyware could cause computers to freeze up upon installation of the SP2 update. Microsoft recommends that users clean their PCs of spyware and back up their data before 	ENTAILMENT
134	This example is Sci/Tech	Microsoft said some spyware could cause computers to freeze up upon installation of the SP2 update. Microsoft recommends that users clean their PCs of spyware and back up their data before 	ENTAILMENT
135	This example is Business	Some of the real estate coveted most by the Internet giants isn #39;t on the Internet at all. It #39;s on your computer hard drive.	ENTAILMENT
136	This example is Sci/Tech	Credit cards issuers may face penalty from the regulators as credit cards solicitation is not as reliable as they are said. Consumers sometimes are not given the whole information about the possibly imposed 	ENTAILMENT
137	This example is Sci/Tech	NASA is planning to add a strong dose of artificial intelligence (AI) to planetary rovers to make them much more self-reliant, capable of making basic decisions during a mission. Scientists are developing very complex AI software that enables a higher level of robotic intelligence.	ENTAILMENT
138	This example is Sci/Tech	May result in unexpected behavior	ENTAILMENT
139	This example is World	NewsFactor - Orange has launched its long-awaited 3G mobile service in the UK, with the goal of signing up as many as 2 million subscribers by the end of 2006.	ENTAILMENT
140	This example is World	The libraries of some of the world's most important academic institutions are to be digitised by Google.	ENTAILMENT
141	This example is Sci/Tech	A survey shows that more workers are relying on technology to do their job while on the move.	ENTAILMENT
142	This example is Sci/Tech	\A series of X-Prizes for breakthroughs in science or technology that solve the world's greatest challenges are planned.	ENTAILMENT
143	This example is Business	Investor's Business Daily - That's the lesson Microsoft and Sun Microsystems are about to learn as they take on Linux -- and each other -- in dueling efforts to woo Wall Street techies.	ENTAILMENT
144	This example is World	The handset giant has announced an operator-brandable end-to-end content distribution system in an effort to satisfy the needs of developers, carriers and end users.	ENTAILMENT
145	This example is Sci/Tech	The latest snapshot shows an economy that has returned to a moderate economic expansion of about 3 percent. At this pace, the economy is not growing fast enough to create large numbers of jobs 	ENTAILMENT
146	This example is Business	The growth in electronic toys that sing, provide realistic sound effects and make other noises has led to yet another hazard for children, a consumer advocate group said Tuesday.	ENTAILMENT
147	This example is Sci/Tech	Its one of the oldest techniques in the book. When an issue arises, and youd rather not talk about it, give the media something else to discuss.	ENTAILMENT
148	This example is Sci/Tech	"Company lets businesses and governments obtain products at ""low lease rates"" or defer payments until January at no extra cost."	ENTAILMENT
149	This example is Sci/Tech	Electronics manufacturers are designing products that are smaller and lighter, yet offering more and more gadgets that travelers feel compelled to take with them.	ENTAILMENT
150	This example is World	Six Ways To Create a Keyword-Rich Domain Name\\An effective domain name can help to brand your site. It can also communicate to your customers the types of products you sell online. An easy to remember domain that describes your services should be the goal of every site owner. Here are ...	ENTAILMENT
151	This example is World	PayPal has launched a new promotion offering five free tracks from the iTunes Music Store. You can now use PayPal to securely and easily buy music from the massive iTunes catalogue, including lots of exclusive tracks and videos.	ENTAILMENT
152	This example is Sci/Tech	Open-source software and off-the-shelf hardware make strong showing among the best of the biggest.	ENTAILMENT
153	This example is World	Inhabitants of virtual worlds are giving the games they play real economic power, a study has found.	ENTAILMENT
154	This example is World	and two days later his company hit another milestone. It released what #39;s easily its most important product in more than nine years.	ENTAILMENT
155	This example is Sports	Reuters - Hurricane Ivan killed at least 20 people\as it laid waste to the tiny spice island of Grenada, where\looting hampered relief efforts on Wednesday as the storm swept\through the Caribbean heading northwest.	ENTAILMENT
156	This example is Sci/Tech	Symantec Wednesday said fiscal second-quarter earnings more than doubled over the previous year as the company saw growth across all of its business segments.	ENTAILMENT
157	This example is World	The company is wrestling with its third scandal in just over a year, raising questions about whether board members were doing an adequate job.	ENTAILMENT
158	This example is World	"One analyst complains that the gear maker is in a ""perpetual state of transition, constantly trying to identify where it can execute."""	ENTAILMENT
159	This example is Sci/Tech	Over the past year, spyware has become an increasing problem. Every time that you visit a web site, you must run the gauntlet of a variety of pop-up adverts, any of which can be programmed to place spyware on your computer. 	ENTAILMENT
160	This example is Sci/Tech	Reuters - Jeffrey Greenberg, chairman and chief\executive of embattled insurance broker Marsh   McLennan Cos.\, is expected to step down within hours, a newspaper\reported on Friday, citing people close to the discussions.	ENTAILMENT
161	This example is Sci/Tech	A series of X-Prizes for the scientific or technological breakthroughs that tackle the most important challenges facing humans are being planned.	ENTAILMENT
162	This example is Sci/Tech	Reuters - Russia on Thursday observed a\day of mourning for at least 89 people who died in a mysterious\double air disaster, which some fear could have been a\terrorist attack ahead of a key election in rebel Chechnya.	ENTAILMENT
163	This example is Sci/Tech	In one of the first enforcement actions of the Americans with Disabilities Act on the Internet, two major travel services have agreed to make sites more accessible to the blind and visually impaired.	ENTAILMENT
164	This example is Sci/Tech	In one of the first enforcement actions of the Americans with Disabilities Act on the Internet, two major travel services have agreed to make sites more accessible to the blind and visually impaired.	ENTAILMENT
165	This example is Sci/Tech	The Google franchise could be coming to a Web browser near you; that is, if all the recent clues add up. Evidence is growing that may support rumors that the preeminent search company plans to introduce a Google-branded Web browser down the road.	ENTAILMENT
166	This example is Sci/Tech	A graphics card or video card is a component of a computer which is designed to convert a logical representation of an image stored in memory to a signal that can be used as input for a display medium.	ENTAILMENT
167	This example is Sci/Tech	Sometimes, when you're living through an event, you can be too close to what's happening to realize the magnitude of it.	ENTAILMENT
168	This example is Sports	You can strap it around your arms or wind it around your neck while on your morning jog. And while you jog, you can listen to songs, download and store your personal CD albums directly, listen to FM radio 	ENTAILMENT
169	This example is Sci/Tech	Sony said yesterday that it has built a desktop computer with 1 TB of data storage and seven analog television tuners. The PC will be able to record a week #39;s worth of programming on six channels at the same time.	ENTAILMENT
170	This example is Sci/Tech	With downloadable books and information portals, the new reading room is anywhere and everywhere.	ENTAILMENT
171	This example is World	Description: NPR #39;s John Ydstie talks with John Allen, Vatican correspondent for The National Catholic Reporter, about Sunday #39;s beatification ceremony for five new Catholic saints.	ENTAILMENT
172	This example is Sports	Reuters - Investigators are closely scrutinizing\the role of major international banks in the meltdown of\Parmalat, the scandal-ridden dairy group based in Italy, the\Wall Street Journal reported on Tuesday.	ENTAILMENT
173	This example is Business	NewsFactor - Over the course of this series, CRM Daily is looking at areas that tend to develop into financial black holes for companies launching or updating a CRM project.	ENTAILMENT
174	This example is Sci/Tech	Students have developed a web-based tool which can automatically spot and update broken weblinks.	ENTAILMENT
175	This example is Sci/Tech	Shopping search engines make it easy for people to research and buy products. They can also be a powerful and cost-effective customer acquisition channel for merchants.	ENTAILMENT
176	This example is Sci/Tech	Universal said HD DVD can deliver enhanced picture and sound quality, greater storage capacity and increased interactivity. An additional benefit is backwards compatibility, allowing existing 	ENTAILMENT
177	This example is Sci/Tech	Interactive exhibits have been a mainstay in museums for more than three decades. In recent years museums have become more creative about the way they introduce technology into their exhibits.	ENTAILMENT
178	This example is Sci/Tech	Microsoft Corp. has published a list of nearly 50 applications and games that may not work correctly after installing Service Pack 2 (SP2) for Windows XP.	ENTAILMENT
179	This example is Sci/Tech	Companies expand security alliance to help businesses keep worms and viruses from getting onto networks.	ENTAILMENT
180	This example is World	Enterprises that in the past may have been leery of open source alternatives to commercial software have opened up to the concept, panelists said on Tuesday at an SDForum conference entitled  quot;Open Source - Entering the Mainstream.	ENTAILMENT
181	This example is World	The Walt Disney Company and its home video division, Buena Vista Home Entertainment, said yesterday that they would release films in the next-generation high-definition DVD format being developed 	ENTAILMENT
182	This example is World	For those U.S. residents still unsure which presidential candidate to vote for -- and there appear to be quite a few who can't make up their minds less than a week before the election -- there's a new Web-based tool that can help voters match their positions to those of the major presidential candidates.	ENTAILMENT
183	This example is World	IBM said that it saw 997 Internet attacks in September directed at networks that the company monitors, a 27 percent increase from July and August.	ENTAILMENT
184	This example is Sci/Tech	Short for high definition-DVD, a generic term for the technology of recording high-definition video on a DVD. In general, HD-DVD is capable of storing between two and four times as much data as standard DVD.	ENTAILMENT
185	This example is World	As local kids make their holiday lists, parents might want to check them twice for potentially dangerous toys. Consumer advocates yesterday released a list of 61 toys they contend have deficient labeling or hazardous parts.	ENTAILMENT
186	This example is Sci/Tech	Some voters say machines indicated they had voted for a different candidate.	ENTAILMENT
187	This example is Sports	The super-rodents can run farther and about an hour longer than average mice. The new rodents also appear to resist weight gain in the complete absence of exerciseeven when fed a high-fat diet that led normal mice to become obese.	ENTAILMENT
188	This example is World	Updated chat client allows users to send more personalized messages.	ENTAILMENT
189	This example is Business	Frank #39;s Nursery and Crafts announced today it will close all 169 of its stores later this year, including three here in Toledo.	ENTAILMENT
190	This example is Sci/Tech	Cisco Systems has agreed to buy software developer P-Cube in a cash-and-options deal Cisco valued at \$200m (110m). P-Cube makes software to help service providers analyse and control network traffic.	ENTAILMENT
191	This example is Sci/Tech	Many PC makers have a list of drivers and other patches that should be in place before installing the OS update.\	ENTAILMENT
192	This example is Sci/Tech	Researchers claim to have solved the mystery of the people who simply do not count. It could be because they are lost for words. 	ENTAILMENT
193	This example is Sci/Tech	The merger is another step in the consolidation of the information technology industry as it matures.	ENTAILMENT
194	This example is Sci/Tech	Tired of combing the Net for the right tech job? A start-up says its program can do it--and better than online job boards.	ENTAILMENT
195	This example is Sci/Tech	Tired of combing the Net for the right tech job? A start-up says its program can do it--and better than online job boards.	ENTAILMENT
196	This example is Sci/Tech	Google is launching a new service to make books and other printed materials searchable online, the Internet search engine company said Wednesday.	ENTAILMENT
197	This example is Business	EBay has given notice that from now on, racially offensive terms may be used only if they are part of a book, movie or other product title.	ENTAILMENT
198	This example is Sci/Tech	Students design mobile data-access system for health-care workers.	ENTAILMENT
199	This example is Sci/Tech	SAP AG unveils a service that evaluates security settings across a customer #39;s SAP enterprise system. SAP AG on Wednesday unveiled a service that evaluates security settings across a customer #39;s SAP enterprise system.	ENTAILMENT
200	This example is World	Revamped website signals desire for broader customer base	ENTAILMENT
201	This example is Sci/Tech	The rate at which personal computers are being hijacked by hackers rocketed in the first half of 2004, reveals a new report. An average of 30,000 computers per day were turned into enslaved zombies, compared with just 2000 per day in 2003.	ENTAILMENT
202	This example is Sci/Tech	Online store will continue to offer certain songs at low prices, company says.	ENTAILMENT
203	This example is Sci/Tech	For some phones infected by the Trojan, the only real fix is a hard reset, which wipes all user data from the device. 	ENTAILMENT
204	This example is Business	Violations appears to be commonplace, even though professionals agree it is risky.	ENTAILMENT
205	This example is World	NewsFactor - Sony (NYSE: SNE) has introduced its first MP3-based flash-memory digital music players under the Walkman brand in an effort to capture a share of the portable digital music player market currently dominated by Apple's (Nasdaq: AAPL) iPod device.	ENTAILMENT
206	This example is Sci/Tech	It #39;s almost the end of the semester and many male students are turning to video games, instead of the Internet, to relieve some much built-up stress.	ENTAILMENT
207	This example is World	"The BBC is to close some websites and invest in those that add ""sufficient public value""."	ENTAILMENT
208	This example is Sci/Tech	Microsoft Corp. released 10 security fixes for various products Tuesday, including seven that fix flaws the company said pose the highest threat to users.	ENTAILMENT
209	This example is Sci/Tech	Sometimes, the part-time jobs can lead to permanent positions. But for many seasonal workers, the job simply means income and nice discounts at a time of year when many people want the extra cash.	ENTAILMENT
210	This example is Business	When people talk about sports at the University of Connecticut, the subject most likely is basketball. Men's or women's, it really doesn't matter, since both teams won the national championship last season. But there's another sport on campus that, although it doesn't grab as many headlines, is just as well respected in its circles.	ENTAILMENT
211	This example is Sports	MOSCOW (AFP) - Russia #39;s embattled Yukos oil giant faced additional tax claims after authorities said the firm was suspected of underpaying 6.7 billion dollars for 2002, Interfax reported.	ENTAILMENT
212	This example is Business	Blogs are increasingly popular, and can have a dramatic effect on search engine positioning. How can you best take advantage of this new search marketing channel?	ENTAILMENT
213	This example is Sci/Tech	Scientists say they have developed a non-invasive, brain-computer interface that enables a person to move a cursor across a computer screen just by thinking about it.	ENTAILMENT
214	This example is Sci/Tech	Canadian Press - MOSCOW (AP) - The nascent petroleum division of natural gas giant Gazprom will bid for the crown jewels of the battered Yukos oil empire, its chief said Tuesday - a widely anticipated move that could put the heart of the company jailed billionaire Mikhail Khodorkovsky created in Kremlin-friendly hands.	ENTAILMENT
215	This example is Sports	A cable channel plans to resurrect each of the 1,230 regular-season games listed on the league's defunct 2004-2005 schedule by setting them in motion on a video game console.	ENTAILMENT
216	This example is Sci/Tech	With the Internet revolution now a decade old, fear no longer grips companies contemplating moving their systems to the Web. More companies are turning to so-called Web Services these days to help migrate 	ENTAILMENT
217	This example is Sci/Tech	MANHASSET, NY - Proponents of HD-DVD gained an ally Monday (Nov. 29), as film studio Universal Pictures announced it has adopted the format, with select titles available to consumers during the 2005 holiday season.	ENTAILMENT
218	This example is World	Microsoft has published a list of nearly 50 applications -- including developer and backup tools, antivirus software and an FTP client -- that may not work correctly after installing Service Pack 2 for Windows XP.	ENTAILMENT
219	This example is Business	When a company's management wastes free cash to cover up for previous mistakes, look out.	ENTAILMENT
220	This example is Business	Microsoft #39;s widely anticipated search engine, which launched in test mode yesterday, encountered some glitches on its first day.	ENTAILMENT
221	This example is Sci/Tech	The fastest type of computer. Supercomputers are very expensive and are employed for specialized applications that require immense amounts of mathematical calculations.	ENTAILMENT
222	This example is Sports	DARFUR, November 5 (IslamOnline.net  amp; News Agencies) - The Darfur talks in Abuja, Nigeria, were stalled Friday, November 5, over a security deal proposed by the African Union (AU), amid reports the situation in the western Sudanese region is heading 	ENTAILMENT
223	This example is World	EBay dropoff stores, which list, package and ship eBay items for people who prefer not to do it themselves, have gotten a little help in their quest to find a market - from eBay itself.	ENTAILMENT
224	This example is Sci/Tech	Microsoft Releases 10 Security Patches for Windows, Excel, and IE\\If you use Microsoft Windows, Excel, or their Internet Explorer browser you better watch out, because there are some large security holes that need patching. Microsoft on Tuesday published 10 software security advisories, warning Windows users and corporate administrators of 22 ...	ENTAILMENT
225	This example is Business	Ask anyone who knows Andre Agassi and they will tell you that the bald but brilliant former champion is an awfully nice chap. But there are times when Agassi can be positively nasty; cruel even.	ENTAILMENT
226	This example is Sci/Tech	It has never bothered me that I have been the only person I know who loves my eMachines computers. The computers are inexpensive and they are more than adequate for my word processing 	ENTAILMENT
227	This example is World	Visual Studio 2005 Team System will try to include features that make it more likely that what the developers know in their hearts also is visible to managers.	ENTAILMENT
228	This example is World	Playlist reviews a multitude of choices in different categories to help you get the most out of your iPod.	ENTAILMENT
229	This example is Sci/Tech	Dell is both profitable and well regarded, thanks to its habit of delivering serviceable but unexciting products at good prices and supporting them well enough to keep buyers coming back.	ENTAILMENT
230	This example is World	The electoral college has produced controversial decisions six times in the history of the United States.      Such election results produce calls for changes to     the Constitution.  Amending the Constitution is     a difficult and complicated process. Only 27 Amendments have passed in over     200 years.     Here are some changes that can be made to the system without amending the Constitution.	ENTAILMENT
231	This example is Business	Making Informed Search Keyword Choices\\Marketers stake much of their livelihood on keywords, whether for proper search engine optimization or targeted pay-per-click advertising. One challenge faced by inexperienced marketers involves knowing which phrases to target out of hundreds of combinations.\\Often, one will find terms which look good, but later testing reveals ...	ENTAILMENT
232	This example is Business	Despite objections from hospitals and the medical profession, doctors are prescribing placebos for all kinds of ailments.	ENTAILMENT
233	This example is Sports	Decades before I could definitively identify the business end of a golf stick, I was a baseball player. Decades before I could definitively identify the business end of a golf stick, I was a baseball player.	ENTAILMENT
234	This example is Sci/Tech	Personal computers have rapidly turned into storage vaults for digital music, photos and videos. Now, computer-industry companies are rolling out new ways to let that content roam through the house.	ENTAILMENT
235	This example is Business	Users are finding lots of inventive ways to lose precious files, say data recovery experts.	ENTAILMENT
236	This example is Sci/Tech	Its new software lets PC administrators create policy controls specifying how long a user will have access to the operating system and applications, what peripherals can connect to the environment, and more.	ENTAILMENT
237	This example is Sci/Tech	IBM Corp. said Monday it will release as open source code some of its software for speech-enabling applications. The move is intended to spur development in the field and outflank rivals by making IBM's free technology the industry standard.	ENTAILMENT
238	This example is World	The move is expected to dampen prospects for a long list of companies that have focused on taking advantage of the Chinese market.	ENTAILMENT
239	This example is Sports	For many coaches, their last home game after 41 years on the job would be an emotionally charged event that becomes bigger than the game.	ENTAILMENT
240	This example is Sci/Tech	Despite warnings that interest rates would climb sharply, some risk-averse investors stuck with the bond market in 2004.	ENTAILMENT
241	This example is Sci/Tech	If one of your New Year's resolutions is to finally learn how to play an instrument, technology increasingly can help you get started.	ENTAILMENT
242	This example is Sports	AFP - Holger Apfel cuts a clean look in his Miami Vice-style white suit and black T-shirt and is the new image of a German far-right that is likely to cause an upset in Sunday's state elections.	ENTAILMENT
243	This example is World	NewsFactor - Bowing to the influence of wireless operators and handset makers, Opera Software will deliver its revolutionary \smartphone browser to the\Microsoft Windows Mobile operating system.	ENTAILMENT
244	This example is Business	Russian steel giant OAO Severstal on Tuesday made a formal takeover offer for Canadian #39;s insolvent Stelco Inc. which is in the midst of bankruptcy protection.	ENTAILMENT
245	This example is Sci/Tech	Products give business people and programmers a shared language that helps them implement changes quickly.	ENTAILMENT
246	This example is Sports	Less than a year after walking away with the three top prizes, England have failed to receive a single nomination in any of the major categories for the annual International Rugby Board awards.	ENTAILMENT
247	This example is Sci/Tech	Nintendo has played down the threat from Sony, saying that Nintendo #39;s strength lies in software and the ability to make games that are easy and fun.	ENTAILMENT
248	This example is Sports	One thing to remember about the playoffs is that it isn #39;t always the best team that wins, but the team that plays the best in October.	ENTAILMENT
249	This example is Sports	WASHINGTON -- In an exercise that #39;s become as much a Thanksgiving tradition as turkey and football, the federal government and private interest groups yesterday released lists of dangerous toys and graphic video games they say should be avoided by young 	ENTAILMENT
250	This example is Sci/Tech	Since September 8th and 9th, the twin Mars rovers have been taking a well-deserved break, while the Sun-Earth line clears again for communication directly to Mars. While this conjunction may temporarily halt their wheels in the sand, other science tasks have kicked off under autonomous control.	ENTAILMENT
251	This example is Sci/Tech	Attendees at Gartner's annual data center conference said their packaged applications have to be tested on servers equipped with virtualization software before they can adopt the technology. But some vendors may not have the wherewithal to do the testing.	ENTAILMENT
252	This example is Sports	Olympics: Despite doubts and fears that the facilities would not be ready in time and drugs scandals before the Games had even started, we have witnessed a memorable Olympics for all the right reasons.	ENTAILMENT
253	This example is Sports	Reuters - A strong earthquake of magnitude 6.6\hit Manila in the Philippines overnight, the U.S. Geological\Survey's earthquake center in Golden, Colorado reported on\Friday.	ENTAILMENT
254	This example is Business	Google Responds to Google News China Controversy\\Recently Google, in the own words, explained their position on operating in China and their censorship of certain news stories on the Chinese version of Google News. Google News has also been looked into in the United States because of political bias reports. Some ...	ENTAILMENT
255	This example is Sci/Tech	A screensaver that uses idle computing power to identify the sites of spammers and forward data traffic to them has been too successful, according to reports, generating so much traffic that the sites are being forced off-line.	ENTAILMENT
256	This example is Sports	New research suggests that developing the ability to run - long thought to be a byproduct of walking for early man - was actually an instrumental step in the evolution of people 	ENTAILMENT
257	This example is World	A new study finds that technologies already exist to solve the problem of global warming. It says strategies employing these technologies over the next fifty years could put the brakes on rising levels of 	ENTAILMENT
258	This example is Sci/Tech	The area's mix of retail tenants is changing from mom-and-pop shops to a blend of well-known chains.	ENTAILMENT
259	This example is Sports	Reuters - New satellite images show Iran's\Parchin military complex, southeast of Tehran, may be a site\for research, testing and production of nuclear weapons, a\nuclear expert said on Wednesday.	ENTAILMENT
260	This example is Sports	"AP - They offered ticket packages that were more family friendly. They cut prices at the concession stands for some games. Heck, they even had a ""Disco Night."""	ENTAILMENT
261	This example is Business	Reuters - The crisis in Sudan's Darfur region,\where more than a million people have fled their homes to\escape violence, will worsen and the death toll could hit\300,000 this year, a senior U.S. official said on Monday.	ENTAILMENT
262	This example is Business	&lt;p&gt;\&lt;/p&gt;&lt;p&gt; LOS ANGELES (Reuters) - Sales of video games rose about 11\percent in the United States in November, analysts said on\Friday, with two key titles responsible for almost 30 percent\of all games sold in the month.&lt;/p&gt;	ENTAILMENT
263	This example is Sci/Tech	Open-source software is starting to expand into the big-ticket infrastructure-software market dominated by Microsoft and others.	ENTAILMENT
264	This example is Sports	On his first birthday Thursday, giant panda cub Mei Sheng delighted visitors by playing for the first time in snow delivered to him at the San Diego Zoo. The cub has become quite a little celebrity since his birth a year ago. He is only the second panda born in the United States to survive to his first birthday.	ENTAILMENT
265	This example is Sports	Teenagers tend to like instant messaging, TV watching, net surfing, music listening, and shopping, so an Austin, Texas, company has decided to package digital features coveted by teenagers in a PC targeted specifically at teenaged ...	ENTAILMENT
266	This example is Sci/Tech	Company launches free test version of service that fosters popular Internet activity.	ENTAILMENT
267	This example is Sci/Tech	In late August Aspyr Media Inc. and Wideload Games first announced plans to collaborate on a new game release. On Thursday Aspyr and Wideload Games offered the first details about the game, including platform information and a release schedule.	ENTAILMENT
268	This example is Sci/Tech	A report on advertising spending showed strong growth across most media in the first nine months of the year, with Internet advertising increasing the most.	ENTAILMENT
269	This example is Sci/Tech	NEW YORK  Just when it seemed that reality television was set to take over the dial, scripted shows have come roaring back - at least for now.	ENTAILMENT
270	This example is Sci/Tech	"Scientific tests on a range of traditional remedies have shown they have ""real benefits"", researchers say."	ENTAILMENT
271	This example is Business	Canadian Press - MONTREAL (CP) - The governing federal Liberals recently had the support of 40 per cent of Canadians, a shade above the popular vote they scored in last June's election, suggests a recent opinion poll.	ENTAILMENT
272	This example is Sci/Tech	Even though tax money pays for voting machines, the three companies that certify the nation's voting technologies operate in secret. The reason? Their contracts with the voting machine makers specify secrecy.	ENTAILMENT
273	This example is World	AOL Places Classified Listings in Search Engine Results\\Although AOL has yet to launch their AOL InStore into their search engine results, according to AuctionBytes, AOL is now testing the inclusion of AOL Classified Ads into their normal Google powered search listings. The classified listings are now being tested in AOL ...	ENTAILMENT
274	This example is Sci/Tech	Whether it's the latest miracle ab exerciser, a get-rich-quick scheme or a weight-loss supplement, many of those call-now-and-order products hyped on infomercials and TV shopping networks are nothing more than tacky junk. Separating the rip-offs from the useful gadgets isn't always easy.	ENTAILMENT
275	This example is Sci/Tech	The WB Network has begun previewing its television shows over the Internet, hoping to reach more viewers more quickly, especially during the busy fall season.	ENTAILMENT
276	This example is Sci/Tech	Despite well-publicized wins by piracy foes, illegal digital music and movie trading continues to flourish in underground havens.	ENTAILMENT
277	This example is Sci/Tech	Analysts speculate that company is a possible target to be acquired and that big operational changes are in store for the 16,557-person technology consulting firm.	ENTAILMENT
278	This example is World	The tools are aimed at giving developers succinct representations of various Web applications, using detailed graphics that represent software components and helping developers to build better 	ENTAILMENT
279	This example is World	In some instances, this privacy software may tell you that you're protected when you aren't.	ENTAILMENT
280	This example is Sci/Tech	Reuters - Christopher Lee says he\does not own a computer or a mobile phone. But that hasn't\prevented the veteran British actor from starring in some of\the most successful and accomplished marriages of narrative and\computer-generated artistry that ever entertained an audience.	ENTAILMENT
281	This example is Sci/Tech	Three major recording companies have agreed to make their music available to be shared and sold over a new online file-swapping service.	ENTAILMENT
282	This example is Business	Software application is intended to help the visually impaired make full use of their cell phones.\	ENTAILMENT
283	This example is Business	The move concentrates one of the company's four major business lines in the city and seeks to reassure Massachusetts officials that it is committed to the Northeast.	ENTAILMENT
284	This example is Sci/Tech	Researchers find that net users are not as secure as they think. Among surveyed adults who believed they were safe from online threats, most had spyware running on their home computers and few had firewall protection.	ENTAILMENT
285	This example is Business	Women #39;s discount clothing retailer Dress Barn Inc. said Wednesday that first-quarter earnings declined due to weak fall merchandise sales as a result of warmer weather and hurricanes that affected stores in the southeastern United States.	ENTAILMENT
286	This example is Sci/Tech	As the major players in Web search duke it out, a growing number of startups are embracing a different way of retrieving and sorting search results.	ENTAILMENT
287	This example is World	Earlier Wednesday, Google cut the range of its IPO price to \$85-\$95 per share from \$108-\$135 per share and the number of shares that will be sold from 25.7 million to 19.6 million. The cuts mean Google could raise about \$1.8 billion in ...	ENTAILMENT
288	This example is Sci/Tech	The new tool automatically records all on-screen activity on a user's PC, for playback later as an interactive demonstration, among other uses.	ENTAILMENT
289	This example is World	The Treo allows users to dial contacts by name from a contacts list or enter a name or number on the improved backlit Qwerty keyboard or on-screen dial pad.	ENTAILMENT
290	This example is World	Adobe and Yahoo share a common vision of the ways they can provide services that enable consumers to leverage the Internet, says Shantanu Narayen, executive vice president of worldwide products at Adobe.	ENTAILMENT
291	This example is Sports	Reuters - Temperatures in the crater of Mount St.\Helens have risen above 1,000 degrees Fahrenheit in recent days\as lava nears the surface but there is no danger of an imminent\eruption, government geologists said on Tuesday.	ENTAILMENT
292	This example is World	Free application creates topic folders on your PC and fills them with the files it finds.	ENTAILMENT
293	This example is Sports	Reuters - Hurricane Ivan killed at least 20 people\as it laid waste to the tiny spice island of Grenada, officials\said on Wednesday as the storm swept through the Caribbean\heading west.	ENTAILMENT
294	This example is Sci/Tech	Evans led a team that developed a new class of mainframe computers that allowed different applications to be run simultaneously.	ENTAILMENT
295	This example is Sci/Tech	Evans led a team that developed a new class of mainframe computers that allowed different applications to be run simultaneously.	ENTAILMENT
296	This example is Sci/Tech	Microsoft #39;s Hotmail and Yahoo have promised to boost storage limits for their free e-mail services, but for many users, the upgrades haven #39;t been delivered.	ENTAILMENT
297	This example is World	NewsFactor - AudioFeast, a two-year-old start-up company based in Mountain View, California, has launched what it claims is the first Internet radio service for portable \MP3 players.	ENTAILMENT
298	This example is Sci/Tech	Companies will offer a service that authenticates movies, music, and games.	ENTAILMENT
299	This example is Sports	Put on the hard hats, get the electricity flowing, and prepare to watch two games that have been works in progress for a while.	ENTAILMENT
300	This example is Sci/Tech	Google Inc. is improving on the discussions its popular Web site hosts, hoping the upgrades will spur more online banter and make its market-leading search engine a richer destination.	ENTAILMENT
301	This example is Sci/Tech	A security researcher has uncovered yet another set of security flaws in an image component, which could put Linux users at risk of system compromise if they view a maliciously crafted image.	ENTAILMENT
302	This example is Sci/Tech	Company offers higher-end equipment and new expertise for selling complicated combinations of products.	ENTAILMENT
303	This example is World	Tokyo, December 8: Toshiba Corp and a Japanese disc maker said on Tuesday they had developed a disc that can store content in both conventional and high-definition DVD formats, in a move they hope will strengthen their hand in a battle for the next 	ENTAILMENT
304	This example is World	One of the primary goals of modern society is to enhance a worldwide commitment to democracy. With so many national differences concerning preferred electoral processes, it helps to have a general definition of a democratic government.	ENTAILMENT
305	This example is World	Reciprocal Links Are Not Evil\\I will repeat, reciprocal links are not evil. All this discussion in the forums about how people only want one-way links because they heard reciprocal links are bad and can get you kicked out of the search engines is taken way out of proportion. One example ...	ENTAILMENT
306	This example is World	MicrosoftWatch: The Redmond software firm is set to make available more of its code under an open-source license on Tuesday. Microsoft is preparing to release a third piece of code under an open-source license 	ENTAILMENT
307	This example is World	Young people are increasingly happy to buy pirated goods or illegal download content from the net, a survey shows.	ENTAILMENT
308	This example is World	A trio of newly discovered worlds are much smaller than any other planets previously discovered outside of the solar system.	ENTAILMENT
309	This example is Sports	Canadian Press - ABUJA, Nigeria (AP) - Plainclothes police detained a prominent Nigerian labour leader Saturday, bundling him into a car at an airport in an apparent effort to stop a threatened countrywide strike by oil-industry workers in Africa's largest petroleum exporter, his union said.	ENTAILMENT
310	This example is Sci/Tech	It may be missing a few features, but the OS will be worth the upgrade, Microsoft says.	ENTAILMENT
311	This example is World	Worries about how well SP2 will work with existing software, combined with concerns about possible security vulnerabilities, have led many corporates to hold back from installing the security update.	ENTAILMENT
312	This example is Sports	Wherever he has gone, the trainer Todd Pletcher has had no problem winning races or earning money. He has established records for the most victories at meets at 	ENTAILMENT
313	This example is Sci/Tech	Recent months have been terrible for Internet Explorer. Their have been tons of bug and security flaw reported. So much so, many security agencies have started recommending people who surf online to shift to alternate browsers.	ENTAILMENT
314	This example is World	Responding to a scourge of online fraud and identity theft that threatens to undermine public confidence in Internet commerce, major companies are rolling out new services to encourage the adoption of better technology to identify customers, business partners, and employees online.	ENTAILMENT
315	This example is Sci/Tech	Says improved search capabilities will return results an average of 10 times faster than before.	ENTAILMENT
316	This example is Sci/Tech	US researchers show that a computer can be controlled by the brain without the need for implants.	ENTAILMENT
317	This example is Sci/Tech	Despite new federal and state laws aimed at spamming, theft or fraud while using computers, hackers continue to prowl the Internet perpetrating scams and outright theft.	ENTAILMENT
318	This example is Sci/Tech	Early this month, several Web sites began offering software promising ringtones and screensavers for certain cell phones. But those who downloaded the software 	ENTAILMENT
319	This example is Sci/Tech	When you want to switch from one open application to another, you don #146;t have to move your cursor down to the Dock. Your hands don #146;t even have to leave the keyboard. Read this week #146;s tip to learn how you can use simple keystrokes to switch quickly between open apps. Dec 07	ENTAILMENT
320	This example is World	Microsoft Corp. is investigating yet another critical flaw in one of its products, this time in two versions of its popular word processing software, Microsoft Word 2000 and Word 2002.	ENTAILMENT
321	This example is Sci/Tech	High-quality, affordable TV on mobiles could be just what 3G operators are looking for, say researchers.	ENTAILMENT
322	This example is Sports	As a writer, I am certainly appreciative of the fact that fighters are not crude, monosyllabic imbeciles. Indeed, the volume, quality and variety of their articulated expressions 	ENTAILMENT
323	This example is Sci/Tech	Iron Mountain moved further into the backup and recovery space Tuesday with the acquisition of Connected Corp. for \$117 million. Connected backs up desktop data for more than 600 corporations, with more than 	ENTAILMENT
324	This example is Sci/Tech	NewsFactor - Over the last several weeks, NewsFactor has looked at ten of the market's best-known and most sought-after business computers. Each has its strengths and weaknesses. The difficult part is finding the one that strikes the best balance between merits and flaws.	ENTAILMENT
325	This example is Sci/Tech	PeopleSoft unveiled a new incentive program on Wednesday offering customers free upgrade assistance and a credit toward new purchases, an initiative the company hopes will spark sales and encourage customers to move to its latest releases.	ENTAILMENT
326	This example is World	RFID data is vulnerable under certain circumstances, but tougher standards have been developed to protect information stored on RFID chips and to prevent hackers from using sensitive data stored there in malicious exploits.	ENTAILMENT
327	This example is Sci/Tech	To tune in, turn off that TV and head outside about 8:45 tonight, because the best show of the evening is going to be hanging in the sky.	ENTAILMENT
328	This example is World	A nationwide inspection shows Internet users are not as safe online as they believe. The inspections found most consumers have no firewall protection, outdated antivirus software and dozens of spyware programs secretly running on their computers.	ENTAILMENT
329	This example is Sports	ORLANDO, Fla. -- Attendance at North America #39;s 50 most popular theme and amusement parks jumped almost 4 percent in 2004, the first overall increase since the 2001 terrorist attacks slowed the US travel and tourism industry.	ENTAILMENT
330	This example is Sci/Tech	NEW YORK - These days, technology providers take nothing for granted, especially their customers: There are plenty of stories of providers going to extraordinary lengths to win and keep customers.	ENTAILMENT
331	This example is Sports	Three weeks does not a season make, but it's enough of an indicator to form opinions strong enough to put into motion.	ENTAILMENT
332	This example is Sci/Tech	Canadian Press - SANTIAGO, Chile (CP) - Canada hopes to nail down a free-trade treaty with South Korea that could offer major inroads into the booming Asian market, Prime Minister Paul Martin said Friday.	ENTAILMENT
333	This example is Sci/Tech	FOOD - where would we be without it? A lot of businesses have made a lot of money from one of lifes few essentials by providing answers to the question of how much we can afford to pay for food, and the 	ENTAILMENT
334	This example is World	Some home printers produce photos that are cheaper and better quality than the High Street, tests show.	ENTAILMENT
335	This example is World	The great debate over the impact of Oracle's hostile takeover of PeopleSoft has all the big industry analyst organizations weighing in. However, in most of the analysis one group's opinion seems to have been overlooked: that of PeopleSoft users.	ENTAILMENT
336	This example is Sci/Tech	NewsFactor - U.S. music-downloading service Napster has launched a preview version of its Napster To Go portable music service, which incorporates \Microsoft's (Nasdaq: MSFT) latest digital-rights management software, Janus.	ENTAILMENT
337	This example is Business	The market may have been relieved over the resolution of the presidential race, but investors should be careful about rushing into sectors they think might do well in the second Bush administration: All may not be as it seems.	ENTAILMENT
338	This example is Sci/Tech	The first two days at the CTIA Wireless IT  amp; Entertainment Show in San Francisco this week resonated with exciting industry announcements that some attendees say hasnt been seen in previous years.	ENTAILMENT
339	This example is Sci/Tech	The wireless-enabled systems target all levels of businesses; at least one model is designed to handle intense graphic presentations. \	ENTAILMENT
340	This example is Business	For all their electronic sophistication, fingerprint scanners have a major shortcoming. So some new models are going beyond skin deep.	ENTAILMENT
341	This example is Sci/Tech	Traditional antivirus technology may be too slow to protect users, researchers say.	ENTAILMENT
342	This example is Sports	 LONDON (Reuters) - Video game and mobile phone companies  are set to make money this year as customers use phones to zap  space invaders or sink game-winning golf putts, pushing the  mobile gaming market over \$1 billion, a study said.	ENTAILMENT
343	This example is Sci/Tech	The breakthrough was made accidentally by Professor Sir Alec Jeffreys at the city #39;s university on 10 September 1984. Since then, the technique has been used to trap criminals, identify victims of war, settle 	ENTAILMENT
344	This example is World	The company impresses the Street with strong earnings, an optimistic outlook, and a toehold abroad.	ENTAILMENT
345	This example is Sci/Tech	More than half of all US residential Internet users reached the Web via fast broadband connections in July, outpacing use of slower, dial-up connections for the first time 	ENTAILMENT
346	This example is World	Windows XP Service Pack 2 promises to raise the security bar for the sometimes beleaguered operating system. Unfortunately, one of the new features could be spoofed so that it reports misleading information 	ENTAILMENT
347	This example is World	Reuters - Iraq's interim prime minister Iyad\Allawi has held private meetings with Iraqi insurgents in an\effort to persuade them to accept a government amnesty offer,\The Washington Post reported on Sunday.	ENTAILMENT
348	This example is Sci/Tech	Less than 25 of old computers sold or given away by companies have had data removed, a survey suggests. 	ENTAILMENT
349	This example is Sports	Reuters - Kiruna, a mining town in north\Sweden, has been invaded by thousands of rats thought to have\crossed the border from Norway with garbage shipments for the\local recycling center, officials said Tuesday.	ENTAILMENT
350	This example is World	A campaign by anti-spam groups has persuaded a large US net service provider to ban spammers using its network.	ENTAILMENT
351	This example is Sports	A new study finds fathers who are interested in their daughters' activities -- whether traditionally masculine pursuits such as sports or traditionally feminine ones such as music -- increase the chances that the girls will stay involved with those activities.	ENTAILMENT
352	This example is Sci/Tech	IT professionals can expect a moderate increase in starting salary, a staffing firm says.	ENTAILMENT
353	This example is Sci/Tech	IT professionals can expect a moderate increase in starting salary, a staffing firm says.	ENTAILMENT
354	This example is Sci/Tech	 LOS ANGELES (Reuters) - Nearly half of video game players  watched less television last year or plan to cut their viewing  time this year, according to a report issued on Thursday that  lends credence to industry fears that young men are switching  off the tube.	ENTAILMENT
355	This example is World	New report shows commitment by 85 countries to end the practice - but enforcement still lags.	ENTAILMENT
356	This example is World	Asia's surging economic growth is helping to cut the region's poverty levels, but some areas are lagging behind, a report says.	ENTAILMENT
357	This example is World	Apples iTunes online music store is one of the largest music stores currently with over one million downloads thus far. The company has launched its online stores subsidiaries in 14 countries including 	ENTAILMENT
358	This example is World	NEW YORK - A sudden, measurable decline in market share in any product over the course of a few months says something, even if that product is one whose producer still holds about 90 of the market in question.	ENTAILMENT
359	This example is World	Among other changes, the software giant has established a Web site designed to make it easier to understand what the program's rules are.	ENTAILMENT
360	This example is Sports	Reuters - Diplomats who visited the scene of a\mysterious explosion in North Korea said the site was a\hydroelectric construction project, and one envoy said more\blasts were planned, Kyodo news agency reported.	ENTAILMENT
361	This example is Sci/Tech	While many high-tech firms scored well in a new study of how they treat customers online, more than a third of the surveyed companies still share personal data without permission.	ENTAILMENT
362	This example is Sports	The cover of the official game program, being hawked by vendors for several blocks around Lincoln Financial Field here on Monday night, seemed to augur what was about to 	ENTAILMENT
363	This example is Sci/Tech	The company has come up with some on-demand advertising. Will it woo viewers?	ENTAILMENT
364	This example is Sci/Tech	Voice over Internet Protocol (VoIP) is one benefit of the convergence between data and telecommunications. Companies today are seeing the value of transporting voice over IP networks to reduce telephone and 	ENTAILMENT
365	This example is Sci/Tech	A look ahead at issues and events likely to make headlines in the coming year.	ENTAILMENT
366	This example is Sci/Tech	Effort is part of industrywide movement to bring the brighter, energy-efficient screens to the mass market.	ENTAILMENT
367	This example is Sports	Canadian Press - SHANGHAI (AP) - Thousands of retired textile factory workers in an eastern Chinese industrial centre blocked traffic in a weekend protest over the failure of their pensions to keep pace with rising prices, officials and labour advocates said Monday.	ENTAILMENT
368	This example is Sci/Tech	Amateur historians and academics can take advantage of a wealth of archived data on the web.	ENTAILMENT
369	This example is World	Apollo Group is hoping that it can continue to earn the grade in a sector that was once hot for teacher.	ENTAILMENT
370	This example is Business	Businesses don #39;t have to dump Windows to test drive free or low-price applications whose use may improve the bottom line. Sometimes the big software vendors act like their customers are locked into the proprietary products they sell.	ENTAILMENT
371	This example is Sports	Among the many unique things proponents of professional golf like to point out is that the athletes who play the game for pay are different than those who toil in other sports because golf has no guaranteed contracts.	ENTAILMENT
372	This example is Business	he evidence is increasing that revenge in fact brings pleasure. In the latest study, players who were unfairly treated in a game involving money, trust and cooperation got a measurable kick out of punishing their partners.	ENTAILMENT
373	This example is World	NewsFactor - IMlogic, a Waltham, Massachusetts-based firm, has partnered with McAfee, Sybari and AOL to establish an instant message and P2P threat center that will detect the spread of viruses, worms and other malware aimed at these online channels.	ENTAILMENT
374	This example is Sci/Tech	The web will be more interactive and will use tools to mine its vast pool of data, say experts.	ENTAILMENT
375	This example is World	Mozilla blocks those un-requested and annoying  quot;pop-up quot; windows. It also has the ability to open new Web pages in a  quot;tabbed quot; interface, as is common to most Windows-based programs.	ENTAILMENT
376	This example is Sports	AFP - Three generations of a family of Indian origin were abducted and murdered in an elaborate plot to turn a successful import-export company into a drugs front, a court in London was told.	ENTAILMENT
377	This example is World	Online journals, or weblogs, have put together a series of developments which suggest that the search engine is developing new web tools.	ENTAILMENT
378	This example is Sci/Tech	Check out your checking account -- and make sure you have enough money in it before you write any checks from now on.	ENTAILMENT
379	This example is Sci/Tech	Initial offerings of commercially successful companies regularly beat benchmarks of similar stocks over the long term, according to a new study.	ENTAILMENT
380	This example is Sci/Tech	Google announced an agreement Tuesday with Oxford University and some of the leading US research libraries to begin converting their holdings into files that would be freely searchable over the Web.	ENTAILMENT
381	This example is World	Adobe is currently trying to push a new image format standard to solve many of the problems associated with the plethora of camera hardware and the differing formats they use for storing images.	ENTAILMENT
382	This example is World	Amusement park operators have produced volatile results, but this company has stood the test of time.	ENTAILMENT
383	This example is Sports	Canadian Press - KINSHASA, Congo (AP) - U.N. forces and fighters of a tribal militia traded fire Sunday in Congo's lawless northeast Ituri province, wounding at least two U.N. troops, a U.N. spokesman said.	ENTAILMENT
384	This example is Sports	Q. Andy, how do you feel about playing first? Would you like to get it all started right away? ANDY RODDICK: Yeah. Absolutely. Either way I would have beencomfortable with it.	ENTAILMENT
385	This example is Business	The Pantagraph #39;s parent company, Pulitzer Inc., which also owns the Post-Dispatch in St. Louis and 12 other daily newspapers, may be for sale according to a Friday report by the Reuters news service.	ENTAILMENT
386	This example is Sci/Tech	Reuters - Costco Wholesale Corp. , the\largest U.S. warehouse club, posted a 21 percent increase in\quarterly profit on Thursday.	ENTAILMENT
387	This example is Sports	XM Satellite Radio lands 11-year pact to broadcast all major league games starting next season. NEW YORK (Reuters) - XM Satellite Radio announced a \$650 million deal Wednesday with Major League Baseball to broadcast games for 11 years.	ENTAILMENT
388	This example is Sports	RocketInfo Partners with Canadian Press, Helps Nascar\\Rocketinfo Inc., news search engine announced yesterday that it has formed a key reseller alliance with the Canadian Press (CP), one of the top-rated multimedia news agencies in the world. CP plans to expand their media monitoring services by offering clients access to the ...	ENTAILMENT
389	This example is Sports	Canadian Press - WANA, Pakistan (AP) - Pakistani warplanes pummelled a suspected al-Qaida training facility near the border with Afghanistan on Thursday, flattening a vast mud-brick compound and killing at least 50 fighters, the military said.	ENTAILMENT
390	This example is World	Reuters - The following diary of events\leading up to the presidential election on Nov. 2.	ENTAILMENT
391	This example is Sci/Tech	 WASHINGTON (Reuters) - Video games, often maligned as  having little or no redeeming value, are becoming a way for  firefighters, soldiers, currency traders and college  administrators to hone their skills.	ENTAILMENT
392	This example is World	Thumb through the book - then buy a clean copy from Amazon	ENTAILMENT
393	This example is Sci/Tech	For many people, higher education is a ticket to a high-paying job. But what happens when the cost of that same ticket becomes a deterrent for a career that will pay a modest or middle-income salary?	ENTAILMENT
394	This example is Sci/Tech	Newspaper publisher Pulitzer Inc. confirmed on Sunday it hired a financial adviser to help it explore strategic options, including a possible sale of the company.	ENTAILMENT
395	This example is Business	I do a Google vanity search on myself about once a month to get a barometer on how, if at all, readers are reacting to and using my columns.	ENTAILMENT
396	This example is Sci/Tech	Security researchers have warned of a vulnerability in most web browsers that could let scammers launch phishing attacks from pop-up windows on trusted websites.	ENTAILMENT
397	This example is Sports	TORONTO -- Precious few professional athletes leave their sport on their terms. Even fewer depart having won a championship in their final game. Injuries, diminished skills, and burnout can cut short careers.	ENTAILMENT
398	This example is Sci/Tech	Students who download and exchange movies illegally over the Internet may soon face lawsuits and subpoenas similar to those faced by music filesharers.	ENTAILMENT
399	This example is Sci/Tech	Students take note - endless journeys to the library could become a thing of the past thanks to a new multimillion-pound scheme to make classic texts available at the click of a mouse.	ENTAILMENT
400	This example is Sci/Tech	Microsoft has announced that start shipping its next version of its Windows operating system in 2006. However to meet the new tight deadline a number of technical innovations will have to be dropped from the OS.	ENTAILMENT
401	This example is World	Seldom has someone insisted on privacy more while behaving in ways that guaranteed him less. There are places we #39;re not supposed to go, but we #39;re continually being dragged 	ENTAILMENT
402	This example is Sci/Tech	McKinsey says a post-boom tech industry can profit mightily by taking stock in the operations of many slower-growth industries.	ENTAILMENT
403	This example is Sci/Tech	Intel #39;s Itanium gains ground as three vendors roll out new servers based on the processor. By Darrell Dunn. Systems based on Intel #39;s Itanium processor this week will gain ground in the high-performance server 	ENTAILMENT
404	This example is Sci/Tech	AP - In one of the first enforcement actions of the Americans with Disabilities Act on the Internet, two major travel services have agreed to make sites more accessible to the blind and visually impaired.	ENTAILMENT
405	This example is World	The rise in online scams has companies spending hefty sums to educate customers about fraud prevention and to address 'phishing' damage.	ENTAILMENT
406	This example is World	Blog Search Engines\\When searching for blogs or marketing your own blog, one must always take blog search engines and directories into account. Some blog search engines search databases of thousands of blogs, while some search through their own directory listings. If you own a blog, you're going to want to ...	ENTAILMENT
407	This example is Sports	Reuters - One of North Africa's most wanted\Islamic militant leaders, accused in the kidnapping of 32\European tourists last year, has been taken into custody in\Algeria, authorities said on Thursday.	ENTAILMENT
408	This example is World	Apple Computer has unveiled two new versions of its hugely successful iPod: the iPod Photo and the U2 iPod. Apple also has expanded 	ENTAILMENT
409	This example is World	Company offers free replacement screens to owners of 15-inch models that display white spots.	ENTAILMENT
410	This example is Sci/Tech	Illegal lenders are siphoning money from state-owned banks, but they may do more good than harm\	ENTAILMENT
411	This example is Sci/Tech	In a bid to further differentiate itself from open source rivals, Microsoft Tuesday said it will expand its indemnification program to cover the vast majority of its customers.	ENTAILMENT
412	This example is World	Reported profit of \$44 million for third quarter over a loss of \$31 million a year ago and predicts 10 increase in sales for the 4th quarter.	ENTAILMENT
413	This example is Sports	Reuters - At least 23 people were killed in a landslide which hit a mountain village in southwestern China, where the search for missing people has been halted by fears of further slides, state media reported on Saturday.	ENTAILMENT
414	This example is Sci/Tech	"Video game makers are showing new interest in creating games that appeal to women. But women who might design those games are still finding it hard to break into an industry that considers gaming a ""boy thing."""	ENTAILMENT
415	This example is World	Global warming is threatening travel destinations worldwide. What's more, travelers themselves are contributing to it. Find out what you can do about it.	ENTAILMENT
416	This example is Business	Reuters - Jewelry retailer Zale Corp. \said Tuesday its quarterly loss widened as its business took a\hit in the autumn from the string of hurricanes that battered\the U.S. Southeast and Puerto Rico.	ENTAILMENT
417	This example is Sports	The Expos cleared another logistical hurdle in their move to Washington on Friday, announcing an agreement with Ticketmaster to handle ticket sales.	ENTAILMENT
418	This example is Sci/Tech	Software giant unveils apps for companies with limited IT resources.	ENTAILMENT
419	This example is World	Testing has always been a critical part of IT and certainly has become a fundamental component of Linux adoption. One of the most critical core pieces of Linux testing got a significant upgrade this week, courtesy of the Open Source Development Lab ...	ENTAILMENT
420	This example is Sports	And in Week 12, Terrell Owens paused to become just another Eagle contributing to just another victory. No controversy. No ceremony.	ENTAILMENT
421	This example is Sci/Tech	Stanley Works tries to keep growth going by focusing on businesses that keep baddies out.	ENTAILMENT
422	This example is Sci/Tech	A slew of third-quarter earnings reports dominated technology and telecommunications stocks last week. Much of the news was positive, with key players posting impressive earnings growth, but the December quarter outlook remained unclear for some.	ENTAILMENT
423	This example is Sports	I Want My blinkx TV! Television Search Engine\\blinkx today announced the availability of blinkx TV, the first search engine that allows you to search TV across news, sports and entertainment programming. blinkx is the first search engine to make such TV programs fully searchable on demand. Because blinkx captures and ...	ENTAILMENT
424	This example is World	The United States trade deficit shrank to \$51.6 billion in September, as exports posted their best month on record. In another report, new claims for jobless 	ENTAILMENT
425	This example is Sci/Tech	Game Stop employee Lisa Hargreaves pulls out a stack of games for waiting customers at the University Mall in Davis Calif., at the stroke of midnight Nov. 9, 2004, as fans lined up to get first crack at the \$50 sequel from Microsoft Corp.	ENTAILMENT
426	This example is Sci/Tech	Google generated most of its revenue -- \$411.7 million -- through text-based ads displayed on company-owned sites. That #39;s an important factor, because Google doesn #39;t have to share the money with other advertising partners.	ENTAILMENT
427	This example is Sci/Tech	"New version of Media Center and accompanying ""extenders"" will make TV shows recorded on a PC available all over the house."	ENTAILMENT
428	This example is Sci/Tech	Researching things on the web is an essential part of everyday business - but too often books and other printed sources get left behind.	ENTAILMENT
429	This example is Sci/Tech	The company reported strong fiscal second-quarter results and positive trends seem likely to continue to drive healthy growth.	ENTAILMENT
430	This example is Sci/Tech	There's yet another hostile takeover in the tech sector's works.	ENTAILMENT
431	This example is World	com October 4, 2004, 11:57 AM PT. Twentieth Century Fox has joined a group developing one of two formats being promoted as a next-generation DVD technology.	ENTAILMENT
432	This example is World	The new transfer policy for inter-registrar domain names went into effect on Friday, the Internet Corporation for Assigned Names and Numbers (ICANN) said.	ENTAILMENT
433	This example is Sci/Tech	Trust with hardware vendors for open source systems is becoming a one-way street, where in exchange for support they offer a closed source binary solution with no provision to audit security.	ENTAILMENT
434	This example is Business	If your knee-jerk reaction to a negative opinion is to attack the source, your chance of investing success is reduced.	ENTAILMENT
435	This example is Sci/Tech	MOSCOW Russia #39;s Justice Ministry will sell off some of the assets of a subsidiary of the oil giant Yukos. That #39;s according to a statement carried by the Interfax news agency.	ENTAILMENT
436	This example is World	By the end of the century one in 10 species of birds in the world will be extinct and a further 15 percent will be on the brink of extinction.	ENTAILMENT
437	This example is Sci/Tech	Microsoft will provide advanced notice to customers of upcoming patches, including what software and products will be affected, in an effort to allow customers to prepare and pre-roll patches instead of having to try and deal with issues after patches are 	ENTAILMENT
438	This example is Business	The Motley Fool - In 2005, a little-known change in the tax law will let more people, primarily older and wealthier retirees, take advantage of moving funds from their traditional IRA to a Roth IRA.	ENTAILMENT
439	This example is Sports	&lt;strong&gt;Site offer&lt;/strong&gt; Save 30 on thousands of other great titles	ENTAILMENT
440	This example is Sci/Tech	Two new products are designed to make it easier for businesses to connect storage computers across long distances.	ENTAILMENT
441	This example is Sci/Tech	The mobile developer disbands the unit that developed the short-range wireless technology used in some cell phones and notebook PCs.	ENTAILMENT
442	This example is Sci/Tech	Yahoo and Adobe have formed a partnership to attempt to keep pace with Google and Microsoft in the search arena. Under the deal, Adobe is adding a toolbar to its Acrobat software that will link to various 	ENTAILMENT
443	This example is World	Custom-designed imported furniture was once an exclusive realm. Now, it's the economical alternative for commercial developers and designers needing everything from seats to beds to desks for their projects.	ENTAILMENT
444	This example is World	Reuters - Online music company eMusic on\Tuesday said it was revamping its service to provide commentary\and reviews to complement its catalog of more than 500,000\tracks from independent labels.	ENTAILMENT
445	This example is World	Priced at \$249.99, it can play MP3, WMA and WAV-encoded music files.	ENTAILMENT
446	This example is Sci/Tech	 quot;We have only received one submission from the field, but the technical aspects of this are concerning. It has all the components there to become a significant 	ENTAILMENT
447	This example is World	In its latest quarterly survey, the staffing firm Manpower contacted 16,000 US companies, and about 25 percent of them said they expect to have more openings in the first three months of the new year.	ENTAILMENT
448	This example is Sci/Tech	A start-up began offering a technology Wednesday that can spoof a caller ID number, potentially opening the door to telemarketing calls that seem to be coming from a relative or a different company.	ENTAILMENT
449	This example is World	New guidelines to bring order to the global Internet domain name market and enhance the flow of electronic commerce came into effect on Friday.	ENTAILMENT
450	This example is Sci/Tech	The Mountain View company unveiled the free technology Thursday that allows users to simultaneously scan the Web and their computer hard drives for documents, e-mail, instant messages and the sites they #39;ve visited in the past.	ENTAILMENT
451	This example is Sci/Tech	Sales were lower than expected, and the quality of earnings is in question.	ENTAILMENT
452	This example is Sci/Tech	A screensaver targeting spam-related websites could help drive spammers out of business.	ENTAILMENT
453	This example is World	The world's second-largest economy is finally adding jobs and fostering consumer spending, but economists wonder how long the upward swing will last.	ENTAILMENT
454	This example is Sci/Tech	The Information Technology Association of America (ITAA) survey says that the high-tech job market showed a modest 2 percent increase in the first quarter of 2004, but that the market is expected to shrink over the rest of the year.	ENTAILMENT
455	This example is Sci/Tech	Early this month, several Web sites began offering software promising ringtones and screensavers for certain cell phones. But those who downloaded the software found that it turned every icon 	ENTAILMENT
456	This example is Business	\\When we first met it was love at first sight!  I loved that you were so open\minded about my geeky friends who had patches that I needed.  You were a breath\of fresh air and and made my development life so simple.\\For the longest time we had a great love affair.  I remember my first anoncvs\patch I generated with your help and I was hooked.  I remember the first time\you sent me a diff against my own repository from another developer.  What a\sweet gesture!  You were so kind.\\Since then though you've started to let me down.  What happened to you?  In your\old age you've become confused when I've tried to share you with others.  You\often can't make up your mind when I try to branch and mer ...\\	ENTAILMENT
457	This example is Sports	Pennies make the difference as the teams sell products on a shopping channel.	ENTAILMENT
458	This example is Sci/Tech	OVER FIVE million websites have been built in the last five months, according to the latest Netcraft survey. This means that there are more than 55 million active sites on the Interweb.	ENTAILMENT
459	This example is Sci/Tech	For the millions of  people who cannot afford high-speed Internet access, some local officials think they've hit on the answer: Build government-owned networks to provide service at rates below what big telecommunications companies charge.	ENTAILMENT
460	This example is Sports	Sprint and SBC Communications Friday announced a two-way roaming deal that will enable the customers of each vendor to access the hotspots run by the other.	ENTAILMENT
461	This example is Sci/Tech	Addition of high-end graphics to computers based on open-source platform helps company go beyond its proprietary products.	ENTAILMENT
462	This example is Sci/Tech	Google Inc. made a much anticipated move toward what many consider the newest frontier in the digital information search sector by announcing Thursday it is offering a test version of an application designed to let users search for information stored on their desktop computers.	ENTAILMENT
463	This example is Sports	SINCE the United States started taking part in the Olympic Games 4x100m relay in 1920, they have been disqualified three times and lost only once - to Canada in 1996.	ENTAILMENT
464	This example is Sci/Tech	Reuters - Nearly half of video game players\watched less television last year or plan to cut their viewing\time this year, according to a report issued on Thursday that\lends credence to industry fears that young men are switching\off the tube.	ENTAILMENT
465	This example is World	A weak dollar should be good for U.S. exports. But it's already causing pain overseas, and in the long run it could drive up the cost of living at home	ENTAILMENT
466	This example is Sci/Tech	"By Amanda Gardner, HealthDay Reporter    HealthDayNews -- Teenagers who view sexual content on television, even if it only involves characters talking about sex, are twice as likely to start having intercourse in the ensuing year compared with peers who do not watch such content.    Sexual content on TV was also more likely to hasten adolescents' movement from one ""base"" to another, in other words, from kissing to breast fondling to genital touching and on to oral sex, new research found..."	ENTAILMENT
467	This example is Sports	Sneaker makers are selling a new wave of technologically advanced athletic shoes, in hopes of bringing back the age of the \$100-plus sneaker.	ENTAILMENT
468	This example is Sci/Tech	Many plants can naturally clean chemically contaminated soil and groundwater. Researchers are now helping them do a quicker, better job of rehabbing polluted sites.	ENTAILMENT
469	This example is Sci/Tech	Raytheon Co. said it plans to increase its dividend and repurchase \$700 million in shares. The Waltham-based aerospace and defense giant increased its annual dividend 10 percent to 88 cents a share from 80 cents, starting with the first quarter of 2005. Raytheon said its board also authorized \$700 million in share repurchases, which it expects to complete over 18 ...	ENTAILMENT
470	This example is World	Hewlett-Packard(HP) plans to spend \$200 million over the next six months on staff reductions, the company said Tuesday in a regulatory filing. It did not specify in the filing which business areas the staffing cuts would affect.	ENTAILMENT
471	This example is World	As people will remind you, it's the season to give -- and so we're in a giving mood for Week 12. Four choices, four favorites selected, four different scenarios.	ENTAILMENT
472	This example is Sports	ugar-sweetened soft drinks pack plenty of calories, but drinking them does little to make a person feel full. That may explain why a study has found that women who drink a lot of sugary beverages stand a higher chance of gaining weight.	ENTAILMENT
473	This example is Sci/Tech	Opportunities for effective, inexpensive search marketing are abundant when you and 'think outside the (Big Search) box' and look to vertical or specialized content sites. 	ENTAILMENT
474	This example is Sci/Tech	Canadian Press - MOSCOW (CP) - A Canadian reported killed in Chechnya was described by Russian defence officials Friday as an explosives expert who was among a group of insurgents involved in fighting there.	ENTAILMENT
475	This example is Business	Both employers and prospective employees are finding that blogging can be useful in the job search process.	ENTAILMENT
476	This example is World	Crude oil rose slightly on Friday to \$47.57 per barrel compared to yesterday fall on expectations for inventories to be lifted. December crude oil was at \$47.	ENTAILMENT
477	This example is Sports	The terms were simple enough. Be the first to fly three people or the equivalent weight 62 miles high. Do it a second time within two weeks.	ENTAILMENT
478	This example is World	After registering music and copyright information in Snocap #39;s database, labels and artists can manage online distribution through Snocap #39;s copyright management system, which lets them set rules for each track on a global basis.	ENTAILMENT
479	This example is Sci/Tech	IBM today announced new virtual resources to help business partners more quickly build and deploy on demand business applications tailored to meet customer requirements across all vertical industries.	ENTAILMENT
480	This example is Business	Analysis Over the past few years, CRM implementations have come in for much criticism, especially in the elusive area of ROI. This has caused many companies to re-evaluate their technology implementations 	ENTAILMENT
481	This example is Business	"Reuters - Trendsetter Martha Stewart\reported to a minimum-security prison known as ""Camp Cupcake""\on Friday to serve a five-month sentence for a suspicious sale\of stock, U.S. prison officials said."	ENTAILMENT
482	This example is Business	CAPE CANAVERAL, Fla. -- No storm in history has done more damage to the Kennedy Space Center than Hurricane Frances did. Officials at the Florida facility said the storm tore about 1,000 exterior panels from the Vehicle Assembly Building.	ENTAILMENT
483	This example is World	On 19 October 2004, Microsoft announced that its software licensed on a per-processor basis will continue to be licensed on that basis when installed on hardware that contains dual-core and multicore processors.	ENTAILMENT
484	This example is Sports	AFP - The death toll from a devastating coal mine gas explosion in central China's Henan province rose to 77 as rescuers continued to search for any survivors, state media reported.	ENTAILMENT
485	This example is Business	COPENHAGEN - Microsoft Corp. wrapped up its IT Forum in Copenhagen this week by singing the praises of new management tools that are part of a long-term vision for reducing IT complexity. But behind its more vocal announcements there emerged another significant tune, one that suggested that the software maker will have to be more willing to play with platforms from other companies in order to deliver its new strategy.	ENTAILMENT
486	This example is Sports	Only the nave or willfully ignorant seem not to understand that drug use has been widespread for many years in elite sport.	ENTAILMENT
487	This example is Sports	Matt Kenseth was becoming irritated as he leaned against the inside wall of his hauler. Cant we talk about something else? he asked.	ENTAILMENT
488	This example is Sci/Tech	The companies want to create more consistent platforms that can be used with any handset.	ENTAILMENT
489	This example is Sci/Tech	Microsoft Corp. has quietly begun giving some of its largest customers early warning of security problems with its products. Under the free program, some customers get three business 	ENTAILMENT
490	This example is Business	The areas of the brain involved in learning fears have been known, but new research now identifies the areas involved in extinguishing those fears. The amygdala is a key in both learning and unlearning fears. 	ENTAILMENT
491	This example is World	One in 10 of all bird species is likely to disappear by the end of the century, according to a study published today. A further 15 per cent of birds could be on the brink 	ENTAILMENT
492	This example is Sci/Tech	The market is still down from its March 2000 peak. Here's how to protect your assets from further drops.	ENTAILMENT
493	This example is Sports	Women may be able to have unfertilised eggs routinely frozen during fertility treatment rather than just embryos after research.	ENTAILMENT
494	This example is World	On-line customization was a slow starter in the 1990's. But as technology has improved, so has the variety.	ENTAILMENT
495	This example is Sports	The presidential race is being played out in several new video and online games.	ENTAILMENT
496	This example is World	Earliest adopters of updated program should download again to ensure full security.	ENTAILMENT
497	This example is Sci/Tech	Companies will demonstrate how their technology will work together.	ENTAILMENT
498	This example is World	Resellers are accused of selling products with fake Certificate of Authenticity labels.	ENTAILMENT
499	This example is Business	There #39;s something to be said for being the  quot;first mover quot; in an industry trend. Those years of extra experience in tinkering with a new idea can be invaluable in helping the first 	ENTAILMENT
500	This example is World	Four US movie studios have announced their intention to release next-generation DVDs in the Toshiba-backed HD DVD format, the technology firm announced on Monday.	ENTAILMENT
501	This example is Business	The list of drugs include Meridia - a weight loss drug. Crestor- for reducing cholesterol. Accutane- an acne drug. Bextra- a painkiller.	ENTAILMENT
502	This example is Sports	The conventional wisdom dictates that repeating as NBA champs is an extremely difficult undertaking. And so it is. However, in the past seventeen seasons, only one NBA titlist did NOT accomplish consecutive 	ENTAILMENT
503	This example is Business	The new tax act adds some complications to contribution requirements.	ENTAILMENT
504	This example is Sci/Tech	US scientists have found a way to indentify exactly which desktop printer produced which document.	ENTAILMENT
505	This example is World	Is the market really overvalued? ALL of it?!? There are 6,000-plus listed companies -- at least one is a bargain.	ENTAILMENT
506	This example is Sci/Tech	NewsFactor - Korean-based Samsung Electronics announced Wednesday that it will sell a new multifunction mobile phone, the SCH-S250, equipped with a 5-megapixel digital camera. The new phone will be available to Korean customers later this month.	ENTAILMENT
507	This example is Sci/Tech	A recording industry trade group said Thursday that it has filed another wave of lawsuits against 754 people it suspects of distributing songs over the Internet without permission.	ENTAILMENT
508	This example is Sci/Tech	The companies plan to share security features to help customers protect their networks from worms and viruses.	ENTAILMENT
509	This example is Sci/Tech	The new platform is designed to help companies speed the deployment of smart-tag systems and cut the costs of managing both hardware and software components from several suppliers.	ENTAILMENT
510	This example is Sci/Tech	Television networks have worked hard in the last two years to strike their own product placement deals, closing the gap with the movies.	ENTAILMENT
511	This example is Sci/Tech	Researchers are devising new (and hopefully better) ways to interact with Tablet PC's and other pen-based computers.	ENTAILMENT
512	This example is Sci/Tech	The company has cut up to 25 percent off the price of two of its liquid-crystal display TV models.	ENTAILMENT
513	This example is Sci/Tech	" SAN FRANCISCO (Reuters) - Texas Instruments Inc. &lt;A HREF=""http://www.investor.reuters.com/FullQuote.aspx?ticker=TXN.N target=/stocks/quickinfo/fullquote""&gt;TXN.N&lt;/A&gt;,  the largest maker of chips for cell phones, trimmed its  third-quarter revenue outlook on Wednesday as customers worked  off inventories of unsold chips, making it the second major  chip supplier to pare third-quarter expectations."	ENTAILMENT
514	This example is World	A majority of people worldwide say corruption among government and business elites is a grave problem, and about 10 percent say that they or a member of their household paid a bribe in the previous year, according to a new global opinion poll.	ENTAILMENT
515	This example is Sci/Tech	washingtonpost.com - Nextel Communications Inc. and Sprint Corp. reached a tentative agreement to merge, a deal that would create the nation's third-biggest mobile-phone company and could bring significant changes to Nextel's Reston headquarters.	ENTAILMENT
516	This example is Sci/Tech	Search marketing in the travel industry is brutally competitive, with intense jockeying between travel agencies, affiliates, wholesalers and travel products companies themselves vying for top positioning. What's the most effective approach to search marketing in this cutthroat environment?	ENTAILMENT
517	This example is Sports	USATODAY.com - More college campuses are adopting deeply discounted - and legal - digital music as the latest amenity for students. Several top schools began offering these services in September, either free or highly subsidized.	ENTAILMENT
518	This example is Sports	MARION JONES will be able to keep the three gold and two bronze medals she won at the Sydney 2000 Olympics even if it is proved she was taking banned drugs at the time.	ENTAILMENT
519	This example is Sci/Tech	Though not nearly as entertaining, it continues the theme that machines can hold power over humans, even when the people are fighting to regain control.	ENTAILMENT
520	This example is Business	a special layer of software designed to let people enjoy their digital photos, music and videos from across the room -- has to rank as one 	ENTAILMENT
521	This example is Sci/Tech	The absolute price of oil has reached a new high. The growth     of the economies in China, India and the rest of Asia are increasing the demand     for oil. There are production problems in Venezuela (strikes and sabotage), Norway (strikes), Nigeria (civil war), Iraq (sabotage) and Russia (internal politics). Hurricane Ivan and other hurricanes this year disrupted     production in the Gulf of Mexico and transportation of oil in the Atlantic.     In the next decade Eastern Europe will also require more oil to feed its growing economies. The price of crude oil has led to     prices of above \$55 a barrel and lifted heating oil to a record and     natural gas to a 20-month high. Though prices may eventually fall a bit, they are likely to remain higher than we were once     accustomed.    However, all is not gloom and doom.	ENTAILMENT
522	This example is Business	Middle East News, Three Palestinian fighters were injured in an Israeli missile strike on their car in the southern Gaza Strip, witnesses and medics said on Thursday.	ENTAILMENT
523	This example is World	"Reuters - TiVo Inc., maker of television\recording technology, on Monday said it has started shipping\""TiVoToGo,"" a service upgrade that allows some subscribers to\view recorded programs on a computer or laptop."	ENTAILMENT
524	This example is Business	Reuters - Office Depot Inc.  on Wednesday\unveiled plans to muscle in on rival Staple Inc.'s turf to\boost sales and stem a fall in market share in the increasingly\cutthroat office supply business.	ENTAILMENT
525	This example is Sci/Tech	These games aren't the best, nor are they the prettiest.  nbsp;Instead, these are the games I played with my friends - the games let us kick the ever-loving-crap out of each other in increasingly fascinating ways.  nbsp;These are the most original head-to-head sleeper hits on the Sony Playstation. Just some fun stuff you might've missed the first time around.	ENTAILMENT
526	This example is Sci/Tech	Microsoft has issued a patch to fix the security flaw, and urges its customers to use a new utility to locate the computer applications that are vulnerable.	ENTAILMENT
527	This example is World	Spyware, an amorphous class of software that mostly gets onto computers without their users knowledge, has become epidemic in the past year as people spend more time online and spyware developers get more aggressive.	ENTAILMENT
528	This example is Sci/Tech	Online music company eMusic on Tuesday said it was revamping its service to provide commentary and reviews to complement its catalog of more than 500,000 tracks from independent labels.	ENTAILMENT
529	This example is Sci/Tech	For some workers, businesses and organizations, the spike in energy prices -- for gas, diesel fuel or heating oil -- is changing the way they live, work and think about the future.	ENTAILMENT
530	This example is Sports	HAMPTON, Ga. -- Ryan Newman won his fourth straight pole position at Atlanta Motor Speedway on Friday during Georgia-Pacific Qualifying Night.	ENTAILMENT
531	This example is Sci/Tech	Macromedia promises to speed development of Internet applications with a new tool for its Flex platform. With Flex, enterprises can add interfaces to strategic applications, including visual 	ENTAILMENT
532	This example is Business	TEENAGE boxing sensation Amir Khan kissed his Olympic silver medal - and vowed to grab a gold in four years. The 17-year-old lightweight star said he would resist the big-money offers and stay amateur.	ENTAILMENT
533	This example is Business	Vulnerability could allow an attacker to gain complete control of a system.	ENTAILMENT
534	This example is Sports	Foxboro, Mass. - Every week the New England Patriots seem to offer their fatalistic following some reason to despair -  quot;We don #39;t have any wide receivers!	ENTAILMENT
535	This example is Sports	Here is what we know about the Jets: They have done everything that they have had to do so far. Every opponent put in front of them has been defeated.	ENTAILMENT
536	This example is World	Future DVDs could hold about one hundred times the capacity that current discs can hold. That would mean about 472 hours of film on one disc the size of a current DVD disc.	ENTAILMENT
537	This example is World	The first images crafted to contain a malicious program that can take control of a PC have been found on the net. Security experts have been expecting such images to turn up after Microsoft revealed a weakness 	ENTAILMENT
538	This example is Sci/Tech	FCC clears the way for more companies to offer the alternative form of Net access.	ENTAILMENT
539	This example is Sports	Reuters - An accident at an underground munitions\depot or a weapons factory was the likely cause of a huge\explosion in North Korea last week, and there were possibly two\blasts, South Korean media reports said on Monday.	ENTAILMENT
540	This example is Sci/Tech	As millions buy increasingly powerful cell phones, many companies are racing to develop video games to take advantage of the newfound portability. The newest twist is multiplayer: You can face real people in space battles or fishing tournaments.	ENTAILMENT
541	This example is Sports	"AP - The luminous gaze of revolutionary icon Ernesto ""Che"" Guevara is almost a constant presence in communist Cuba, his dark eyes staring out from beneath a black beret on office walls and pro-government billboards."	ENTAILMENT
542	This example is Sci/Tech	After centuries of guesswork, architects have a high-tech way to hear the acoustics of buildings they haven't yet built.	ENTAILMENT
543	This example is World	NewsFactor - Japan's NTT DoCoMo (NYSE: DCM) has launched a Wi-Fi/cellular phone that telecom industry analysts say is the first of its kind.	ENTAILMENT
544	This example is Sports	"Vodafone will primarily target the under-35's, a group which it characterized as the ""young, active, fun"" market."	ENTAILMENT
545	This example is World	Business demand for PCs will result in higher than anticipated growth of the sector for the second half of the year. Analyst IDC has revised its predictions having witnessed strong commercial demand for PCs 	ENTAILMENT
546	This example is Sci/Tech	One Sun innovation is how on-screen keyboard buttons can include drop-down menu items specific to a given application or function.	ENTAILMENT
547	This example is Business	As job growth has picked up in many areas of the country, employment has continued to falter in some crucial battleground states.	ENTAILMENT
548	This example is Business	Stores are stocked with an abundance of featherweight gadgets. But some of these tiny gadgets raise a new question: how small is too small?	ENTAILMENT
549	This example is Sci/Tech	Travel sites want to help you find a cheap trip. But is cost the only factor to consider?	ENTAILMENT
550	This example is World	AP - The Walt Disney Co. plans to release its movies and other content in the Blu-Ray format, one of the two major contenders for next-generation DVDs that will deliver high-definition images to TV sets.	ENTAILMENT
551	This example is World	Google AdWords Dynamic Keyword Insertion\\Just another tip on improving conversion rates with Google AdWords. When search words appear in a Google ad they are bolded. A good way to improve click through rate (and thus lower price per click) is to place keywords in the ad.\\Sometimes it may not be ...	ENTAILMENT
552	This example is World	Lower courts had ruled that the companies are not liable for copyright violations committed by users.	ENTAILMENT
553	This example is Sci/Tech	Why you should NOT submit your site on Search Engines\\Before to answer to this question we have to know what is the difference between a search engine and directory. Here is a brief explanation. The main difference between search engine and directory lay in the way how websites get entered ...	ENTAILMENT
554	This example is Sci/Tech	This article is the first of a two-part series that looks at the new generation of WEP cracking tools for WiFi networks, which offer dramatically faster speeds for penetration testers over the previous generation of tools. In many cases, a WEP key can be determined in seconds or minutes.	ENTAILMENT
555	This example is World	Music giant EMI sees profits fall in the first half of the year after opting to delay its major releases.	ENTAILMENT
556	This example is Sci/Tech	iPod Photo, newest member of the iPod family, holds up to 25,000 digital photos alongside your music library and displays them on its stunning high-resolution color screen. iPod Photo, which lets you combine your music and your favorite photos to create magical slideshows on your iPod, features TV-out for sharing your slideshows on big screen televisions and projectors. iPod Photo comes in 40GB or 60GB models. Oct 26	ENTAILMENT
557	This example is Sci/Tech	A new computerized service enables customers to create phony outbound phone numbers in order to mask their telephone identities.	ENTAILMENT
558	This example is Sci/Tech	AOL said it was intent on making travel an important part of its content expansion, which increasingly includes general Web properties that all Internet users can access as well as content just 	ENTAILMENT
559	This example is World	Internet users at home are not nearly as safe online as they believe, according to a nationwide inspection by researchers. They found most consumers have no firewall protection, outdated antivirus software and dozens of spyware programs secretly running on their computers.	ENTAILMENT
560	This example is Sports	Remember some of the biggest winners from 1999? Yeah, Bill Mann forgot about a lot of them too.	ENTAILMENT
561	This example is Business	Reuters - Hamid Karzai will be sworn in as his\country's first elected president Tuesday, facing a huge amount\of more work to rebuild a land still traumatized by more than a\quarter century of war.	ENTAILMENT
562	This example is Sports	 quot;You always have your goals, quot; Maddux said Thursday after leading the Chicago Cubs over the Pittsburgh Pirates 4-3.  quot;One of them is always to win 20.	ENTAILMENT
563	This example is Sci/Tech	Extended collaboration could result in chips built on 32-nanometer technology.	ENTAILMENT
564	This example is Business	PRAGUE -- Ronald Reagan used it to reach out to the Soviets during the Cold War. Lech Walesa, the leader of Poland's Solidarity movement, likened it to the sun lighting the earth. Rock band R.E.M. immortalized it in a cynical hit song.	ENTAILMENT
565	This example is Sci/Tech	Update to free browser will warn people if a Web site looks like a phishing scam, its maker says.	ENTAILMENT
566	This example is Sci/Tech	People want to listen to music while they are on the move, rather than watch video, research suggests.	ENTAILMENT
567	This example is Sci/Tech	For the first time, sales top \$1 billion in one quarter, researcher says.	ENTAILMENT
568	This example is Sci/Tech	Even as the RIAA continues to sue downloaders of illegal music over file-sharing networks, some music companies are finally finding ways to use P2P to their advantage.	ENTAILMENT
569	This example is Sports	 quot;I #39;m serving well, I #39;m breaking (serve) a lot. I #39;m returning well and moving well. I think I #39;m up to 50 percent for breaking this tournament, which is extremely high for me.	ENTAILMENT
570	This example is Sci/Tech	The legendary film company is cutting slower-growing segments in favor of newer technology.	ENTAILMENT
571	This example is Sports	How does one even begin to analyze the latest unforgettable installment of a rivalry that always seems to produce an indelible and searing memory?	ENTAILMENT
572	This example is Sci/Tech	Microsoft has unveiled a series of handheld gadgets that can replay audio, movies and TV shows.	ENTAILMENT
573	This example is Sports	In many Olympics competitions winners and losers are determined by less than a fraction of a point and even the slightest error in scoring can set back an athlete from the gold to the bronze.	ENTAILMENT
574	This example is Business	Numerous applications, including some of Microsoft #39;s own, have encountered compatibility problems with Windows XP SP2 (Service Pack 2).	ENTAILMENT
575	This example is Sci/Tech	Scientists believe a select group of people can spot when someone is lying.	ENTAILMENT
576	This example is Sci/Tech	Cisco has bought IP service control vendor P-Cube of Sunnyvale, California, in a cash deal worth about \$200m. The company says the deal should allow its customers to run advanced IP services such as voice 	ENTAILMENT
577	This example is Business	Regulators are trying to prevent scams caused by software that computer users may not even know is on their PCs.	ENTAILMENT
578	This example is World	"Verizon Wireless lets you choose ""ringback tones"" from a catalog of more than 2,200 songs in 13 different music genres."	ENTAILMENT
579	This example is Sci/Tech	It's the time of year to reflect on the good security choices you've made over the year, the defense-in-depth strategy that you've decided to follow, and plan for your response to future threats and virus outbreaks.	ENTAILMENT
580	This example is Sci/Tech	IBM Tuesday will announce an expansion of its services for companies seeking help with radio frequency identification technology. Over the past several months, IBM has developed RFID services 	ENTAILMENT
581	This example is Sci/Tech	Hewlett-Packard on Friday will launch 25 consumer products, part of its push toward digital entertainment as some of its other units struggle.	ENTAILMENT
582	This example is Business	Researcher finds two flaws that under unusual circumstances could let a malicious program read private data or render a phone unusable.	ENTAILMENT
583	This example is World	Q: I own a small business. During the holiday season every year, I invite my employees to lunch at a restaurant. In the past, I've let everyone go home early (with pay) afterward. For several years now, a few people have skipped the lunch and gone straight home. This has caused some ill will among the other employees. One option ...	ENTAILMENT
584	This example is Sci/Tech	The carrier will give its broadband subscribers access to 3,900 hot spots for \$1.99 a month.	ENTAILMENT
585	This example is Sci/Tech	AP - In a bid to get consumers shopping early, the nation's retailers are serving up even more early bird specials on such items as TVs and toys, expanding their shopping hours and offering other enticements as they usher the official start of the holiday season on Friday.	ENTAILMENT
586	This example is Business	Beta testers find flaws in a new feature of the instant messaging app.	ENTAILMENT
587	This example is Sci/Tech	Now buyers can use technology and databases to get a more complete view of a house without driving 30 miles to see it.	ENTAILMENT
588	This example is World	The libraries of five of the world #39;s most important academic institutions are to be digitised by Google. Scanned pages from books in the public domain will then be made available for search and reading online.	ENTAILMENT
589	This example is World	It was the third straight year that the numbers have fallen, although not nearly as much as in the previous two years.  quot;Nearly 7.4 million people reported just over \$30.	ENTAILMENT
590	This example is Sci/Tech	Crude futures sold off sharply for a second day in row Thursday, falling below \$44 a barrel, as traders focused on rising fuel supplies and the lack of cold weather. The drop to two-month lows triggered an additional wave of technical and speculative selling, traders said.	ENTAILMENT
591	This example is Sci/Tech	Scanners can convert slides and negatives to digital files which can then be cropped, color-corrected and e-mailed to friends. Which model is right for you?	ENTAILMENT
592	This example is Business	NewsFactor - America Online is seeking help with efforts to push its messaging services into the mobile realm, enlisting the help of handheld-device manufacturers while introducing a developer program focusing on the company's Instant Messenger (AIM) applications.	ENTAILMENT
593	This example is Sports	Los Angeles Times - PARIS  #8212; Muslim women in head scarves, journalists in jeans and senators draped in tricolored sashes rallied here Monday in support of two French hostages held in Iraq by kidnappers demanding that France repeal a new ban on the Islamic head scarf in public schools.	ENTAILMENT
594	This example is Sci/Tech	IBM has unveiled virtual resources to help business partners more quickly build and deploy on-demand business applications tailored to customer requirements across all vertical industries.	ENTAILMENT
595	This example is World	Most US households would face higher television bills if they only paid for the channels they wanted to watch, US regulators told Congress in a report released on Friday.	ENTAILMENT
596	This example is Sci/Tech	As millions buy increasingly powerful cell phones, many companies are racing to develop video games to take advantage of the newfound portability.	ENTAILMENT
597	This example is World	NewsFactor - Security software vendor Symantec (Nasdaq: SYMC) is negotiating to buy Veritas Software (Nasdaq: VRTS), a provider of data storage software, for more than US #36;13 billion, according to press reports.	ENTAILMENT
598	This example is Business	Carlos Gutierrez, whose family fled Castro, will head administration efforts to revive the manufacturing sector. By Associated Press.	ENTAILMENT
599	This example is Business	Shares plunge, company says to miss Wall Street forecasts as price cuts, expansion squeeze margins. NEW YORK (Reuters) - Wild Oats Markets Inc.	ENTAILMENT
600	This example is Sports	AFP - A US Air Force transport plane landed at El-Fashir airport in northern Darfur bringing the first Nigerian contingent of a reinforced African Union truce-monitoring force to the troubled region, officials said.	ENTAILMENT
601	This example is World	Microsoft Corp. released 10 security fixes for various products yesterday, including seven that fix flaws the company said pose the highest threat to users.	ENTAILMENT
602	This example is Sci/Tech	For the world's best video game players, getting the high score is no longer enough.	ENTAILMENT
603	This example is Sci/Tech	Microsoft is again pledging to improve the security of its software by beginning to notify customers of upcoming patches. However, the promise came just as experts warned that attack code exploiting 	ENTAILMENT
604	This example is Business	AFP - Troubled Japanese automaker Mitsubishi Motors Corp. has decided to reduce the scope of its business cooperation with DaimlerChrysler AG.	ENTAILMENT
605	This example is Sci/Tech	Group seeks to make Web access for mobile device users as easy as it is for desktop users.	ENTAILMENT
606	This example is Business	ANDOVER -- In one play, Andover's Matt Hennessy surpassed his team's first-half output, rushing for 23 yards to spark a sluggish Golden Warrior offense to a 17-7 victory over Lowell. Andover (6-0), known for its potent offense, was held to one first down and 20 yards of total offense in a scoreless first half.	ENTAILMENT
607	This example is Business	An epidemic has erupted in the postseason. In the first seven division series games, managers used their closers for three innings three times.	ENTAILMENT
608	This example is Sports	Canadian Press - KYIV, Ukraine (AP) - Tens of thousands of opposition supporters partied in Kyiv's main square Thursday, erecting a Christmas tree and waving orange flags in a show of confidence as the Supreme Court heard final arguments on whether to overturn disputed election results.	ENTAILMENT
609	This example is Sci/Tech	If you have a credit card with a variable interest rate, you may have noticed your rates have been going up.	ENTAILMENT
610	This example is Sci/Tech	EMC Corp. aims to make it easier for businesses to search unstructured information from multiple sources in multiple languages with a new software tool it released Monday.	ENTAILMENT
611	This example is Business	Stores are stocked with an abundance of featherweight gadgets. But some of these tiny gadgets raise a new question: How small is too small?	ENTAILMENT
612	This example is Sci/Tech	\Dentists develop an alternative sedation procedure to potentially risky general anaesthetic.	ENTAILMENT
613	This example is Sci/Tech	No doubt, Google and Yahoo! are great search engines. Google is great in speed and straightforward search results, while Yahoo! excels in integration of services.	ENTAILMENT
614	This example is Sci/Tech	NASA has released an inventory of the scientific devices to be put on board the Mars Science Laboratory rover scheduled to land on the surface of Mars in 2009, NASAs news release reads.	ENTAILMENT
615	This example is Sci/Tech	The Motley Fool - Investors have unloaded on many software companies lately, such as Red Hat (Nasdaq: RHAT - News), Siebel (Nasdaq: SEBL - News), Novell (Nasdaq: NOVL - News), and so on. However, with the markets perking up this week, investors are a little more sanguine about the sector -- at least for those stocks that exceed expectations.	ENTAILMENT
616	This example is World	THE number of wild animals across the world has plummeted by 40 per cent in the past 30 years because of changes in the way humans are living.	ENTAILMENT
617	This example is World	It has been a very long time since we had an opportunity to talk, and I wish that I could meet you and see you face to face, as I would like to tell you some things on very personal level.	ENTAILMENT
618	This example is Business	Sometimes when stocks soar, it has nothing to do with investors #39; genuine interest in the company #39;s prospects. They just buy because the stock is going up.	ENTAILMENT
619	This example is Sci/Tech	MacCentral - Microsoft's Macintosh Business Unit on Tuesday issued a patch for Virtual PC 7 that fixes a problem that occurred when running the software on Power Mac G5 computers with more than 2GB of RAM installed. Previously, Virtual PC 7 would not run on those computers, causing a fatal error that crashed the application. Microsoft also noted that Virtual PC 7.0.1 also offers stability improvements, although it wasn't more specific than that -- some users have reported problems with using USB devices and other issues.	ENTAILMENT
620	This example is Sports	For some, it turned out that fairness in online auctions was going, going, gone. Three cases of phony bidding by sellers to inflate the price of art, sports memorabilia, even 	ENTAILMENT
621	This example is World	High levels of  may be killing off people living in cities around the world, experts suspect.	ENTAILMENT
622	This example is World	Since most people using the MSN Spaces service are are just getting their weblogs up and running, it #39;s not easy to tell what a full-fledged blog on the site will look like.	ENTAILMENT
623	This example is Business	When the state doesn't allow companies to charge sufficient interest legally, the black market fills the void.	ENTAILMENT
624	This example is World	Yahoo will release a desktop search tool in early 2005, joining other search engines looking to catalog a variety of information beyond Web pages, the company said Friday.	ENTAILMENT
625	This example is Sci/Tech	A union group on Thursday unveiled a Web site that lets users identify more than 200,000 US-based companies it says have exported American jobs or lost them because they were hurt by foreign trade.	ENTAILMENT
626	This example is World	NewsFactor - XM Satellite Radio is the latest content provider to join the increasingly crowded online-music market, announcing the impending launch of a service delivering its radio programming via the Internet.	ENTAILMENT
627	This example is Sci/Tech	For back-to-school shoppers, a new alphabet reigns, and it starts with E for electronics. With camera cell phones and the Apple iPod music player topping student wish lists, some of the hottest gadgets have little to do with pen or paper, much less studying.	ENTAILMENT
628	This example is Sci/Tech	For back-to-school shoppers, a new alphabet reigns, and it starts with E for electronics. With camera cell phones and the Apple iPod music player topping student wish lists, some of the hottest gadgets have little to do with pen or paper, much less studying.	ENTAILMENT
629	This example is World	ISLAMABAD : Pakistan said on Monday that Kashmiri leaderships desire to hold talks with Islamabad should be respected. Pakistan said on Monday that Kashmiri leaderships desire to hold talks with Islamabad should be respected.	ENTAILMENT
630	This example is Sci/Tech	Internet file sharing, commonly referred to as peer-to-peer (P2P) networking, allows individuals to trade copies of their digital files over the Internet.	ENTAILMENT
631	This example is Sports	JEDDAH, 20 August 2004  First, let me make it clear that I have always enjoyed watching the Olympic Games on television ever since I was a child. The problem nowadays is that the Olympics have been turned into gigantic business proposition both for the ...	ENTAILMENT
632	This example is World	An anonymous group of malicious hackers has reopened an online store that sells the stolen source code of prominent software products.	ENTAILMENT
633	This example is World	An anonymous group of malicious hackers has reopened an online store that sells the stolen source code of prominent software products.	ENTAILMENT
634	This example is World	The e-tailer releases two new packages designed to help people and companies feature Amazon merchande on their own Web sites.	ENTAILMENT
635	This example is World	Opinion: Whether they realize it or not, many people leave sensitive information out in plain view on Web sites. But sooner or later, a Google search will dig it up.	ENTAILMENT
636	This example is Sci/Tech	"""Contingent"" deals transform the nation's workforce, not only for temp workers, but also for those in traditional jobs who compete with employees receiving lower pay, few benefits."	ENTAILMENT
637	This example is World	The outlook for the holiday season brightened Thursday as many of the nation #39;s retailers reported an improvement in sales in October.	ENTAILMENT
638	This example is Business	MEMPHIS Eric Shelton scored on a one-yard run with 37 seconds remaining to lift 14th-ranked Louisville past Memphis 56-to-49. The Tigers went ahead by a point when Stephen Gostkowski hit a 29-yard field goal with six-19 left.	ENTAILMENT
639	This example is Sports	HIGHLIGHT: Gymnastics team Al Trautwig and Tim Daggett #39;s superb job on the audience #39;s protest of Alexei Nemov #39;s score on the high bars.	ENTAILMENT
640	This example is Sci/Tech	Internet search providers are reacting to users' rising interest in finding video content on the Web, while acknowledging that there are steep challenges that need to be overcome.	ENTAILMENT
641	This example is World	Patents that result from collaboration between universities and companies won new protections from legal challenge under legislation that passed Congress over the weekend.	ENTAILMENT
642	This example is Sci/Tech	Telstra has re-launched a section of its website that allows customers to see current and past network reliability, for the country and their own regions. 	ENTAILMENT
643	This example is Business	AP - A summary of Vice President Dick Cheney's heart problems:	ENTAILMENT
644	This example is Business	TORONTO (CP) - Microcell Telecommunications #39; buoyant shares hit a new high Thursday amid heightened expectations of a bidding war between Telus Corp.	ENTAILMENT
645	This example is Sci/Tech	ICANN, the Internet Corporation for Assigned Names and Numbers, on Friday flipped the switch on a new URL transfer policy, which aims to simplify the way domain names can be moved between registrars.	ENTAILMENT
646	This example is Business	A closely watched measure of future economic activity fell in August for a third consecutive month, reflecting an uncertain climate for both businesses and consumers.	ENTAILMENT
647	This example is Business	A closely watched measure of future economic activity fell in August for a third consecutive month, reflecting an uncertain climate for both businesses and consumers.	ENTAILMENT
648	This example is Sci/Tech	With its open-source model, the company has the potential to shake up the industry, one analyst says.	ENTAILMENT
649	This example is Sports	The evolution of a physique for long-distance running is what made humans look the way we do now. The crucial role of running in human evolution, overlooked in previous research, is being proposed in an article 	ENTAILMENT
650	This example is Sports	Reuters - Tens of thousands of\people gathered in a northern Afghan town on Tuesday to hear\General Abdul Rashid Dostum launch his bid for the presidency,\as a slow election campaign began to gather pace.	ENTAILMENT
651	This example is World	With phishing attacks skyrocketing, the Federal Trade Commission (FTC) has issued a consumer alert detailing ways Web surfers can avoid being fleeced by online scammers.	ENTAILMENT
652	This example is Sports	: Two Palestinian boys, ages 7 and 8, were killed in an explosion in the Gaza Strip today. The Israeli military said the boys were killed by a stray mortar round fired by Palestinians.	ENTAILMENT
653	This example is Sports	Goal is to assist moms and dads in buying family-friendly entertainment for their kids. Video games are a popular item on the Christmas wish lists of kids, which 	ENTAILMENT
654	This example is Sports	Canadian Press - THE HAGUE, Netherlands (AP) - A bombing before dawn Monday blew the front door off a Muslim elementary school in a southern town and extensively damaged the building in what police suspect was a revenge attack for the killing of a Dutch filmmaker last week.	ENTAILMENT
655	This example is Sci/Tech	Dogpile Adding Topix.net News Headlines\\Topix.net announced a deal with InfoSpace to add Topix.net's news headlines to InfoSpace's Dogpile metasearch service, and also to help Dogpile's new IntelliFind technology determine when news content is likely to be relevant to users' Web search queries.\\Through this agreement, Topix.net alerts Dogpile to breaking news ...	ENTAILMENT
656	This example is Sports	Wide receiver Terrell Owens found a vacant corner of the end zone and executed his pattern perfectly, a picture of fluidity with his feet planted firmly on the turf and both hands rising above his head.	ENTAILMENT
657	This example is Sci/Tech	SanDisk has announced new, high-capacity versions of many of its flash card formats. New versions of both the miniSD and RS-MMC card formats now push the maximum capacity to 512 MB.	ENTAILMENT
658	This example is Sci/Tech	Number of users with high-speed connections has tripled in the last three years.	ENTAILMENT
659	This example is Sci/Tech	  About this time last year, I wrote a column following up on some pieces I'd written earlier to see what if anything new had happened to those topics. The reaction I heard afterwards convinced me that revisiting old news was a worthwhile exercise -- in general, it's too easy for tech reporters to lose sight of how a product works over time in the real world, as opposed to a brief trial in a reviewer's hands.	ENTAILMENT
660	This example is World	NewsFactor - Networking specialist Linksys has rolled out a collection of new Wi-Fi\gear for home systems, featuring a line of dual-band 802.11a/g products,\and announced that the company has inked a deal with Verizon to provide\Internet calling equipment.	ENTAILMENT
661	This example is Sci/Tech	New component could allow players small enough to fit in notebook PCs.	ENTAILMENT
662	This example is Sci/Tech	SAN FRANCISCO -- The next time you visit one of your favorite Web sites, you may be contributing to it as much as you #39;re taking from it.	ENTAILMENT
663	This example is Sci/Tech	THERE is never a right time to buy technology. Something cheaper, faster and better specified will be on the market before you have even got your product out of its box.	ENTAILMENT
664	This example is Sports	Reuters - The Athens Olympics will cost a total of\almost 10 billion euros ( #36;12.09 billion), more than double the\original target, pushing Greece's budget gap well above EU\limits, finance ministry sources said on Wednesday.	ENTAILMENT
665	This example is Sci/Tech	The US Supreme Court agreed Friday to consider a case likely to have a significant impact on the music, video and electronics industries.	ENTAILMENT
666	This example is Sci/Tech	Up to 15,000 audio files can be stored on the company's upcoming hard drive-based player.	ENTAILMENT
667	This example is World	It looks like the Washington Huskies search for a new head football coach has picked up in the last several days. Reports from around the country have stated that Washington has met with or contacted former 	ENTAILMENT
668	This example is Business	Perpendicular recording places bits of data end-to-end, instead of using the traditional method of storing them flat on the disk surface.	ENTAILMENT
669	This example is Business	Big run-ups in a few fast-food favorites might suggest that the value is gone, but take a closer look.	ENTAILMENT
670	This example is Sports	Canadian Press - OTTAWA (CP) - The man convicted of the brutal murder and rape that kept David Milgaard wrongfully imprisoned for 23 years will not be able to appeal his case to the Supreme Court of Canada.	ENTAILMENT
671	This example is Sci/Tech	The study shows that images of fear affect the emotional part of the brain. Since the link between the emotional brain and action is stronger than the link between the visual brain and action, viewing fearful 	ENTAILMENT
672	This example is Sci/Tech	In response to the latest external reporting requirements from the Feds, Cognos announced this week three additions to its suite of financial applications targeted at the enterprise office of finance.	ENTAILMENT
673	This example is World	NewsFactor - Long-time rivals PalmOne (Nasdaq: PALM) and Microsoft (Nasdaq: MSFT) have announced a licensing agreement that will enable the next generation of PalmOne's Treo smartphones to work directly with Microsoft's Exchange 2003 e-mail system.	ENTAILMENT
674	This example is Sci/Tech	 Australian scientists have invented an electronic driver's  assistant system, similar to the back-seat driver who forever  points out road signs and warns against speeding.	ENTAILMENT
675	This example is Business	A screensaver targeting spam-related websites appears to have been too successful.	ENTAILMENT
676	This example is Sci/Tech	The double-layer DVD drive is designed to record up to four hours of MPEG-2 video or up to 8.5GB of music and images.	ENTAILMENT
677	This example is Sci/Tech	Here's what you need to know to get the most desktop for your dollar at any price.	ENTAILMENT
678	This example is World	A top level report on artic climate change spurred by global warming has outlined possible oil industry benefits, but also many potential pitfalls.	ENTAILMENT
679	This example is Sci/Tech	I know you don #39;t care about people like me. Actually, you and the rest of the entertainment history don #39;t care about people, period.	ENTAILMENT
680	This example is Sci/Tech	TheDeal.com - The telecom, which holds billions of dollars worth of wireless spectrum, has until mid-October to file its reorganization plan.	ENTAILMENT
681	This example is Sci/Tech	Forbes.com - Rajiv Laroia was handed a dream assignment at Lucent's Bell Labs in 1997: Invent a way to put a broadband Internet in the sky. Don't worry about existing cell phone systems, just do it right.	ENTAILMENT
682	This example is Business	Job worries helped push consumer confidence down in September for the second consecutive month, the Conference Board reported Tuesday.	ENTAILMENT
683	This example is Sci/Tech	Search engines can tell you a lot about your competition, if you know what to look for. A panel of experts offers tips on profiling your competition.	ENTAILMENT
684	This example is World	Consolidation in the security sector continued last week as three firms planned a merger to form a new security giant offering global services.	ENTAILMENT
685	This example is Sci/Tech	I have been talking about this for a month, and I am finally starting to see more stories about the remarkable changes that begin today.	ENTAILMENT
686	This example is Sports	Tickets to your favorite bowl game are readily available, for a price.	ENTAILMENT
687	This example is Business	Reuters - The European Union's three big powers\and Iran have reached a preliminary deal over Tehran's disputed\nuclear program which could be finalized in the next few days,\a senior Iranian security official said Sunday.	ENTAILMENT
688	This example is Sci/Tech	EDS: 'badly designed, badly developed, badly tested, badly implemented'	ENTAILMENT
689	This example is World	The nations retailers had a disappointing start to the holiday season, reporting sluggish sales for November after a surge in Thanksgiving weekend business failed to materialize.	ENTAILMENT
690	This example is Sci/Tech	Google has released a free search tool which sits on the PC desktop and can search its host computer for virtually anything. Launched on Thursday, it blends a search of hard-drive files, emails, recently visited 	ENTAILMENT
691	This example is Sci/Tech	Google is adding the books and papers owned by some of the world #39;s leading libraries to its database in the latest step of its mission to make every piece of information available online.	ENTAILMENT
692	This example is Sci/Tech	Investigations have found that several companies inflated circulation totals and revenue in order to keep advertising rates high.	ENTAILMENT
693	This example is World	The subscription software company adds 85,000 individual subscribers to its online customer information system.	ENTAILMENT
694	This example is Business	washingtonpost.com - What do file-sharing companies and the National Rifle Association have in common?  A common legal argument, that's what.	ENTAILMENT
695	This example is Business	Beware the web, beware even of known and trusted web sites that you have been visiting for years. For even the most trustworthy of organisations, operating the most trustworthy of web sites 	ENTAILMENT
696	This example is Sci/Tech	SAP is rolling out a hosted service it hopes will appeal to midsize customers that can rent the software for as little as \$325 per user per month while avoiding the complexity of in-house installations.	ENTAILMENT
697	This example is Business	 NEW YORK (Reuters) - Insurance payments to victims of  Hurricane Frances are expected to reach \$4.4 billion, making it  the fourth most costly storm in U.S. history, an insurance  industry group said on Thursday.	ENTAILMENT
698	This example is Sci/Tech	" DETROIT (Reuters) - Auto retailer CarMax Inc. &lt;A HREF=""http://www.investor.reuters.com/FullQuote.aspx?ticker=KMX.N target=/stocks/quickinfo/fullquote""&gt;KMX.N&lt;/A&gt; on  Tuesday cut its second-quarter earnings forecast due to  slower-than-expected used-car sales, sparking a 3.7 percent  drop in its shares."	ENTAILMENT
699	This example is World	'Significantly exceeds previously estimated workforce-reduction target'	ENTAILMENT
700	This example is Business	When Jets coach Herman Edwards started reviewing the many problems that plagued his defense last year, one glaring weakness jumped out at him.	ENTAILMENT
701	This example is World	NewsFactor - The EU is expected to approve the merger between rivals Oracle (Nasdaq: ORCL) and PeopleSoft (Nasdaq: PSFT), according to sources close to the proceedings.	ENTAILMENT
702	This example is Sci/Tech	Just like cars, home computers need tune-ups. Unfortunately, most of us have never gotten into the habit. Everybody knows to take their cars for routine service, but we often neglect to perform the common-sense maintenance that can keep our home PCs running well.	ENTAILMENT
703	This example is Sci/Tech	Dangerous new ways to try to steal your money are in progress.	ENTAILMENT
704	This example is Business	A second bankruptcy filing comes after a month of warnings and a failure to secure labor concessions.	ENTAILMENT
705	This example is Sci/Tech	AP - Stacks of hard-to-find books are being scanned into Google Inc.'s widely used Internet search engine in its attempt to establish a massive online reading room for five major libraries.	ENTAILMENT
706	This example is Sports	Reuters - Shares of SuperGen Inc. \dropped 17 percent before the bell on Monday after the company\said it withdrew an application to market its pancreatic cancer\treatment in the United States due to insufficient data.	ENTAILMENT
707	This example is Sci/Tech	However, because it is coming out earlier, Longhorn will be trimmed of some of the more innovative stuff that has been seen in earlier builds.	ENTAILMENT
708	This example is Sci/Tech	Two Silicon Valley companies that have already become household names in tech savvy homes are working together to bring movies to the home digitally.	ENTAILMENT
709	This example is Sports	Reuters - An official from the Palestinian\militant group Hamas was killed on Sunday when a bomb exploded\in his car in Damascus, Hamas spokesmen and witnesses said.	ENTAILMENT
710	This example is Sci/Tech	Microsoft have let the public use a beta of their tool for some months while testing continues. The last few days have seen a new release of the beta which seems to be getting closer to bringing back consistently sensible results.	ENTAILMENT
711	This example is Business	Irrational markets can create buying opportunities for those watching the right numbers.	ENTAILMENT
712	This example is Sci/Tech	Users will see book excerpts alongside ordinary Google Web page search results.	ENTAILMENT
713	This example is Sci/Tech	Buying a new television used to straightforward: It was simply a matter of deciding how large you wanted the screen to be. Today, however, the purchase process has become much more complex as the 107-year-old 	ENTAILMENT
714	This example is Sci/Tech	Buying a computer should be easy -- almost anything sold today should competently handle most home-computing chores. But it's not, since so many companies market essentially the same machine.	ENTAILMENT
715	This example is World	Software giant expands its indemnification program to cover the majority of its customers.	ENTAILMENT
716	This example is World	A website that apologises to the world for the US election results has been hugely successful.	ENTAILMENT
717	This example is Business	Several Web sites recently began offering software promising ringtones and screen savers for certain cell phones. But those who downloaded the software found that it turned 	ENTAILMENT
718	This example is Business	Canadian Press - GENEVA (AP) - The mounting death toll in Sudan's conflict-ravaged Darfur region could rise six-fold by the end of the year, hitting 300,000, a senior U.S. aid official said Monday.	ENTAILMENT
719	This example is Sci/Tech	Forbes.com - In an August memo typed from his hospital bed, Steve Jobs--Apple's chief executive, patriarch and media impresario--let his employees know he would be out for a month to recover from surgery to remove a rare form of pancreatic cancer. Patients with this type of cancer, called an islet cell neuroendocrine tumor, have a 90 survival rate, especially if treated early. Apple says Jobs is due back in September.	ENTAILMENT
720	This example is World	Google has announcing five new content partners and a massive scanning project that will bring millions of volumes of printed books into the Google Print database.	ENTAILMENT
721	This example is Sports	AP - Crosses, burned vehicles and blown-up bridges mark the narrow road that runs from a provincial capital to this village near the Venezuelan border  #151; the scars of a protracted and bitter battle between a right-wing paramilitary group and Marxist rebels for control of the region's cocaine industry.	ENTAILMENT
722	This example is Sci/Tech	A case scheduled for hearing in December focuses on technology for automatically loading software from a disc.	ENTAILMENT
723	This example is Business	Hundreds of Xbox owners with modified consoles say they've been banned from the Xbox Live service in the past few days. \	ENTAILMENT
724	This example is Sci/Tech	Device can be connected to a camcorder or VCR for transferring taped footage directly to a DVD, without using a computer.	ENTAILMENT
725	This example is World	Slowdown will give big companies more time to hunt down compatibility problems, the company says.	ENTAILMENT
726	This example is Sci/Tech	Nintendo Co. and Sony Corp. made separate product unveilings yesterday that the video game giants hope will attract more customers ahead of the highly competitive holiday shopping season.	ENTAILMENT
727	This example is Sports	Reuters - North Korea said Monday last week's\explosion in its remote northeast was part of a hydro-electric\project, the BBC quoted the North's foreign minister as saying.	ENTAILMENT
728	This example is Sci/Tech	X-Prizes for breakthroughs in science or technology that solve the world's greatest challenges are planned.	ENTAILMENT
729	This example is Business	MORTGAGE lending fell again last month, a further sign that the housing bubble has burst. About 25.4bn was lent by banks and building societies last month, down 4 on August and the second monthly fall in 	ENTAILMENT
730	This example is Sci/Tech	It's back -- the season of peace, good fellowship, and digital marvels. The Entertainment Software Association reckons that nearly one third of all Americans will give a computer game as a Christmas gift in 2004. And this year's crop of games may be the most spectacular yet.	ENTAILMENT
731	This example is Sci/Tech	Online file-sharing is less of a problem for the movie industry because it has a much more diverse revenue model. In addition to the sale of movie tickets, money comes in from co-branding 	ENTAILMENT
732	This example is Sci/Tech	USATODAY.com - Tech workers are holding on to their jobs tighter than they have in more than 20 years.	ENTAILMENT
733	This example is World	Domain hosting and parking services drop in price, rise in capacity to lure small businesses. Trying to attract more small business customers, Yahoo has introduced a new domain name registration service and significantly increased the storage space and ...	ENTAILMENT
734	This example is World	Sales of downloaded digital music in Europe will continue to grow steadily in the next five years, but will not replace the CD anytime soon.	ENTAILMENT
735	This example is World	Under the measure, property owners who can prove that environmental or zoning rules have hurt their investments can force the government to compensate them.	ENTAILMENT
736	This example is Sci/Tech	Yesterday's technology designs are becoming popular among those in their teens and 20's eager to usher back a time they experienced only barely, if at all.	ENTAILMENT
737	This example is World	Fueled by optimism for a growing US economy, two advertising forecasters yesterday predicted notable gains for the industry next year, despite the absence of the presidential 	ENTAILMENT
738	This example is World	Microsoft has cobbled together dozens of third-party software plug-ins and add-ons that enhance IE and provided links to them from its Windows Marketplace site.	ENTAILMENT
739	This example is Sports	The ring sits in the spotlight of a tense, packed auditorium and the jittery fighters await the bell at their red and blue corners. Like any fight, there's always the danger of a punishing uppercut or left hook. But these boxers have even more worries  like battery failure and software bugs.	ENTAILMENT
740	This example is Sci/Tech	More than ever, today's consumers need to plan and research their tech purchases to make sure the parts of their digital dream home will actually work together.	ENTAILMENT
741	This example is Sci/Tech	Microsoft MSN Desktop Search Is Out In Beta\\As expected, Microsoft has finally released a beta of their Desktop Search software. It is integrated with their Browser Toolbar set and is now labeled MSN Toolbar Suite Beta.\\The download size is huge compared to Google Desktop Search at 4.8megs and you would ...	ENTAILMENT
742	This example is Sci/Tech	With an internet connection, users enter an address or other location information and Keyhole #39;s software accesses the database and takes them to a digital image of that location on their computer screen.	ENTAILMENT
743	This example is Sci/Tech	Insensitivity to cultural issues has led to some of the software giant's products being banned in some countries.	ENTAILMENT
744	This example is Business	Dr. C. Erec Stebbins talks about using a nearly 100-year-old investigative tool to identify the bacterial proteins that cause disease.	ENTAILMENT
745	This example is Sci/Tech	AP - Talbots Inc., the women's clothing retailer, cut its third-quarter earnings forecast Wednesday, citing low September sales.	ENTAILMENT
746	This example is Business	The menu at Flash's, a saloon on Boston's Stuart Street, offers many choices. The jukebox offers even more.	ENTAILMENT
747	This example is Sports	Pedro Martinez had the last laugh in October. Now he #39;s going to have the last laugh and a very nice contract. Martinez covered the gamut of competitive and emotional experiences this October, from being a 	ENTAILMENT
748	This example is Business	Americans have a passion for the great outdoors but often seem downright lackadaisical about protecting their skin from the sun's damaging rays. Myths about sun exposure -- and there are quite a few -- may encourage people's risky behaviors, experts say.	ENTAILMENT
749	This example is World	But the company's guidance for next year failed to top Wall Street's estimates, and its shares fell in after-hours trading.	ENTAILMENT
750	This example is Sci/Tech	Security researchers warned today of a vulnerability in most Web browsers that could allow scammers to launch phishing attacks from pop-up windows on trusted Web sites.	ENTAILMENT
751	This example is Sci/Tech	\A specially shaped camera lens which means images are never out of focus could find its way onto camera phones.	ENTAILMENT
752	This example is Sci/Tech	Digital audio downloads save shelf space, and patrons don #39;t have to wait until a book is returned. Remember how exciting it was as a child to go into the library to fill out an application for your very own 	ENTAILMENT
753	This example is World	PC shipments have started to ease off, as expected, but the worldwide PC market remained fairly strong in the third quarter, according to research from IDC and Gartner released Monday.	ENTAILMENT
754	This example is World	It seems hard to imagine, but the Internet was still a wild frontier just a decade ago.  But at a leading industry conference of the time a group of seers offered some remarkably prescient predictions of what was to come.	ENTAILMENT
755	This example is Sports	It #39;s a great idea that private money finance at least 50 percent of the cost of a new riverfront baseball stadium. It #39;s a smart idea to protect the District from millions of dollars in penalties resulting 	ENTAILMENT
756	This example is Sci/Tech	By its very nature, open-source software would appear to run counter to the goals of venture capitalists. Not only is it distributed and developed for free by a loose-knit group of techies from around the 	ENTAILMENT
757	This example is World	A company which makes software that infiltrates users #39; computers and demands \$30 to be removed has been targeted by US authorities.	ENTAILMENT
758	This example is Sci/Tech	Lowering sticker on handheld game player to \$80 is early move in expected battle for portable gaming market.	ENTAILMENT
759	This example is Sci/Tech	It #39;s a great time to be an Internet shopper, but the same search technology that is transforming the Web into a bargain-hunter #39;s paradise is putting the squeeze 	ENTAILMENT
760	This example is Sci/Tech	Security specialists are now in great demand, thanks to a boom in malicious attacks on computer systems by hackers and viruses, and an array of new communications technologies that carry new security risks.	ENTAILMENT
761	This example is World	The Supreme Court has denied a challenge to the federal Do Not Call List. Telemarketing companies had filed an appeal, saying the registry violated First Amendment rights because some groups were exempt from the rules.	ENTAILMENT
762	This example is World	XM Satellite Radio Holding Inc. on Wednesday said it would launch a commercial-free, Internet music service in early October. With XM Radio Online, subscribers will be able to listen to the 	ENTAILMENT
763	This example is World	The recording industry on Thursday filed another round of copyright infringement lawsuits against people it said were illegally distributing songs over the Internet.	ENTAILMENT
764	This example is Business	MANY inexpensive DVD recorders will do a fine job as a replacement for your VCR when it comes to time-shifting television programs.	ENTAILMENT
765	This example is Sci/Tech	The chances of a user being sued for intellectual property (IP) infringement related to software usage are slim, industry observers say. But that may change, as some companies hoard patents for the express purpose of using them to extract money from sellers and users of software.	ENTAILMENT
766	This example is Sci/Tech	What rights will you give up in order to get some work?      We are guaranteed certain protections against the tyranny of the State, but what's to stop private companies from ignoring those protections, so long as they can require us to agree to forego them in order to receive employment?	ENTAILMENT
767	This example is Business	Reuters - Lawn-care equipment maker Toro Co. on\Wednesday reported stronger-than-expected quarterly earnings\and doubled its dividend, citing increased sales and cost\controls.	ENTAILMENT
768	This example is Sci/Tech	In a judicial blow to the entertainment industry, a federal appeals court ruled that makers of two leading file-sharing programs are not legally liable for the songs, movies 	ENTAILMENT
769	This example is Business	India News: Srinagar, Dec 5 : Three separatist guerrillas were killed after a night-long gun battle with Indian soldiers in Jammu and Kashmir, police said Sunday.	ENTAILMENT
770	This example is Sci/Tech	Reuters - U.S. Chief Justice William H.\Rehnquist, who was diagnosed with thyroid cancer in October,\will not be present when the Supreme Court reconvenes next week\to hear oral arguments, the Washington Post reported.	ENTAILMENT
771	This example is Business	It is the body's internal chemicals and hormones that send diseases out to strut their stuff at night.	ENTAILMENT
772	This example is Business	Sure, many penny stocks are bad. But some of them offer divine returns for the Foolish bargain hunter.	ENTAILMENT
773	This example is Sci/Tech	Software giant says the final version will be available next year.	ENTAILMENT
774	This example is World	Can a season be lost before Labor Day? Generally, the answer is no. Even the worst losses can be worked around when they occur on the first weekend of September. There's more than enough time for a team to move past any disappointment in losing a game most expected it to win.	ENTAILMENT
775	This example is Sports	Reuters - Maoist rebels blockading the Nepali\capital killed four soldiers on Tuesday in an attack on a\patrol trying to keep the main highway to Tibet open for\traffic, an army spokesman said.	ENTAILMENT
776	This example is Business	Chile's Internal Tax Service filed a criminal complaint against former ruler Augusto Pinochet after an investigation of his accounts at Riggs Bank in Washington. Riggs was not a subject of the complaint.	ENTAILMENT
777	This example is Sci/Tech	Firefox #39;s share of the US browser market grew by more than a third in the last month. Firefox #39;s share of the US browser market grew by more than a third in the last month, a Web metrics firm said Monday.	ENTAILMENT
778	This example is Sports	The New York Giants aren't just winning. They're doing the kinds of things winning teams do.	ENTAILMENT
779	This example is Business	Several Web sites this month began offering software promising ring tones and screen savers for certain cellphones. But those who downloaded the software found that it turned 	ENTAILMENT
780	This example is World	"Prepare yourself for ""time bomb"" exploits that attack web-based systems at a pre-determined time."	ENTAILMENT
781	This example is Business	Reuters - It is unclear if Iran's nuclear\ambitions are entirely peaceful, but there is still no firm\evidence that Tehran is secretly developing atomic weapons as\Washington asserts, the U.N. nuclear watchdog said on Tuesday.	ENTAILMENT
782	This example is Sci/Tech	As far as keeping their customers satisfied, Web portals, search engines, and news and information sites in the US continue to improve but still have work to do, according to a report released Tuesday.	ENTAILMENT
783	This example is Business	STEVE McCLAREN returned to Spain for the second time in little more than a week and, although there was no recurrence of the Neanderthal noises that marred Englands defeat in Madrid, he was again made to endure a substandard performance from one of his 	ENTAILMENT
784	This example is Sci/Tech	As information security threats have grown more lethal in the past decade, many senior executives still remain in the dark when it comes to protecting their organizations.	ENTAILMENT
785	This example is Sports	Jim Mora Jr and Steve Mariucci are familiar with each other from their days with the San Francisco 49ers. Mora was defensive co-ordinator under Mariucci with the 49ers and the two will renew old acquaintances 	ENTAILMENT
786	This example is Sports	AP - Suspected arsonists set an Islamic elementary school on fire Tuesday amid a string of attacks following the killing of a Dutch filmmaker by an alleged Islamic extremist.	ENTAILMENT
787	This example is Business	WASHINGTON -- The government needs to do a better job monitoring and inspecting hazardous materials shipped aboard airlines, according to a report released Friday by the Transportation Department #39;s inspector general.	ENTAILMENT
788	This example is World	 The Web search company said it will commence its share  buyback offer today for the 23.4 million common shares it may  have issued improperly to previous and current employees and  consultants.	ENTAILMENT
789	This example is World	The game-by-game story of how this Red Sox-Cardinals World Series matchup plays itself out is going to add a new chapter to Sox history. However, we'll also be keeping an eye on one of the lesser stories that will reflect the big news from the Series.	ENTAILMENT
790	This example is Sci/Tech	The Wi-Fi Alliance appears to have lost patience with vendors who it feels have been jumping the gun by launching wireless products using standards that have not been ratified by the Alliance.	ENTAILMENT
791	This example is World	Open source software is a viable alternative to commercial proprietary software, with potential significant value-for-money benefits for government, the Office of Government Commerce (OGC) has concluded.	ENTAILMENT
792	This example is Sci/Tech	A Silicon Valley startup aiming to catapult wikis into the mainstream and transform the editable Web sites into an application development platform has attracted a flood of interest for its product beta.	ENTAILMENT
793	This example is Sci/Tech	The graphics library, an alternative to Microsoft's DirectX, gets new features designed to add razzle-dazzle to PC games.	ENTAILMENT
794	This example is Sci/Tech	The graphics library, an alternative to Microsoft's DirectX, gets new features designed to add razzle-dazzle to PC games.	ENTAILMENT
795	This example is Sci/Tech	Forget bookmarks: Web content managers allow you to create your own personal, searchable cache of web pages.	ENTAILMENT
796	This example is World	NewsFactor - The city of Taipei plans to make wireless Internet access available throughout the Taiwanese capital by the end of next year.	ENTAILMENT
797	This example is World	In hindsight it is becoming clear that the strong economic growth over the past two years depended on bringing in large quantities of capital from the rest of the world.	ENTAILMENT
798	This example is Business	If destructible DVDs are going to have a fair shot, distributors are going to have to test the concept by releasing a film that is reasonably in demand.	ENTAILMENT
799	This example is Sports	Reuters - Sudanese Darfur rebels arrived in Nigeria\on Sunday ahead of peace talks under the African Union (AU) to\resolve a conflict that has killed up to 50,000 and displaced\more than a million people.	ENTAILMENT
800	This example is Business	AFP - Australian property giant Westfield Group announced a 585 million pound bid to acquire British shopping center operator Chelsfield, a move seen as likely to spark a bidding war with rival Multiplex.	ENTAILMENT
801	This example is Sci/Tech	Gift cards are the perfect gift - they always fit and never cost a fortune to send, right? But consumer advocates are cautioning that we need to be slightly more careful when it comes to such gifts.	ENTAILMENT
802	This example is World	As the number of Web services specifications proliferates, some developers advocate a return to a simpler approach.	ENTAILMENT
803	This example is Sci/Tech	Certainly you know by now that Windows XP Service Pack 2 (SP2) has been released. As anticipated, some systems have had problems after installation of the new service pack. But many people report that their installations have been successful and without ...	ENTAILMENT
804	This example is Sci/Tech	All three models to be released use a 1.8-inch hard drive that can hold up to 2,500, 5,000 and 15,000 pieces of music, respectively.	ENTAILMENT
805	This example is Business	Reuters - Libyan leader Muammar Gaddafi will host\a summit on the troubled western Sudanese region of Darfur with\the presidents of Chad, Egypt and Nigeria, a Libyan government\source said on Tuesday.	ENTAILMENT
806	This example is Business	Microsoft issues patches for holes that could allow remote attackers to gain control of your PC. Microsoft this week released 10 software security patches for its products, including seven it deemed critical 	ENTAILMENT
807	This example is Sports	The coaches of high-performance athletes will benefit the most from the federal government #39;s announcement yesterday of how it will divide up \$19.	ENTAILMENT
808	This example is Business	Reuters - The Russia government has offered a  #36;10\million reward for information to help it hunt down Chechen\rebel leaders Shamil Basayev and Aslan Maskhadov, accused by\Moscow of being behind last week's school siege, news agencies\reported on Wednesday.	ENTAILMENT
809	This example is Sci/Tech	At PeopleSofts European conference this week, the vendors senior executives were keen to point out the progress that the firm has made in the past year, including new services to make updates easier for customers.	ENTAILMENT
810	This example is Business	Pricing plans designed to let companies pay only for what they actually use are proving difficult to pull off.	ENTAILMENT
811	This example is World	People face poverty in retirement unless they save more, a major report into pensions will reveal. The Pensions Commission report says that there is a 57 billion shortfall in the amount people are saving for retirement.	ENTAILMENT
812	This example is Sci/Tech	Certificates of authority (COAs) are affixed to software packaging to let buyers know it #39;s the real thing. But when the COA itself is counterfeit, resellers also feel the pain, Microsoft (Quote, Chart) found.	ENTAILMENT
813	This example is Sports	"By altering a gene, scientists have produced ""marathon mice"" with more muscle, less fat, and twice the endurance of regular mice. The find could lead to new anti-obesity drugs."	ENTAILMENT
814	This example is Sports	AP - Sirius Satellite Radio signed a deal to air the men's NCAA basketball tournament through 2007, the latest move made in an attempt to draw customers through sports programming.	ENTAILMENT
815	This example is Sports	Reuters - Two Chinese engineers working at a\hydro-electric project in Pakistan were kidnapped by tribesmen\on Saturday in a region where security forces have been hunting\militants linked to al Qaeda, officials said.	ENTAILMENT
816	This example is Sports	Ferrari #39;s rivals have warned them that only  quot;hollow quot; victories await them if they don #39;t agree to reduce the number of days they will spend testing during next year #39;s Championship.	ENTAILMENT
817	This example is Sci/Tech	Parind Raval and Siamak Asgari spent six years working for a variety of technology companies while seeking a niche that would allow them to start their own business. Two years ago, Asgari met a school-system official who mentioned the need for an effective student management system in public schools.	ENTAILMENT
818	This example is Sci/Tech	Microsoft released on Tuesday a preview version of new tools intended to make it easier for companies to create custom Web applications.	ENTAILMENT
819	This example is Sci/Tech	Apple has begun shipping Logic Express 7, music composition and production software that delivers professional quality audio and MIDI tools at an affordable price of \$299. With new Apple Loops support, software instruments and high-quality effect plug-ins, Logic Express 7 allows musicians to create, record, edit, and mix music. Oct 28	ENTAILMENT
820	This example is Sci/Tech	Starting in October, the company will begin selling higher-speed cards that transfer data at rates of up to 80mbps.	ENTAILMENT
821	This example is Sci/Tech	Copernic Desktop Search for Mozilla Firefox \\Copernic today announced the availability of a new version (1.2) of its Copernic Desktop Search (CDS) product that fully supports the Mozilla Firefox Web browser. Copernic claims to be the first desktop search tool which works with Mozilla Firefox.CDS 1.2 also features up to ...	ENTAILMENT
822	This example is World	The nations expressed concern about climate change but did not agree on a common strategy for curbing emissions.	ENTAILMENT
823	This example is Sci/Tech	If you're not ready to feverishly debate Iraq or the deficit in this bitterly divisive election year, you can always surf the Web, where politics is frequently nothing but a big joke. President Bush and challenger John Kerry are spoofed as utter fools on the Internet daily, usually in good fun.	ENTAILMENT
824	This example is Sci/Tech	IT is undergoing the kind of cultural evolution that companies endured when they first pushed computing technology out to the bulk of their workforces.	ENTAILMENT
825	This example is Sci/Tech	It #39;s no wonder portable digital music players are one of the hottest gadgets this holiday season, as they carry hundreds or even thousands of songs, they #39;re compact enough to bring anywhere and getting music on to the player is as easy as two mouse clicks 	ENTAILMENT
826	This example is Sports	When it comes to switching positions for the good of the team, some players do it comfortably while others, according to Patriots coach Bill Belichick, wouldn't even be asked.  quot;Some players can interchange from position to position seamlessly and you would never know sometimes what their primary spot was, quot; said Belichick, whose team had a day off from ...	ENTAILMENT
827	This example is World	The Motion Picture Association of America has escalated its hunt for Internet movie pirates with the filing of several lawsuits against individuals the MPAA says are distributing pirated movies.	ENTAILMENT
828	This example is Business	New M-rated, non-NFL game will feature off-field political fallout, on-field unnecessary roughness, and post-play partying. At least one sports video game publisher in the industry isn #39;t bothered by the exclusive 	ENTAILMENT
829	This example is Sci/Tech	Steganography is the science of hiding one message inside another message - hiding in plain sight, so to speak.  Think of steganography as the soft-spoken yet elegant sister of cryptography. Where cryptography scrambles a message to prevent unauthorized people from reading it, steganography opts instead to hide the message in such a way that it is not obvious that there is anything there to see.  Read on for a description of steganography, with examples.	ENTAILMENT
830	This example is Business	George Bush seems to be gaining a reputation lately for saying the wrong things in his speeches and diplomacy has been replaced with insults.	ENTAILMENT
831	This example is Sci/Tech	Q: Where can I get help if I have problems with my computer after installing Windows XP Service Pack 2? A: Only a small percentage of Windows users have reported serious issues after installed Service Pack 	ENTAILMENT
832	This example is Business	FindWhat and BizJournals Ink Search Advertising Deal\\FindWhat.com today announced an exclusive search engine advertising relationship with Bizjournals, the nation's largest publisher of metropolitan business newspapers and popular business news website publisher.\\Under the terms of the exclusive search advertising distribution agreement, FindWhat.com will supply Bizjournals.com and each of its 41 local ...	ENTAILMENT
833	This example is Sports	Sony has developed a computer chip that allows viewers to zoom in on any part of a TV image, such as a favorite soccer player or an intruder on security-camera footage, while keeping the image sharp.	ENTAILMENT
834	This example is Sci/Tech	Networking provider upgrades a slew of products so large companies can better connect their workers.	ENTAILMENT
835	This example is Sci/Tech	"Thornbugs communicate by vibrating the branches they live on. Now scientists are discovering just what the bugs are ""saying."""	ENTAILMENT
836	This example is Business	typically e-mailed as enticements to bogus sites that endanger users #39; systems and expose their personal information -- is limited in scope 	ENTAILMENT
837	This example is Sci/Tech	Perfect 10 is suing Google for unspecified damages, alleging copyright infringement. Google provides unauthorized access to thousands of its copyrighted pictures, Perfect 10 says.	ENTAILMENT
838	This example is World	The earnings information the company offers ranges as wide as its product line.	ENTAILMENT
839	This example is World	Google Groups Launched Out of Beta\\Google today launched Google Groups out of beta testing on the 'Groups' link of the Google home page at www.google.com. This enhanced product enables users to create, manage, search and browse web-based groups, as well as subscribe to and track favorite groups. Building on the ...	ENTAILMENT
840	This example is Business	WASHINGTON -- Why is the subject of giving such a difficult thing to discuss? Some folks would rather ask someone for a kidney than for a donation to a charitable cause.	ENTAILMENT
841	This example is Sci/Tech	AP - Gap Inc.'s third-quarter profit improved slightly even as the clothing retailer's sales began to sag.	ENTAILMENT
842	This example is World	Ziff Davis - The number of enterprises migrating from Windows to Linux is a growing concern for Microsoft. But it's not a one-way street. Some companies #151;unhappy with their open-source experience #151;are making the switch back to Windows.	ENTAILMENT
843	This example is Sports	Laksamana.Net - Gold mining firm Newmont Minahasa Raya (NMR) is planning to sue the National Police for detaining five of its executives on pollution allegations, claiming the detentions are unlawful.	ENTAILMENT
844	This example is World	Auto-parts maker Delphi Corp. said Monday that it completed the planned shutdown of its Flint West, Mich., manufacturing plant, the largest of four US consolidations in its previously disclosed plan to reduce 	ENTAILMENT
845	This example is World	No. 1 US satellite television provider DirecTV Inc. says it will launch four new satellites to expand programming capacity, particularly for high-definition channels and interactive services.	ENTAILMENT
846	This example is Sports	"AP - KIEV, Ukraine  #151; Their name means ""It's Time."" Their slogan shows a ticking clock, and their ability to bring thousands of students to the streets is spooking the government as the country prepares for Sunday's pivotal presidential election."	ENTAILMENT
847	This example is Business	Reuters - Suspected drug gangsters murdered\eight people execution-style in and around the Caribbean beach\town of Cancun this week as a wave of brutal killings hit\Mexico.	ENTAILMENT
848	This example is Sci/Tech	Analysts speculate that the software giant will focus on the low end of the market, at least initially.	ENTAILMENT
849	This example is Business	Search junkies can be psyched for a cool site, but will some features backfire?	ENTAILMENT
850	This example is Sci/Tech	The Computing Technology Industry Association asked both campaigns to answer 12 technology-related questions to help the trade group's 20,000 members get information about their views.	ENTAILMENT
851	This example is Sci/Tech	washingtonpost.com - Oracle Corp.'s  #36;24-a-share hostile takeover bid for PeopleSoft Inc. heated up anew yesterday as tonight's deadline for stockholders to offer their shares for sale approached.	ENTAILMENT
852	This example is Sci/Tech	Five companies are teaming up to deliver broadcast programming to wireless handsets.	ENTAILMENT
853	This example is Sci/Tech	Firm's ReportNet product now is available for Red Hat Enterprise Linux running on IBM's pSeries servers.	ENTAILMENT
854	This example is World	Context Within Search and Optimization\\A part of the problem in search engines relates to end users (you) expectations of what you will see in search results. I've run a few search query tests on the search engines recently. It's really an ongoing thing. I basically tested various wordings of the ...	ENTAILMENT
855	This example is World	The US Supreme Court said today it will hear argument on whether online cable access must allow rivals to use its equipment. The case could ultimately decide whether cable operators must allow use of their 	ENTAILMENT
856	This example is Sci/Tech	"The BBC's digital radio services must remain distinctive from rivals to ensure a ""healthy"" market, a report says."	ENTAILMENT
857	This example is Sci/Tech	Otago University computer science lecturer and games expert Simon McCallum is urging parents to pay more attention to the ratings classifications on computer games, many of which, he says, are aimed at adults.	ENTAILMENT
858	This example is Sci/Tech	AP - Internet users at home are not nearly as safe online as they believe, according to a nationwide inspection by researchers. They found most consumers have no firewall protection, outdated antivirus software and dozens of spyware programs secretly running on their computers.	ENTAILMENT
859	This example is Sci/Tech	While software makers are planning to move more of their products to a subscription basis, 64 percent of the buyers surveyed still prefer the old way of doing things.	ENTAILMENT
860	This example is Business	A group of companies backing the Blu-ray DVD format announced plans to release camcorders that are compliant with the standard and can record on smaller disks than are currently available.	ENTAILMENT
861	This example is Sports	AP - Chechen security forces killed 22 separatist rebels, including the alleged leader of the assassination of the republic #39;s president, Chechen deputy prime minister Ramzan Kadyrov said, according to news reports.	ENTAILMENT
862	This example is Sci/Tech	You can archive old home movies onto DVD without ever touching a PC. We explore your options and offer some tips on doing it right.	ENTAILMENT
863	This example is World	GMail changed many things for me. I started using webmail again. Redirected most of my pop mail ids to GMail for easy accessibility from any computer.	ENTAILMENT
864	This example is World	Allowing consumers to search the content of books online could shift the balance of power between companies that produce books and those that sell them.	ENTAILMENT
865	This example is Sports	Reuters - Maxim Pharmaceuticals Inc.\ said a trial to confirm the benefit of its Ceplene\drug failed to show an improvement in survival rates for\patients with liver cancer, sending its shares plunging on\Monday.	ENTAILMENT
866	This example is World	Outstanding ROIC and market-beating performance go hand-in-hand for these stocks.	ENTAILMENT
867	This example is Sci/Tech	The way to soothe an anxious sheep is to show it a picture of another sheep. British scientists believe that - like humans - sheep need to see a familiar face when they are alone.	ENTAILMENT
868	This example is Sci/Tech	As part of three-pronged, anti-piracy attack launched Tuesday, the Motion Picture Association of America (MPAA) plans to release free software to help parents determine what movie and music titles their children have stored on a computer, along with any 	ENTAILMENT
869	This example is World	Lately, the company's retail operation has been lagging behind sales of its locations.	ENTAILMENT
870	This example is Sci/Tech	Apple has introduced two new Jam Packs for its popular GarageBand consumer music creation software today. These two new packs offer new instruments and loops for different genres.	ENTAILMENT
871	This example is Sci/Tech	The company, which has long fought legislative efforts to limit its powers, is hoping the strategy will put them in a stronger position to bargain over crucial details with the  government.	ENTAILMENT
872	This example is Sports	 quot;I went through the same period back in end of  #39;97, all through  #39;98 and early  #39;99, quot; Woods said at a news conference Friday.	ENTAILMENT
873	This example is World	After receiving harassing messages and even a death threat, the founder of a service that fools caller ID systems has decided to sell the business.	ENTAILMENT
874	This example is Business	Following the Contract Recognition Board #39;s finding in favour of BAR, it is only a matter of time before the various  #39;interested parties #39; begin legal action against those that they feel led them astray.	ENTAILMENT
875	This example is Sci/Tech	IBM has introduced the BladeCenter Express, a lower-cost blade server chassis targeted toward small and mid-size businesses. The company also unveiled several new business-in-a-box packages 	ENTAILMENT
876	This example is World	The movie industry on Thursday said it plans to start suing later this month people who have illegally swapped movies on the Internet, saying the practice represents the greatest economic threat ever faced by the industry.	ENTAILMENT
877	This example is Sci/Tech	The Internet phone service providers try to win over consumers who now have a host of options when it comes to making calls.	ENTAILMENT
878	This example is Sports	"OSLO, Norway - Armed, masked thieves burst into a lightly guarded Oslo museum Sunday and snatched the Edvard Munch masterpiece ""The Scream"" and a second Munch painting from the walls as stunned visitors watched in shock.    It was the second time in a decade that a version of the iconic ""Scream,"" which depicts an anguished, opened-mouthed figure grabbing the sides of its head, had been stolen from an Oslo museum..."	ENTAILMENT
879	This example is Sports	"OSLO, Norway - Armed, masked thieves burst into a lightly guarded Oslo museum Sunday and snatched the Edvard Munch masterpiece ""The Scream"" and a second Munch painting from the walls as stunned visitors watched in shock.    It was the second time in a decade that a version of the iconic ""Scream,"" which depicts an anguished, opened-mouthed figure grabbing the sides of its head, had been stolen from an Oslo museum..."	ENTAILMENT
880	This example is Sci/Tech	Texas Instruments says it has developed a computer chip that will let television fans watch their favorite shows on cellular phones.	ENTAILMENT
881	This example is Sports	NewsFactor - F-Secure, the Finnish anti-virus software developer, has identified two new, fast-spreading versions of Cabir, the worm that infects cell phones using the Symbian operating system.	ENTAILMENT
882	This example is Sci/Tech	As part of a crackdown on false and deceptive diet claims, letters sent Tuesday reminded media companies to stop publishing ads for bogus weight-loss products.	ENTAILMENT
883	This example is Sci/Tech	Google Inc. on Wednesday branched out into 3-D digital mapping with the acquisition of Keyhole Corp. In its second acquisition this year, Google has bought a startup company that connects consumers, businesses 	ENTAILMENT
884	This example is World	PC shipments have started to ease off, as expected, but the worldwide PC market remained fairly strong in the third quarter, according to research from IDC and Gartner Inc. released Monday.	ENTAILMENT
885	This example is Sports	UNITED NATIONS (CP) - Haiti and Grenada need \$59 million US in humanitarian aid immediately to cope with the destruction wrought by hurricanes last month, the top UN relief official said Friday.	ENTAILMENT
886	This example is Sci/Tech	I have seen the future, and it looks sort of human (sometimes), makes whirring sounds (often), and fascinates geeks and gadget lovers of all ages (always).	ENTAILMENT
887	This example is Business	Description: Coby is the proud recipient of a master #39;s degree from Trinity Southern University. It #39;s an online university, which may not have realized that new grad is a cat.	ENTAILMENT
888	This example is Sports	In the final full-field event of the season, several players are under pressure to finish well at the Chrysler Championship for a variety of reasons.	ENTAILMENT
889	This example is Sci/Tech	Users should be wary of pressing the 'click here to remove' link on spam messages because it serves to confirm to spammers that junk mail messages are being read.	ENTAILMENT
890	This example is Sci/Tech	Four small security software vendors have teamed up to develop a set of technical criteria for tools designed to secure Web applications. They also invited Cisco and other large IT vendors to take part in the certification program.	ENTAILMENT
891	This example is Sci/Tech	Technical support improvements lead to better overall scores for PC industry.	ENTAILMENT
892	This example is World	AFP - Sprint and Nextel were reported to be in merger discussions for a blockbuster deal that would reduce the number of major players in the US wireless industry to four.	ENTAILMENT
893	This example is Sci/Tech	This holiday the hottest new products for kids have one thing in common: They all interact with the tube, whether by means of sensors, radio-wave technology or the regular old TV remote control.	ENTAILMENT
894	This example is World	'Voluntary' nature of first phase now even more debatable	ENTAILMENT
895	This example is Sci/Tech	The Mozilla Foundation has fixed 10 security bugs in its open-source Mozilla and Mozilla Firefox browsers and Thunderbird e-mail reader, with the release of new versions of all three products this week. Some of the vulnerabilities could allow attackers to run malicious code on a user's PC via a malicious e-mail, a specially crafted vCard or a malformed graphic on a Web site, project leaders said.	ENTAILMENT
896	This example is Sports	ALL too often at a championship that produces a relatively surprising leader after the opening round, does that player get rather overtaken at the enormity of the situation and slide, sometimes none too gracefully, away down the leaderboard and out of the 	ENTAILMENT
897	This example is Sci/Tech	The increasing popularity of PC-based multimedia applications, particularly home video editing and downloading of films and TV shows from peer-to-peer networks, is driving demand for bigger hard-disc drives.	ENTAILMENT
898	This example is Business	For the second time this year, an alliance of major Internet providers filed a coordinated group of lawsuits aimed at stemming the flood of online junk mail.	ENTAILMENT
899	This example is Sports	Reuters - Leaders of an Afghan militant group\holding three U.N. workers hostage met on Friday to decide\whether to kill them or extend a deadline for authorities to\meet their demands, a member of the leadership council said.	ENTAILMENT
900	This example is World	Just an extra hour of exercise a week could significantly cut obesity among young overweight girls, according to a study that researchers say could lead to major changes in the way schools fight obesity.    The study - the largest look yet at obesity among young children - did not show the same results for boys, possibly because they generally get more exercise than girls...	ENTAILMENT
901	This example is World	Save money on your auto insurance with InsWeb.com. Get free quotes from several of the nation #39;s leading auto insurance companies. Start saving on your auto insurance at Insweb.com.	ENTAILMENT
902	This example is World	A record number people are working in the global economy but half of them make \$2 a day or less, according to a report published yesterday.	ENTAILMENT
903	This example is World	The company said it has benefited from growing demand for handsets that work on the new higher-speed networks being introduced by carriers in the U.S., Europe and Asia.	ENTAILMENT
904	This example is World	Indian subsidiary has grown from around 300 staff early last year to about 2,000 today, and serves over 100 customers around the world.	ENTAILMENT
905	This example is Sci/Tech	By MICHAEL GORMLEY    ALBANY, N.Y. (AP) -- In one of the first enforcement actions of the Americans with Disabilities Act on the Internet, two major travel services have agreed to make sites more accessible to the blind and visually impaired...	ENTAILMENT
906	This example is Sci/Tech	Game makers need to spend time to make sure that music adds to the playing experience.	ENTAILMENT
907	This example is Sports	Reuters - An explosion killed a Palestinian in Gaza\Sunday, the 11th day of an Israeli offensive against militants\Prime Minister Ariel Sharon hopes will defuse internal\resistance to his plan for withdrawing from some occupied land.	ENTAILMENT
908	This example is World	Microsoft will offer up to \$600 per server (up to a maximum of \$15,000) to companies who agree to switch from Novell to Windows servers, it has been revealed.	ENTAILMENT
909	This example is World	Two industry heavyweights have completed interoperability tests of a new technology designed to drive the convergence of voice, data, and video services over wireless and fixed infrastructure based on the Internet Protocol.	ENTAILMENT
910	This example is Sci/Tech	A new device that costs a couple hundred bucks can turn the home office into a high-definition media center. It's a start anyway, and far less expensive than coughing up for a television setup.	ENTAILMENT
911	This example is Sci/Tech	Many people don #39;t pay all that much attention to their e-mail software. After all, it takes a real geek to care about the fine points of one program or another, especially when they all do more or less the same thing.	ENTAILMENT
912	This example is World	Two big consumer products companies issued profit warnings, underscoring an increasingly tough competitive landscape for makers of some of the world's best-known brands.	ENTAILMENT
913	This example is Sports	After years of sacrificing, athletes don #39;t come to the Olympics to put self-interest aside; they come to be No. 1. Get all of today #39;s headlines, or alerts on specific topics.	ENTAILMENT
914	This example is Business	KIRKLAND - They had managed to avoid the injury bug, for the most part, for the first four games of the season. But misfortune finally caught up with the Seahawks the way it has with a bevy of other NFL teams.	ENTAILMENT
915	This example is Sci/Tech	In a judicial blow to the entertainment industry, a federal appeals court ruled that makers of two leading file-sharing programs are not legally liable for the songs, movies and other copyright works their users swap online.	ENTAILMENT
916	This example is Business	The United Auto Workers union reached a tentative labor agreement with DaimlerChrysler AG #39;s Detroit Diesel Corp. Wednesday that is expected to preserve jobs at the company #39;s Redford plant.	ENTAILMENT
917	This example is World	Online retailer Amazon.com broadened its Web services efforts on Monday by releasing additional guidelines and data designed for use by people and companies building links to its site.	ENTAILMENT
918	This example is Sci/Tech	The telecom industry has endured some tough times. They haven't seen anything yet.	ENTAILMENT
919	This example is World	A federal appeals court yesterday ruled that two developers of file-sharing programs are not legally liable for the copyrighted content their users swap online. 	ENTAILMENT
920	This example is World	The global market for handheld devices continued to dwindle. The industry has recorded a year-over-year fall for the third successive quarter, according to data released by IDC this week.	ENTAILMENT
921	This example is World	"NewsFactor - Korea-based Samsung is preparing to develop mobile devices that\use Philips (NYSE: PHG) NFC chips, as the two electronics giants join forces to push a\nascent touch-based wireless technology called ""near field communication""\(NFC)."	ENTAILMENT
922	This example is World	A growing number of companies are reporting on their social and environmental impact  but many neglect the environment footprint of their supply chain.	ENTAILMENT
923	This example is Sci/Tech	As video games take on an ever slicker, more cinematic feel, developers are increasingly turning to cartoon actors, movie-trailer announcers and even film stars to read the lines.	ENTAILMENT
924	This example is Sports	Reuters - China's security chief has urged\officials to heed the grievances of their communities, state\media reported Friday, following a series of violent protests\that undermine efforts to maintain stability.	ENTAILMENT
925	This example is Sci/Tech	A US group released its annual warning about antisocial video games, but a University of Toronto professor says he #39;s only really worried about a very narrow category of such interactive entertainment.	ENTAILMENT
926	This example is Sci/Tech	Be Careful with Google Desktop Search\\Google Desktop Search like most Google products makes an awesome first impression. I have tried other desktop search tools, but none of them can match the convenience that Google Desktop Search comes with. It is just a 450K download and it integrates in Google Search ...	ENTAILMENT
927	This example is Business	The Chicago Bears have made a living out of winning ugly as of late, taking victories any way they can get them. On Sunday, Chicago invented another way to 	ENTAILMENT
928	This example is Sci/Tech	A quarter of online Americans have taken advantage of one of the Internet's true powers: the ability to let users collectively decide whether to trust a product, service or individual.	ENTAILMENT
929	This example is Sports	WASHINGTON Nov 12, 2004 - The Expos cleared another logistical hurdle in their move to Washington on Friday, announcing an agreement with Ticketmaster to handle ticket sales.	ENTAILMENT
930	This example is Sci/Tech	New version turns off security, attempts to download malicious programs from Net--but it's not likely to get far.	ENTAILMENT
931	This example is Sports	Reuters - Large quantities of arms and ammunition\have poured into Darfur in the last two weeks and the\government appears to be preparing for a major military\offensive, the African Union (AU) said on Friday.	ENTAILMENT
932	This example is Business	Lazard #39;s board will meet Tuesday to discuss plans for a possible initial public offering for the independent investment bank, sources close to the matter said.	ENTAILMENT
933	This example is Business	NEW YORK -- How ugly was it? Ask one of the closest eyewitnesses to measure it on a scale of 1 to 10.	ENTAILMENT
934	This example is World	The manual is intended to increase open-source usage among the 800 IT projects sponsored by the United Nations.	ENTAILMENT
935	This example is Sci/Tech	Photographers can shoot, store and print digital photos without requiring a computer connection.	ENTAILMENT
936	This example is Sci/Tech	While travelling I like to meet locals. In some countries this is easy, I look different and peole approach me. In other countries people are more reserved. What can I do in the latter case?	ENTAILMENT
937	This example is Sci/Tech	Getting Specific With Local Search Engine Optimization\\Localized search engine optimization is often overlooked as an excellent tool to bring in local traffic to your website. By including local information in your tags and web pages, you help prospective customers find specific information on the area and business they are searching ...	ENTAILMENT
938	This example is Sports	AP - Tens of thousands of protesters made a sweaty but jubilant five-hour march through the streets of Manhattan on the eve of the Republican National Convention for a demonstration that wound up being largely peaceful despite fears of violent skirmishes with police.	ENTAILMENT
939	This example is World	Most of the nation's charities are attempting to raise additional funds by selling the names of donors to marketing organizations or swapping mailing lists with other nonprofits, a charity watchdog group said yesterday.	ENTAILMENT
940	This example is Sci/Tech	Families with autistic children are finding that techniques that have proved successful in the class can be tried at home.	ENTAILMENT
941	This example is Sci/Tech	Software giant hopes to convince governments that its products are secure.	ENTAILMENT
942	This example is Sci/Tech	Just in time for holiday shopping, Apple released on Tuesday a new line of its entry-level iBook notebook computers. The latest version of the iBook line packs more processing power than its predecessors and 	ENTAILMENT
943	This example is Sci/Tech	Radio-frequency identification is a technology that #39;s touted as the replacement for the bar code. These postage-stamp-size RFID tags contain a tiny microchip that #39;s smaller than a grain of sand and capable of storing information.	ENTAILMENT
944	This example is Business	Reuters - A message posted on an Islamist Web site\said Monday the militant group of al Qaeda ally Abu Musab\al-Zarqawi had killed one of two Americans it was holding\hostage, but the report could not be immediately verified.	ENTAILMENT
945	This example is Sci/Tech	Following a recent industry trend, Internet giant Yahoo Inc. (YHOO) is adding new search engine tools that will enable users to create personal folders and share their favorite links with others.	ENTAILMENT
946	This example is World	"AFP - Microsoft said it plans to broadly release the long-awaited update to its flagship Windows operating system, dubbed ""Longhorn,"" in 2006."	ENTAILMENT
947	This example is Sci/Tech	AP - Google Inc. is improving on the discussions its popular Web site hosts, hoping the upgrades will spur more online banter and make its market-leading search engine a richer destination.	ENTAILMENT
948	This example is World	Project MegaGrid has a mega-goal, but analysts said it is also an achievable one. Rob Enderle, principal analyst at the Enderle Group, said that whenever world-class players come together 	ENTAILMENT
949	This example is Sci/Tech	down - against other major currencies. The tumble has helped the portfolios of some fortunate Americans by bolstering the returns of their foreign stocks and bonds.	ENTAILMENT
950	This example is Business	The Lazarus nameplate, a fixture on the retail landscape for 153 years, is coming off department store signs, joining Shillito #39;s as a defunct brand.	ENTAILMENT
951	This example is Business	falling repeatedly for spam scams that promise software at fire sale prices. In fact, one in five consumers surveyed bought software 	ENTAILMENT
952	This example is World	IBM on Tuesday said it has simplified the process for software vendors to qualify and participate as a partner, which gives them access to IBM #39;s global-sales network and to financial support for co-marketing campaigns.	ENTAILMENT
953	This example is World	With the launch this week of new toolbars, Microsoft wants to make it as easy to find lost files on your desktop as it is to search the Web.	ENTAILMENT
954	This example is Sports	Some throws fell woefully short, skittering across the turf and rolling to the feet of receivers. Others sailed over the heads of the intended targets, fluttering 	ENTAILMENT
955	This example is Sci/Tech	The chances of scientists making any one of five discoveries by 2010 have been hugely underestimated, according to bookmakers.	ENTAILMENT
956	This example is Business	AFP - A powerful bomb planted by suspected Maoist rebels exploded in a brand new government office block in the centre of the Nepalese capital Kathmandu, injuring 32 people, police said.	ENTAILMENT
957	This example is World	Some area employers expect to maintain a steady hiring pace during the fourth quarter of 2004, according to a survey released yesterday by Manpower Inc.	ENTAILMENT
958	This example is Business	A closely watched measure of future economic activity fell in July for the second consecutive month, reinforcing evidence that the nation's financial recovery is slackening.	ENTAILMENT
959	This example is Sci/Tech	Symantec has signed an agreement to acquire stake, a security consulting and software company, Symantec said Thursday. stake will improve Symantec #39;s consulting contacts--six of the top 10 financial institutions are customers, Symantec said.	ENTAILMENT
960	This example is Business	Because of speed restrictions, mobile devices often have trouble downloading Web pages that are designed to provide the optimum experience for high-speed Internet users.	ENTAILMENT
961	This example is Business	NewsFactor - Research In Motion (Nasdaq: RIMM) (RIM) is offering a peek at the company's latest\wireless BlackBerry, a handheld that operates on Wi-Fi (802.11b)\networks and supports both voice over Internet communications and data\connectivity on local area networks.	ENTAILMENT
962	This example is Business	Reuters - Of the more than 8,000 funds\available to investors, some are downright stinkers.\Fortunately, it's usually easy to identify the worst of them.	ENTAILMENT
963	This example is World	NEW YORK (CNN/Money) - Merck #39;s withdrawal of its arthritis treatment sent the stock tumbling more than 25 percent and pushed the Dow into deeply negative territory at the open Thursday.	ENTAILMENT
964	This example is Sports	Fine particle pollution has been significantly reduced in recent years, but millions of people live in areas where concentrations remain high - and their health remains at risk, the 	ENTAILMENT
965	This example is Sci/Tech	Google Inc. has launched an effort to establish an online reading room for five major libraries by scanning stacks of hard-to-find books into its widely used Internet search engine.	ENTAILMENT
966	This example is Sci/Tech	Music downloading and file-sharing are on the increase, and record companies who attempt to regulate illegal downloaders get short shrift from internet users, a survey reveals today.	ENTAILMENT
967	This example is World	MacCentral - Netflix Inc. and TiVo Inc. have signed an agreement to let TiVo subscribers access Netflix's library of movies over broadband Internet connections, the two companies announced Thursday.	ENTAILMENT
968	This example is Sci/Tech	While taking a back seat to software and security efforts, hardware is still a big time concern according to our survey. Organizations are taking the opportunity to consolidate their environments as they replace 	ENTAILMENT
969	This example is Sci/Tech	While taking a back seat to software and security efforts, hardware is still a big time concern according to our survey. Organizations are taking the opportunity to consolidate their environments as they replace 	ENTAILMENT
970	This example is Sci/Tech	While taking a back seat to software and security efforts, hardware is still a big time concern according to our survey. Organizations are taking the opportunity to consolidate their environments as they replace 	ENTAILMENT
971	This example is Sci/Tech	While taking a back seat to software and security efforts, hardware is still a big time concern according to our survey. Organizations are taking the opportunity to consolidate their environments as they replace 	ENTAILMENT
972	This example is Sci/Tech	While taking a back seat to software and security efforts, hardware is still a big time concern according to our survey. Organizations are taking the opportunity to consolidate their environments as they replace 	ENTAILMENT
973	This example is Sci/Tech	Three major recording companies have agreed to make their music available to be shared and sold over a new online file-swapping service that aims to lure music fans away from rival 	ENTAILMENT
974	This example is Sci/Tech	Three major recording companies have agreed to make their music available to be shared and sold over a new online file-swapping service that aims to lure music fans away from rival 	ENTAILMENT
975	This example is Sci/Tech	&lt;strong&gt;Analysis&lt;/strong&gt; Only slightly if at all	ENTAILMENT
976	This example is Sci/Tech	You can learn a lot about people in two hours. And you don #39;t have to take a course in social behavior or even watch Dr. Phil on TV.	ENTAILMENT
977	This example is Sci/Tech	Gold Fields has yet to receive support from Norilsk Nickel, its biggest shareholder, for its acquisition of Canada #39;s Iamgold. Gold Fields announced its plan to buy Iamgold 	ENTAILMENT
978	This example is Sci/Tech	Online DVD renter Netflix Inc. and television recorder maker TiVo Inc. are close to a deal to allow Netflix subscribers to download movies over the Internet to their 	ENTAILMENT
979	This example is Sports	KATHMANDU : A strike called by Maoist rebels shut down much of Nepal for the second day as the government considered calling a ceasefire to jumpstart talks to end the bloody conflict.	ENTAILMENT
980	This example is Sports	For some the Carling Cup is a dull and meaningless sideshow during the English football season and there would be no tears if it was scrapped off the calendar.	ENTAILMENT
981	This example is Sci/Tech	The New York Public Interest Research Group (NYPIRG) has published its annual list of toys that it claims can harm or kill children, particularly those with small parts.	ENTAILMENT
982	This example is Business	Many people do extensive product research online but end up buying from brick and mortar retailers.  How can you track the effectiveness of search marketing campaigns that result in offline purchases? 	ENTAILMENT
983	This example is Sci/Tech	Reuters - U.S. oil major ConocoPhillips won an\auction for a 7.6 percent state stake in Russian oil giant\LUKOIL with a bid of  #36;1.988 billion, the Russian property fund\said on Wednesday.	ENTAILMENT
984	This example is Sci/Tech	A: Combining the two companies #39; networks should result in clearer calls, fewer dropped calls during peak hours and broader availability of coverage.	ENTAILMENT
985	This example is Sci/Tech	The smaller gear maker claims that its new routers will cost 30 percent to 50 percent less than similar offerings from the market leader.	ENTAILMENT
986	This example is Sports	BEIJING (AFP) - A North Korean delegation headed by the Stalinist state #39;s number two leader arrived in China amid faltering attempts to resolve the standoff over the North #39;s nuclear weapons program.	ENTAILMENT
987	This example is Sci/Tech	This article discusses how a virus outbreak will produce a few unique opportunities to examine the health of an organization's network -- and learn ways to further harden the network from future automated attacks.	ENTAILMENT
988	This example is Sports	Colombia's main rebel group asked followers to mount an assassination attempt against President Bush during his visit to Colombia last week, Defense Minister Jorge Uribe said. There was no evidence Saturday that rebels even tried to organize such an attack.	ENTAILMENT
989	This example is Sci/Tech	Users will receive free warnings of worms and viruses targeting their chat client.	ENTAILMENT
990	This example is World	Adobe has announced ambitious plans to unify the digital camera market by creating a single file format that all digital cameras can record in.	ENTAILMENT
991	This example is Sci/Tech	"The games industry could benefit from scientific ""mood profiling"" to develop hit games, researchers say."	ENTAILMENT
992	This example is Business	Troublesome Trojan horses, virulent worms, nasty viruses--sometimes it may seem like the Internet exists just to let the bad guys attack your PC.	ENTAILMENT
993	This example is World	Optimism in Hawaii remains high while employment woes nationwide have driven consumer confidence to lower levels. US consumer confidence dropped to lower levels in October for the third consecutive month, according 	ENTAILMENT
994	This example is World	The next century definitely will not be for the birds as the changing world takes a toll on many species. By 2100, about 10 percent of all bird species probably will be extinct, killed off by habitat loss, hunting 	ENTAILMENT
995	This example is World	Western oil companies are running out of likely places to look, and significant finds are becoming rarer.	ENTAILMENT
996	This example is Sci/Tech	much more so than the average home PC user realizes. That notion, widely held in the tech industry, is borne out 	ENTAILMENT
997	This example is Business	Reuters - Voters in Ghana queued on Tuesday to\choose a new leader for their West African country in what was\expected to be a race between incumbent John Kufuor and\long-standing rival John Atta Mills.	ENTAILMENT
998	This example is Business	Communicating can be tricky when a company or a government agency has workers in different locations and even different time zones.	ENTAILMENT
999	This example is Sci/Tech	 SAN FRANCISCO (Reuters) - The consumer electronics gizmo  that offers many functions in a small package is what's  compelling back-to-school shoppers to open their wallets.	ENTAILMENT
1000	This example is Sci/Tech	 SAN FRANCISCO (Reuters) - The consumer electronics gizmo  that offers many functions in a small package is what's  compelling back-to-school shoppers to open their wallets.	ENTAILMENT
1001	This example is Business	It is almost weird to see these big corporations trying to enter a field so soon one after the other that was ruled by small companies just few weeks ago.	ENTAILMENT
1002	This example is Sports	Week Four threw up some surprising results over the weekend as current high-flyers had their wings clipped and new faces staked their claims in a title race that, although barely a month old, is already wide open.	ENTAILMENT
1003	This example is Business	London, 20 October 2004 --- Corruption in large-scale public projects is a daunting obstacle to sustainable development, and results in a major loss of public funds needed for education, healthcare and poverty alleviation, both in developed and 	ENTAILMENT
1004	This example is Business	Product will allow a server to run multiple operating systems, or multiple copies of the same operating system at a single time	ENTAILMENT
1005	This example is World	its also a powerful learning tool, according to Apple. Audio has always had a place in the classroom but it is normally in the form 	ENTAILMENT
1006	This example is Business	Reuters - A small group of suspected\gunmen stormed Uganda's Water Ministry Wednesday and took three\people hostage to protest against proposals to allow President\Yoweri Museveni for a third term.\Police and soldiers with assault rifles cordoned off the\three-story building, just 328 feet from Uganda's parliament\building in the capital Kampala.	ENTAILMENT
1007	This example is Sci/Tech	Higher-capacity hard drives will be available by the end of the year.	ENTAILMENT
1008	This example is Sci/Tech	Organic SEO: Patience For Long Term Ranking Results\\When does long term SEO show ranking results? It takes time for optimization to produce targeted traffic to your website. Organic SEO requires time to take effect, just as it takes time for your web pages to start showing up in the search ...	ENTAILMENT
1009	This example is Sci/Tech	SAN FRANCISCO - For the second morning in a row, there is a major development in the on-going scandal involving steroids and star athletes.	ENTAILMENT
1010	This example is Sci/Tech	MP3 players -- technically, digital-music players, although almost all of them are used mainly to play songs saved in the popular MP3 format -- come in three sizes: tiny, big and really big.	ENTAILMENT
1011	This example is Sci/Tech	An increase in smog sparks a small but measurable increase in deaths, scientists report Wednesday in a study showing the strongest link yet between smog and damage to health.	ENTAILMENT
1012	This example is Sci/Tech	Prices for flash memory cards -- the little modules used by digital cameras, handheld organizers, MP3 players and cell phones to store pictures, music and other data -- are headed down -- way down. Past trends suggest that prices will drop 35 percent a year, but industry analysts think that rate will be more like 40 or 50 percent this year and next, due to more manufacturers entering the market.	ENTAILMENT
1013	This example is Sci/Tech	It #39;s back -- the season of peace, good fellowship, and digital marvels. The Entertainment Software Association reckons that nearly one third of all Americans will give a computer game as a Christmas gift in 2004.	ENTAILMENT
1014	This example is World	Novell is prepared to use its portfolio of US software patents to protect against patent lawsuits the open source software it ships, the company said in statements posted to the Novell.	ENTAILMENT
1015	This example is Sci/Tech	Hard-drive based multimedia player will be available later this year.	ENTAILMENT
1016	This example is Sci/Tech	IBM on Wednesday announced the pre-release of several tools for SMBs (small and midsize businesses) designed to speed development of solutions built on IBM middleware.	ENTAILMENT
1017	This example is World	Your site gets great traffic from search engines, and yet it needs a new design.  How can you freshen up a site without risking a decline in rankings and a loss of traffic from search engines? 	ENTAILMENT
1018	This example is World	While America Online, Microsoft, and the open-source community agree to disagree about E-mail-authentication standards, some companies are stepping up to bridge the divide.	ENTAILMENT
1019	This example is Sci/Tech	Sony #39;s new double-layer DVD player for the Mac will give Macintosh users access to higher-capacity removable storage. The device, which is available in both internal and external versions, can record up to four hours of video on a single disk.	ENTAILMENT
1020	This example is Business	Avoid Search Engine Blacklisting\\The best way to avoid being blacklisted by the search engines is to avoid using some questionable techniques that were once popular to gain high rankings. Even if your website is not blacklisted by using some of the techniques below, it may be penalized (buried in the ...	ENTAILMENT
1021	This example is World	Microsoft software that is currently licensed on a per-processor model will continue to be licensed per processor, not per core, for hardware that contains dual-core and multi-core processors.	ENTAILMENT
1022	This example is Sci/Tech	On a unanimous vote the US House of Representatives Thursday approved a bill making many  quot;spyware quot; activities illegal. Spyware can be surreptitiously loaded into a computer via the Internet and extract information 	ENTAILMENT
1023	This example is Sci/Tech	Samsung Electronics Co. and Sony Corp. have signed a licensing agreement to share 24,000 basic standard patents necessary for product development, Samsung officials said yesterday.	ENTAILMENT
1024	This example is World	Spending on research will more than double this year, with a growing amount coming from the private sector.	ENTAILMENT
1025	This example is World	One of the best things I like about the Internet is the boundary-less nature of this amazing network. I can check out user views of people (from here in India) around the world on the India issues.	ENTAILMENT
1026	This example is Sci/Tech	Domain name owners can now choose registrars in much the same way telephone numbers can be moved between carriers, ICANN said.	ENTAILMENT
1027	This example is Business	At times like this, it is important to remember a simple truth: No matter how much they have improved, no matter how much promise they may show at times, there is something they have yet to escape.	ENTAILMENT
1028	This example is Business	When a company with a small float comes unhinged from reality, look out.	ENTAILMENT
1029	This example is Business	The day after elimination always brings strange vibes. It #39;s too soon to let go of the rigorous season that fell short but not too early to start thinking about next year #39;s team.	ENTAILMENT
1030	This example is World	NewsFactor - Motorola's (NYSE: MOT) sleek and stylish MPx200 smartphone incorporates the productivity features of a Windows Mobile 2002 personal digital assistant -- even the ability to play MP3 files -- along with a GSM-based mobile phone.	ENTAILMENT
1031	This example is Business	A third of people trying to lose weight find they actually end up piling on the pounds, a survey finds.	ENTAILMENT
1032	This example is World	Calls to 13 other countries will be blocked to thwart auto-dialer software.	ENTAILMENT
1033	This example is Sci/Tech	This has been a rumor for awhile now, but now it #39;s fact: Netflix and Tivo are teaming up for a service that will let Tivo owners download movies onto their Tivo boxes via a broadband connection.	ENTAILMENT
1034	This example is Sports	Microsoft announced a new holiday Xbox package that essentially gives buyers two free sports games and a trial subscription to the Xbox Live online gaming service.	ENTAILMENT
1035	This example is Business	Computer misuse at government offices is an ongoing problem, and experts say managers should take specific actions to keep federal employees from using their desktop computers for personal business.	ENTAILMENT
1036	This example is Sci/Tech	AP - The promise of Internet-based video has long been hamstrung by copyright and piracy worries, slow dial-up connections, technical challenges and consumer disdain for watching blotchy videos on their home computers. But a Silicon Valley startup is tackling those obstacles, hoping to become the first major provider of cinema straight from the Internet to the living room boob tube.	ENTAILMENT
1037	This example is Sci/Tech	stocks of companies with a market capitalization between \$100 million and \$2 billion, calculated as shares outstanding times share price -- outperformed larger-cap stocks last quarter.	ENTAILMENT
1038	This example is World	The Internet Corporation for Assigned Names and Numbers (ICANN) has given preliminary approval to two new domain names. The  quot;.	ENTAILMENT
1039	This example is Sci/Tech	While the combined company makes a formidable No.3 player in the wireless market, it may be hard pressed to match the firepower of its larger rivals.	ENTAILMENT
1040	This example is Sports	Muhammad Ali asked Congress yesterday to create a US Boxing Commission, saying oversight by the federal government is needed to protect boxers from exploitation and injury. Ali's testimony before a congressional panel was read by his wife, Lonnie Ali , because he suffers from Parkinson's disease.  quot;Reform measures are unlikely to succeed, quot; Ali said,  quot;unless a US Boxing Commission is ...	ENTAILMENT
1041	This example is Business	Sales are flat for the company, but the valuation still appears to be fair.	ENTAILMENT
1042	This example is Sci/Tech	No wonder people love computer and video games. They #39;re realistic, fast-paced, interactive and challenging. Just about any age can play.	ENTAILMENT
1043	This example is Business	AP - A posting on an Islamic Web site claimed Tuesday that the al-Qaida-linked group led by Abu Musab al-Zarqawi has slain a second American hostage in Iraq. The claim could not be verified immediately.	ENTAILMENT
1044	This example is Sci/Tech	Trusted Computer Solutions (TCS) Inc. officials are developing Trusted Linux, a highly secure version of Linux that will rival Unix in environments in which security is the highest priority.	ENTAILMENT
1045	This example is Business	Promoters pay radio stations annual fees for advance copies of playlists and bill record companies for each new song played, running up a tab that costs the industry tens of millions of dollars annually.	ENTAILMENT
1046	This example is Business	AP - Video game companies always release their marquee titles just as the holiday shopping frenzy starts humming. It's nothing personal, just business: analysts say December alone accounts for more than 50 percent of the industry's annual revenue.	ENTAILMENT
1047	This example is Business	Women are being  quot;parachuted quot; into precarious positions within companies where there is a high risk of failure, according to a psychologist.	ENTAILMENT
1048	This example is World	As one developer prepares to move his application from Mac to Windows, others reaffirm their commitment to the platformdespite competing directly with Apple Computer Inc.	ENTAILMENT
1049	This example is Sci/Tech	Companies agree to incorporate software interoperability tools in e-commerce partnership.	ENTAILMENT
1050	This example is Sci/Tech	AP - Driven by record sales of server and mobile microprocessors and a bigger slice of the flash memory market, Intel Corp.'s third-quarter profits rose 15 percent even as it struggled with lackluster PC sales, excess inventory and stiff competition.	ENTAILMENT
1051	This example is Sports	AFP - Indian troops shot dead five Islamic militants in three separate clashes in Indian-administered Kashmir, a police spokesman said.	ENTAILMENT
1052	This example is Sci/Tech	The Public Relations India blog claims that Microsoft or its PR agency released this photo of the new MSN Search ... .. to AP using the IE competitor browser, Mozilla Firefox.	ENTAILMENT
1053	This example is Sci/Tech	It may be that many people, staring blankly from their sofas into the empty, late-night flicker of their televisions, are in need of rescuing.	ENTAILMENT
1054	This example is Sci/Tech	It may be that many people, staring blankly from their sofas into the empty, late-night flicker of their televisions, are in need of rescuing.	ENTAILMENT
1055	This example is Sci/Tech	Department store operator Kohl #39;s Corp. said Thursday that its profit grew 19 percent in the fiscal third quarter as new stores boosted revenue.	ENTAILMENT
1056	This example is World	The nation #39;s three biggest credit reporting companies have announced details about how consumers can receive copies of their credit reports for free once a year 	ENTAILMENT
1057	This example is Sci/Tech	Business and communication skills are important, but many tech pros aren't given such training by employers, according to a report.	ENTAILMENT
1058	This example is Business	After years of being deluged with ever-increasing loads of spam, Internet users are starting to turn to instant-messaging applications instead of e-mail.	ENTAILMENT
1059	This example is Sci/Tech	Security specialist issues patches for vulnerabilities that could have allowed denial-of-service attacks against some hardware models.	ENTAILMENT
1060	This example is Business	Menacing body posture can be as threatening as a frightening facial expression, according to new research. The finding may explain how fear spreads.	ENTAILMENT
1061	This example is Business	"The Motley Fool - No, the U.S. is not on the verge of a solar revolution, and sunshine won't provide the country with ""energy independence"" anytime soon. But solar power is gaining momentum, and based on current trends, that momentum will probably continue to build."	ENTAILMENT
1062	This example is Sci/Tech	Security experts said that while the new Service Pack 2 for Windows XP will bolster the operating system's security, hackers will still find a way to exploit any flaws.	ENTAILMENT
1063	This example is Business	Reserve Bank Governor Alan Bollard will fire his interest rate gun and then conspicuously reload it when he delivers his monetary policy statement on Thursday.	ENTAILMENT
1064	This example is Sports	Arsenal midfielder Edu has confirmed he will leave the Premiership champions next summer and move to La Liga. Edu, whose contract with the London club expires at the end of the season, says he has yet to make 	ENTAILMENT
1065	This example is Sports	Reuters - Among those tipped to win the 2004 Nobel\Peace Prize on Friday are the U.N. nuclear watchdog and its\leader Mohamed ElBaradei, a Kenyan environmentalist and a\Russian anti-nuclear activist.	ENTAILMENT
1066	This example is World	The Wi-Fi Alliance got its next certification program off to a flying start, issuing WPA2 badges to a bunch of products that comply with the 802.	ENTAILMENT
1067	This example is Sci/Tech	For doctors, searching out disease before it appears can also carry risks.	ENTAILMENT
1068	This example is Business	New Zealand triathlete Hamish Carter says he felt bulletproof during his gold medal winning performance at the Athens Olympics. The champion says it has been a crazy day in the aftermath of his win, which 	ENTAILMENT
1069	This example is Business	While most voters have chosen their favorite candidate for president, several sites offer online tests for the undecided. In some cases, the results can be quite contradictory. By Joanna Glasner.	ENTAILMENT
1070	This example is Sci/Tech	Seeking to speed the delivery of new communications services to US airline passengers, the government yesterday paved the way for at least one company to compete 	ENTAILMENT
1071	This example is Business	Business India Los Angeles, Sep 24 : After months of wrangling, a consortium led by Sony Corp has signed a definitive deal to buy the famous Hollywood studio MGM, Xinhua reports.	ENTAILMENT
1072	This example is World	A surprising number of items on eBay are available for just one cent. So where is the profit? (Hint: Watch those shipping charges.)	ENTAILMENT
1073	This example is Sci/Tech	Four consumer electronics companies are moving into production of a new 64-bit chip for non-PC devices in a bid to address the next generation of broadband services piped into the home.	ENTAILMENT
1074	This example is Sci/Tech	The nation's cellular companies have agreed on a common standard for multimedia messaging that should enable mobile phone users to exchange photos, video and audio clips just as they do e-mail, regardless of their wireless carrier.	ENTAILMENT
1075	This example is Sports	AFP - British pop music stars gathered at a studio in north London on Sunday for a re-recording of  quot;Do they Know its Christmas, quot; the hit song that raised money for famine-hit people in Ethiopia 20 years ago.	ENTAILMENT
1076	This example is Business	TORONTO -- Last night, Doug Mientkiewicz was on call as the Red Sox' emergency catcher in case calamity befell Doug Mirabelli , raising the uncomfortable specter of the one-time minor league catcher trying to corral Tim Wakefield's knuckleball. He escaped that duty, serving only as a pinch runner and defensive replacement at first base for Kevin Millar in last night's ...	ENTAILMENT
1077	This example is World	Google has announcing five new content partners and a massive scanning project that will bring millions of volumes of printed books into the Google Print database. 	ENTAILMENT
1078	This example is Sci/Tech	As far as keeping their customers satisfied, Web portals, search engines, and news and information sites in the U.S. continue to improve but still have work to do, according to a report released Tuesday.	ENTAILMENT
1079	This example is World	Netflix and TiVo have signed an agreement to let TiVo subscribers access Netflix #39;s library of movies over broadband Internet connections, the two companies announced Thursday.	ENTAILMENT
1080	This example is Sci/Tech	LCOS technology sandwiches a layer of liquid crystal between a cover glass and a highly reflective, mirror-like surface patterned with pixels that sits on top of a silicon chip. These layers form a microdisplay that can be used in projection displays such ...	ENTAILMENT
1081	This example is World	Toshiba will provide replacements for defective parts used in some 650,000 notebook PCs.  quot;Under certain conditions and when used in combination with certain other components, quot; Toshiba says,  quot;the 	ENTAILMENT
1082	This example is World	Company cites weak Wall Street Journal ads, analysts predict weak results at other newspaper chains. NEW YORK (Reuters) - Dow Jones  amp; Co.	ENTAILMENT
1083	This example is Sci/Tech	A new digital authentication technique supplies forensic art experts with a new tool to distinguish paintings by masters from those by imitators, scientists say.	ENTAILMENT
1084	This example is Sports	VIENTIANE : Myanmar Prime Minister Soe Win could not confirm reports that his government had extended democracy leader Aung San Suu Kyi #39;s period of house arrest by a year, Thailand #39;s prime minister said.	ENTAILMENT
1085	This example is Sci/Tech	Explore powerful options available to mid-sized companies	ENTAILMENT
1086	This example is Sci/Tech	As cell phones turn into mobile handheld data devices, companies are exploring ways to protect them from being hacked by a growing number of sophisticated viruses designed specifically to attack the wireless world.	ENTAILMENT
1087	This example is Sci/Tech	Blog Search Engine Adds MoBlog Search\\Blog Search Engine and IceRocket Search have partnered to bring cell phone pic blogs, or MoBlogs, into the search engine world with a new search feature which produces image results of the latest MoBlogs images available. Blog Search Engine has over 10,000 blogs indexed in ...	ENTAILMENT
1088	This example is Sci/Tech	The test program that allows pre-screened travelers to zip through airport security is being extended. The Registered Traveler Program had been scheduled to run for 90 days at each of five big airports.	ENTAILMENT
1089	This example is World	blinkx 2.0 with Smart Folders Available Today\\blinkx, today announced the release of blinkx 2.0, introducing the world's first Smart Folders and enhancing the functionality currently available to over 1 million users. blinkx, which is free to download at www.blinkx.com, changes the way consumers interact with information. blinkx reads the content ...	ENTAILMENT
1090	This example is Sci/Tech	 Technology lobbying groups are stepping up their push for lawmakers to pass several pieces of legislation.	ENTAILMENT
1091	This example is Sports	Gyroscopically balanced scooters have given disabled people a new grasp on mobility.	ENTAILMENT
1092	This example is World	The results for the current quarter came in slightly below expectations and the company sounded a note of caution on the global economy.	ENTAILMENT
1093	This example is Sci/Tech	Nokia (NYSE: NOK) announced that it has shipped its one millionth game deck globally since the sales of the N-Gage platform started eleven months ago.	ENTAILMENT
1094	This example is Business	Canadian Press - KHARTOUM, Sudan (AP) - In a goodwill gesture on the eve of peace talks in Nigeria, Sudan said Sunday it will cut the number of paramilitary forces operating in Darfur by 30 per cent in a bid to ease tensions in the troubled region, where an 18-month conflict has claimed the lives of an estimated 30,000 people.	ENTAILMENT
1095	This example is Sci/Tech	Sun adds several business partners to a plan to offer supercomputing centers that customers can pay to use according power consumed.	ENTAILMENT
1096	This example is Sports	Reuters - U.S. Food and Drug Administration\staff reviewers on Tuesday questioned clinical data for\non-Hodgkin's lymphoma drug Marqibo, made by Inex\Pharmaceuticals Corp. and Enzon Pharmaceuticals Inc..	ENTAILMENT
1097	This example is Sci/Tech	A conference dedicated to online journalism explores the effect blogs have on news reporting. Some say they draw attention to under-reported stories. Others struggle to establish the credibility enjoyed by professionals.	ENTAILMENT
1098	This example is Sci/Tech	A synchrotron acts like a gigantic microscope that generates intense beams of brilliant light to view the microstructure of materials.	ENTAILMENT
1099	This example is World	Microsoft has introduced a package of tools, training and technical support designed to lure users away from Novell #39;s Netware, to Windows Server 2003.	ENTAILMENT
1100	This example is Sci/Tech	DreamWorks, Pixar and Disney have each rescheduled high-profile films in ways that could dramatically affect their earnings flow and status in 	ENTAILMENT
1101	This example is Sports	If you're under 40 and smoke, your risk of having a heart attack is significantly greater than someone your age who doesn't, a new study finds. According to the report, male smokers between the ages of 35 and 39 were almost five times as likely to have a nonfatal heart attack as were nonsmokers.	ENTAILMENT
1102	This example is Sci/Tech	Future of television is coming into focus, revealing new vistas for the industry--but also some zits.	ENTAILMENT
1103	This example is Sci/Tech	The crude oil price, based on the average price package of seven market-monitored crudes, fell to 38.89 dollars a barrel last week, down 2.46 dollars of the price in the previous 	ENTAILMENT
1104	This example is Sci/Tech	TORONTO - The next phase of winning, after you #39;ve won at home and on the road, after you #39;ve blown out teams, captured nail-biters and overcome large fourth-quarter deficits, is to beat an opponent more than once.	ENTAILMENT
1105	This example is Sci/Tech	The impact radio-frequency identification has throughout an entire supply chain is top of mind for a number of companies experimenting with the technology.	ENTAILMENT
1106	This example is Sci/Tech	Juniper Networks is making a big push into SSL security. The company on Monday updated its NetScreen Secure Access SSL VPNsecurity appliance that further integrates it with end-point security software packages. Juniper also announced a new initiative with several companies to provide better security across a network.	ENTAILMENT
1107	This example is Sports	Judging by yesterday #39;s trading action in shares of sporting goods and apparel company Russell (NYSE: RML) -- the shares were about flat on volume not terribly different than its recent 	ENTAILMENT
1108	This example is Sci/Tech	The PC industry is doing a better job of satisfying its US customers than in recent years, and improvements to technical support seem to have done the trick, according to the 	ENTAILMENT
1109	This example is Sci/Tech	Chip giant says it will move to new design by next year, but leaves many questions unanswered.	ENTAILMENT
1110	This example is Sci/Tech	Radio Frequency Identification (RFID) is in news these days. And it is the middleware that gives meaning to the collection activity of radio frequency identification (RFID) readers, turning the data for usable purposes.	ENTAILMENT
1111	This example is Sci/Tech	Google Inc. has partnered with five of the world #39;s leading libraries, including those at Stanford and Harvard, to digitally scan their collections so that the books can be searched, and in many cases read, online free of charge.	ENTAILMENT
1112	This example is Sports	BT may be fined if found to have broken competition rules, Ofcom says, but BT says it has been cleared.	ENTAILMENT
1113	This example is Sci/Tech	On 14 December 2004, Google announced an agreement with five major libraries - those at Stanford, Harvard, the University of Michigan and Oxford, as well as the New York Public Library -o create digital copies of books that can be searched using 	ENTAILMENT
1114	This example is Sci/Tech	The company expands its server software for creating slick interfaces for Web applications.	ENTAILMENT
1115	This example is World	Company debuts new products that let businesspeople shuttle data from databases to mobile gadgets.	ENTAILMENT
1116	This example is Business	Major attacks have continued in recent days, including several apparent efforts to sow divisions between groups.	ENTAILMENT
1117	This example is Sci/Tech	com October 21, 2004, 10:50 AM PT. A stolen copy of the latest sequel in one of the top-selling video game series of all time began circulating on the Web late Wednesday, the second high-profile game theft in a week.	ENTAILMENT
1118	This example is Sci/Tech	WASHINGTON -- A group of technology companies Tuesday renewed pressure on accounting rule makers to drop a stock-options expensing rule, unveiling an alternative that they say is easier and less expensive to adopt.	ENTAILMENT
1119	This example is World	CUPERTINO, Calif. -- Downloading music continues to drive strong sales and revenue at Apple Computer as the Cupertino-based company announced Thursday that 150 million songs have been downloaded from its iTunes service.	ENTAILMENT
1120	This example is Sports	Canadian Press - ROSTOV-ON-DON, Russia (AP) - Hundreds of protesters ransacked and occupied the regional administration building in a southern Russian province Tuesday, demanding the resignation of the region's president, whose former son-in-law has been linked to a multiple slaying.	ENTAILMENT
1121	This example is Sports	Patients with degenerative disc disease in their spines may have an alternative to getting their vertebrae fused, which alleviates pain but limits motion.	ENTAILMENT
1122	This example is Sci/Tech	Although companies need to protect against the flaws, many of the related information security risks and costs could be removed if businesses forced vendors to test systems before rollout, according 	ENTAILMENT
1123	This example is Sci/Tech	"Reuters - Brad Grey, executive producer of the\hit television show ""The Sopranos"" and chairman of a top\Hollywood talent management firm, has emerged as the leading\candidate to succeed Sherry Lansing as head of Viacom Inc.'s\(VIAb.N) Paramount Pictures, the Wall Street Journal reported\on Sunday."	ENTAILMENT
1124	This example is World	Lesa Martin and Jaunee Perry work for different school districts, but they have two things in common. Both women are dedicated teachers who strive to inspire and enrich the lives 	ENTAILMENT
1125	This example is Sports	Web sites have converted the mischievous idea of a few alumni into an odd form of futures market for betting on a college football coach's career.	ENTAILMENT
1126	This example is Sci/Tech	Sony plans to launch a new camcorder in November that can record and play back high-definition video. The device, part of the company #39;s Handycam line, records and plays back video with a resolution of 1,440 	ENTAILMENT
1127	This example is Sports	ATHENS, 20 August - Slovakian twins Pavol and Peter HOCHSCHORNER won their second consecutive gold medal in the Men #39;s C2. 	ENTAILMENT
1128	This example is World	The worldwide server market continued to expand in the second quarter, analyst firm IDC said in a report Friday that mirrored findings by Gartner Inc.	ENTAILMENT
1129	This example is Sci/Tech	By 2006 you will be able to watch television on your Nokia phone. Within two years as many as 20 different TV channels will be made available, Anssi Vanjoki, Nokia #39;s general manager of Multimedia, told the 	ENTAILMENT
1130	This example is Business	Some shoddy reports trickling in Thursday night threw a wrench into an otherwise uneventful second-quarter earnings season for retailers. At least one analyst thinks its a harbinger, as consumers get cautious about spending money on anything that isn #39;t ...	ENTAILMENT
1131	This example is World	RUPERT Murdoch has to win four key votes to shift The News Corporation Ltd to New York and into the S amp;P 500 share index. The votes of the Australian institutions - where the greatest opposition to the move resides - are critical in only one of the four.	ENTAILMENT
1132	This example is Sports	Since April, baseball fans attending San Francisco Giants home games at SBC Park have enjoyed wireless internet access if they bring a portable computer with them.	ENTAILMENT
1133	This example is Sports	AP - The total cost of the Athens Olympics may exceed  #36;14.6 billion, according to Greece's 2005 budget submitted to parliament Thursday.	ENTAILMENT
1134	This example is Sci/Tech	Still in beta form, new browser allows you to view pages as they would appear in IE.	ENTAILMENT
1135	This example is Sci/Tech	A few months ago I wrote about Web browser hijacking. It #39;s a problem a lot of computer users are facing these days. You open your Internet Explorer, but instead of being directed to your homepage, you #39;re sent to some search engine you #39;ve never heard of.	ENTAILMENT
1136	This example is World	Fifty new areas which will get special help in fighting anti-social behaviour are being named on Wednesday.	ENTAILMENT
1137	This example is Sci/Tech	New chip will cut the time required to transfer content onto those devices.	ENTAILMENT
1138	This example is Sci/Tech	The U.S. information tech sector lost 403,300 jobs between March 2001 and April 2004, and the market for tech workers remains bleak, according to a new report.	ENTAILMENT
1139	This example is Sports	Over the years, the ground has produced some of the most endearing moments between the two countries. In the 1969-70 series, the match produced a shoot-out between two of the best post-war 	ENTAILMENT
1140	This example is Business	AP - The shares of e-commerce comparison site Shopping.com Ltd. surged 60 percent in their stock market debut Tuesday amid signs investors may have renewed affection for Internet companies.	ENTAILMENT
1141	This example is World	They're on a list, and they want to tell us all about it	ENTAILMENT
1142	This example is Sci/Tech	Enterprises are opening up to open source alternatives to commercial software, panelists said at the SDForum conference Open Source Entering the Mainstream, held in Santa Clara, Calif., last week.	ENTAILMENT
1143	This example is Sports	The BBC's teletext service, Ceefax, celebrates 30 years as tributes pour in from the worlds of news and sport.	ENTAILMENT
1144	This example is Sci/Tech	Internet giant Yahoo is introducing new search engine tools that will enable users to create personal folders and share their favorite links with others.	ENTAILMENT
1145	This example is World	The following activities will take place in the area this week. Events are listed as space allows.	ENTAILMENT
1146	This example is Sci/Tech	With just six business days remaining in the current calendar quarter, it's easy to spot the investors holding lots of technology stocks. They're the ones holding their breath.	ENTAILMENT
1147	This example is Business	3Com Corp. , a maker of switches for corporate data networks, and PC-Tel Inc. agreed to end patent-infringement lawsuits. Each agreed to license the other's modem-related patents that were part of the litigation, which began in March 2003. PC-Tel also will supply wireless software and antennas to 3Com. PC-Tel will record as revenue during this quarter \$3.2 million it had ...	ENTAILMENT
1148	This example is Sports	We try not to make assumptions, but can we all agree that Mariano Rivera's commute to work yesterday was a little bit easier and decidedly less stressful than the one the day before?	ENTAILMENT
1149	This example is Sports	NCAA president Myles Brand is urging athletic directors to take a closer look at minority coaching candidates this year.	ENTAILMENT
1150	This example is World	It is with the greatest pleasure that I write to you today. Our successes of late have been many and profound, and your advice has helped further our cause immensely. As Our Father Below requested, I have compiled a list of our recent successes and victories. It is difficult to express in words how excited I am at our prospects. 	ENTAILMENT
1151	This example is Business	I have developed a tool to assist in evaluating the effects of BPL on a radio receiving installation. The tool allows you to determine using your own Antenna and receiver installation parameters, the effect that BPL might have on your installation.	ENTAILMENT
1152	This example is Sci/Tech	Some advocates involved in the case were arguing that even though their legal argument may fail, the entertainment industry will actually win in the long run, as P2P networks will evolve, as 	ENTAILMENT
1153	This example is Sci/Tech	Soon you'll have the ability to pinpoint a car's or a person's location to within less than three inches using handheld devices.	ENTAILMENT
1154	This example is Sports	In one fell swoosh. Nike (nyse: NKE - news - people ) said its President and Chief Executive Phil Knight, 66, will relinquish those posts.	ENTAILMENT
1155	This example is World	XM Satellite Radio Holdings Inc. will soon begin broadcasting some of its stations to subscribers over the Internet, fresh on the heels of the company #39;s discontinuation of a receiver for PCs that some users 	ENTAILMENT
1156	This example is Sci/Tech	IBM aims to gain more gain insight and information in this arena, as many companies have implemented numerous content management systems.	ENTAILMENT
1157	This example is Sports	AFP - The death toll from Russia's school hostage crisis climbed to at least 394 as grieving relatives prepared to bury the first victims while others sifted through overwhelmed morgues for their lost loved ones.	ENTAILMENT
1158	This example is Sports	Reuters - A Russian supply ship docked with the\International Space Station on Saturday, delivering food and\fuel to the two astronauts living there, mission control said.	ENTAILMENT
1159	This example is Sci/Tech	Pollen from a genetically modified grass has blown on the wind and pollinated other grasses up to 21 kilometres away, says a new study.	ENTAILMENT
1160	This example is Sci/Tech	Soon you could be using your mobile phone on flights as easily as you do on the High Street. A two-year investigation has shown that mobiles can be used on planes without interfering with navigation systems.	ENTAILMENT
1161	This example is Sci/Tech	IBM on Friday is scheduled to make available early versions of three grid-based technologies intended to help corporate and third-party developers better manage grid-based resources as a way to solve large and compute-intensive problems.	ENTAILMENT
1162	This example is Sci/Tech	Scientists have unearthed the remains of a perfectly preserved 130 million-year-old new species of dinosaur which provide a first-ever look at how the prehistoric creatures slept.	ENTAILMENT
1163	This example is Sci/Tech	Microsoft has started to send out its latest major security patch to home PCs--but some people won #39;t get it for a while. 	ENTAILMENT
1164	This example is Sci/Tech	In a judicial blow to the entertainment industry, a federal appeals court ruled that makers of two leading file-sharing programs are not legally liable for the songs, movies and other copyright works their users swap online. 	ENTAILMENT
1165	This example is Sci/Tech	washingtonpost.com - Again this year, we offer the video-game shopper a cheat sheet identifying some of the top titles of the holiday season. Keep in mind that weird tastes abound and some are reflected on this list, which is culled from hundreds of games released in time for the holidays.	ENTAILMENT
1166	This example is Business	Usually when a trade involving a high-priced player of a small market team gets consummated, there is generally the sense that the small market team is being taken advantage of.	ENTAILMENT
1167	This example is Sci/Tech	New products include 802.11g/a cards for both notebooks and desktops.	ENTAILMENT
1168	This example is World	NewsFactor - Yahoo (Nasdaq: YHOO) is rolling out wireless search capabilities, extending the Internet portal's desktop services to the mobile masses and attempting to hold off the challenge from search-engine giant Google.	ENTAILMENT
1169	This example is World	TWO FILE SHARING companies have been told by a court that they are not liable for people in their networks swapping illegal content. 	ENTAILMENT
1170	This example is Sci/Tech	Hackers take advantage of a flaw in various Microsoft programs that leaves PCs vulnerable to remote attacks. Security experts expect the threat to grow.	ENTAILMENT
1171	This example is Sci/Tech	One in five people using the new chip and pin credit and debit cards is still signing rather than using a pin number, research suggests.	ENTAILMENT
1172	This example is Sci/Tech	As part of a crackdown on false and deceptive diet claims, the Federal Trade Commission sent letters to nine media companies yesterday, reminding them to stop publishing ads for bogus weight-loss products.	ENTAILMENT
1173	This example is Sports	Under American encouragement and, in some cases, pressure, Israel has quietly taken steps aimed at strengthening the standing of Palestinian moderates.	ENTAILMENT
1174	This example is Sports	It was three plays that stood out like Howard Stern in a crowd of pre-schoolers. Three plays that made your eyes bulge and mouth flap in disbelief.	ENTAILMENT
1175	This example is Sports	The Chandra telescope has seen huge gas clouds in space in the act of merging to form a massive galaxy cluster.	ENTAILMENT
1176	This example is Sci/Tech	Some of the nations more than 8,000 mutual funds are shutting their doors, as their manag- ers confront a lackluster stock market, great- er regulatory scrutiny and higher costs.	ENTAILMENT
1177	This example is Sci/Tech	As infected images plant back doors on PCs, experts see possibility of virus too.	ENTAILMENT
1178	This example is World	By ALEX VEIGA    LOS ANGELES (AP) -- Despite evidence that sharing music and movies online remains popular, a report issued Tuesday by a committee of entertainment and university leaders says universities have made strides the past year to curtail online piracy.    The report, submitted to Congress by the Joint Committee of the Higher Education and Entertainment Communities, highlights steps taken by the universities to tackle Internet piracy but offers few details of their effectiveness...	ENTAILMENT
1179	This example is Sci/Tech	Link Exchange Scams\\Do you ever exchange links with other Web sites? I am sure most of you that do this, look to see if your links are actually on the pages that you exchanged with. In addition, I assume that you check to make sure that the links do not ...	ENTAILMENT
1180	This example is Sports	Reuters - African leaders put final touches\on a new, U.N.-backed peace plan for the troubled Great Lakes\countries on Saturday amid fresh allegations of gun-running,\abuse and violence in the vast, volatile region.	ENTAILMENT
1181	This example is Sci/Tech	A corporate executive goes on the lam after being charged with paying hackers to virtually rub out the competition.  	ENTAILMENT
1182	This example is Sports	Now, of course, the question jumps right off the page: Is it possible for a player to continue to excel while plying his trade directly in front of a sign that compares him with the immortals of his industry?	ENTAILMENT
1183	This example is World	"By ELLEN SIMON    NEW YORK (AP) -- Need any proof that traditional media can send readers to the Web? Look no further than this week's Doonesbury.    The cartoon, which is in about 1,400 daily and Sunday newspapers and appears online at ""Slate,"" this week features character Mark Slackmeyer as Mr..."	ENTAILMENT
1184	This example is World	SAN FRANCISCO - Internet users are getting more Web browser choices. On the heels of a new Netscape preview release and the launch of Firefox 1.0, a U.K. company on Thursday released a Web browser it claims is more secure than Internet Explorer (IE) or Firefox.	ENTAILMENT
1185	This example is Sci/Tech	The new product incorporates commercial and open source networking platforms with integrated management tools and identity-based services.	ENTAILMENT
1186	This example is Sports	Katie Achille grew up with the Internet. She was 9 when she first tapped into it - and quickly became an avid e-mailer, Web surfer and sender of instant messages. But when recent computer troubles left her without regular Web access, something unexpected happened: To her surprise, she suddenly felt free.	ENTAILMENT
1187	This example is Sci/Tech	MediaCoat unlocks the potential for placing targeted advertising messages that are certain to be noticed on the play side of motion picture, music, gaming and software discs.	ENTAILMENT
1188	This example is Sci/Tech	After cutting trading commissions for bigger and moreactive customers in mid-June, Charles Schwab Corp. said Monday it will cut them for the rest of its customers effective Nov. 1. Schwab will reduce its standard online stock-trading commission from \$29.	ENTAILMENT
1189	This example is Sci/Tech	Google Inc. is trying to establish an online reading room for five major libraries by scanning stacks of hard-to-find books into its widely used Internet search engine.	ENTAILMENT
1190	This example is Sports	ATHENS, Greece - With the quest to surpass Mark Spitz out of the way, Michael Phelps could savor one of the greatest races in swimming history. Phelps claimed his second and third gold medals of the Athens Games on Tuesday, winning the ...	ENTAILMENT
1191	This example is World	\Smoking killed almost 5 million people around the world in 2000, researchers have calculated.	ENTAILMENT
1192	This example is World	For the first time, data were transferred in real time via mobile communication at a speed of one gigabit per second (Gbit/s), or 1,000 megabits per second (Mbit/s).	ENTAILMENT
1193	This example is Sci/Tech	The Mobile Security provides anti-virus and anti-spam protection for users of data-centric mobile phones and PDAs. Data-centric mobile devices, according to industry analysts, have become an attractive target 	ENTAILMENT
1194	This example is Business	In a series of continuing twists, Microsoft has now announced that their Internet release of Service Pack 2 will be delayed in light of serious complaints from current users who have installed it. 	ENTAILMENT
1195	This example is Sci/Tech	Q1 Labs this week plans to release the latest version of its flagship software as well as add-on software that the company says enables its security management tool to not only detect security issues but also prevent them.	ENTAILMENT
1196	This example is Sports	Aug. 18 (Bloomberg) -- Road traffic to Nepal #39;s capital, Kathmandu, stopped as communist rebels began a blockade of the city to demand the release of insurgents, Reuters reported. 	ENTAILMENT
1197	This example is Sci/Tech	A race to pursue DNA-based indictments has made apparent that no matter how sophisticated the science of DNA, a genetic profile is less than half the battle.	ENTAILMENT
1198	This example is Sci/Tech	Do-it-yourself phishing kits are being made available for download free of charge from the internet, security watchers have warned. 	ENTAILMENT
1199	This example is World	Goldman Sachs today posted a 30 percent jump in profit for its latest quarter, helped by strong growth across its segments.	ENTAILMENT
1200	This example is World	Sven-Goran Eriksson insisted on Tuesday that he had not been approached by Real Madrid to take over as their new coach. Sven-Goran Eriksson insisted on Tuesday that he had not been approached by Real Madrid to take over as their new coach.	CONTRADICTION
1201	This example is Business	Israeli army arrested six Palestinians in the West Bank, Palestinian security sources and witnesses said Saturday. The sources said Israeli army arrested three residents and 	CONTRADICTION
1202	This example is Sports	The Microsoft Download Centre has been updated with some graphical improvements on both the search, listings and item pages. Crucially in the new look download centre many application downloads are now being 	CONTRADICTION
1203	This example is Sports	Defensive end Shaun Ellis and the New York Jets are  quot;real, real close quot; to an agreement on a contract extension. Ellis said Sunday that as far as he knew, there was no final agreement.	CONTRADICTION
1204	This example is Business	One Way Link Building Secures Search Engine Ranking Results\\One-way link building is a great way to improve your link popularity and ranking in the search engines. One-way links are more difficult to obtain than traditional reciprocal links, but pay off in securing solid long-term search engine ranking results.\\Why Are One-Way ...	CONTRADICTION
1205	This example is Sci/Tech	The two companies do not operate in all the same markets, but Monday's warnings seemed to suggest that both were suffering from tougher competition in some areas.	CONTRADICTION
1206	This example is Business	November 04, 2004 - We sometimes hear of big-name games being released simultaneously across the globe. Typically this means the game will be released on the same day in each supported territory, although 	CONTRADICTION
1207	This example is Sports	 Video gaming has long suffered a reputation for creating sedentary and solitary zombies, pasty and pudgy except for their muscular thumbs. A growing number of games, however, are getting gamers off their couches and on their feet, not only shouting, gyrating, singing and dancing, but sometimes -- gasp! -- playing nicely with others, face-to-face, in groups.	CONTRADICTION
1208	This example is Business	IceRocket Launches RSS Feed Builder\\IceRocket is at it again! The search engine that brought the world a hip alternative to Google along with news, blog, and MoBlog search has just added an excellent tool for web site publishers, an RSS Feed Builder. IceRocket's RSS Builder is an easy to use ...	CONTRADICTION
1209	This example is World	AP - The United States expects to sit down with Iran at an international conference to discuss stability in Iraq, U.S. Secretary of State Colin Powell said Tuesday. Washington and Tehran have no diplomatic relations.	CONTRADICTION
1210	This example is World	Some companies are trying to rework policies in order to rehire retired professionals who want to return to work on a limited basis.	CONTRADICTION
1211	This example is Sports	Amazon UK has entered the DVD rental business in a bid to cash-in on this growing sector of the entertainment industry. For 7.99 a month, subscribers can have two movies at home at one time, with a total of four DVD rentals a month.	CONTRADICTION
1212	This example is Sports	Microsoft Tuesday released a handful of software products that are key elements in its drive to develop a comprehensive management platform for Windows.	CONTRADICTION
1213	This example is World	Samsung and Sony have signed a five-year cross-licensing agreement covering a wide range of patents for digital products. The agreement should reduce the potential for disputes 	CONTRADICTION
1214	This example is Sports	Formula One champion Jacques Villeneuve of Canada will drive for Renault for the final three races of this season. Villeneuve, who has not raced in Formula One this season, will debut for Renault this month at the Chinese Grand Prix in Shanghai.	CONTRADICTION
1215	This example is Sports	The transfer of technological innovations from the campus to the capitalist marketplace has been a financial windfall for many schools.	CONTRADICTION
1216	This example is Sports	USATODAY.com - Consumers are snatching up old and new TV favorites on DVD as quickly as studios can release them. TV shows on DVD are one of the fastest-growing trends in the home video business.	CONTRADICTION
1217	This example is Business	Four Hollywood studios announced that they would release films in a new high-definition DVD format by the end of next year, an advance in the effort to define a new DVD standard.	CONTRADICTION
1218	This example is Business	Memory cards are made by a variety of manufacturers, and come in different sizes. Prices among capacities and types of memory cards also vary.	CONTRADICTION
1219	This example is Sports	SEPTEMBER 13, 2004 (IDG NEWS SERVICE) - SAN FRANCISCO -- Intel Corp. last week outlined a plan to develop a mobile processor with two CPU cores, but the company remained silent about its strategy for dual-core 	CONTRADICTION
1220	This example is Business	Technology brings a whole new light to history.Technology brings a whole new light to history.Technology brings a whole new light to history.	CONTRADICTION
1221	This example is Business	Allawi #39;s office confirms that his cousin #39;s wife and his cousin #39;s pregnant daughter-in-law were released Sunday. There #39;s no word on the cousin, 75-year-old Ghazi Allawi.	CONTRADICTION
1222	This example is Sci/Tech	 GAZA (Reuters) - An Israeli helicopter fired a missile at  an unknown target in Gaza City on Friday, witnesses said, hours  after troops killed eight Palestinians in southern Gaza. There  were no immediate reports of casualties.	CONTRADICTION
1223	This example is Sports	Some stocks you buy and never sell. Others you bought and wish you #39;d sold. But there are those cyclical stocks that should be bought and sold repeatedly over the years as their prices move in time to the economy.	CONTRADICTION
1224	This example is Sci/Tech	Microsoft TV's IPTV channel guide can search programs and offer descriptions.	CONTRADICTION
1225	This example is Sports	Bold, innovative solutions are key to addressing the rapidly rising costs of higher education and the steady reduction in government-subsidized help to finance such education.	CONTRADICTION
1226	This example is Sports	Online search leader Google Inc. is becoming more bookish. Expanding a program introduced last year, Google is inviting publishers to include entire books in its index, enabling people to peak at the contents before making a decision on whether to buy.	CONTRADICTION
1227	This example is Sci/Tech	Microsoft has launched a beta version of an MSN search engine designed to compete directly with Google. MSN Search lets users search through more than 5 billion documents, Microsoft says.	CONTRADICTION
1228	This example is Business	In the past, I have taken great pride in informing you, my readers, about new and cutting-edge technology. Sometimes it is also necessary to re-examine existing or older technologies.	CONTRADICTION
1229	This example is World	Computer-based matching system helps students to find the most compatible roommates.	CONTRADICTION
1230	This example is Sci/Tech	Internet powerhouse Yahoo has given its popular Web site a facelift to highlight some of the features that the company has been improving during the past year.	CONTRADICTION
1231	This example is Business	A strong earthquake shook western Japan on yesterday, injuring at least four people, news reports said. There were no immediate reports of damage.	CONTRADICTION
1232	This example is World	The new search tool from Google matches queries with the content inside a book. If there is a match, Google will show links to that particular book in the search-results page.	CONTRADICTION
1233	This example is Business	The countdown to the conclusion of the privately funded race for space is producing some last-minute surprises, with a key competitor postponing its bid just days before its scheduled flight.	CONTRADICTION
1234	This example is World	On-demand viewing isn't just for TiVo owners anymore. Television over internet protocol, or TVIP, offers custom programming over standard copper wires.	CONTRADICTION
1235	This example is Sports	In the Internet age, making telephone contact with a human for customer service is a daunting task. Some companies no longer disclose phone numbers. But some consumers have found ways around the blockade.	CONTRADICTION
1236	This example is Sci/Tech	Adobe, one of the top manufacturers of image editing software, has created a new format for digital images that will save the data in raw file formats to allow professionals more freedom to control the various aspects and key details of raw image files.	CONTRADICTION
1237	This example is Sci/Tech	Initial public offerings just wrapped up one of their best weeks in some time, with 10 companies coming to market, raising \$1.7 billion, and several soaring in their debuts.	CONTRADICTION
1238	This example is Sports	Reciprocal Link Scams\ \Reciprocal link scams are on the rise. It is no secret that most search engines count the quantity and quality of incoming links to a website when deciding how to rank it. In fact some give weight to the ratio of incoming links versus outbound links. This ...	CONTRADICTION
1239	This example is Sports	Memo outlines converting four divisions into two, as company refocuses.	CONTRADICTION
1240	This example is World	 LOS ANGELES (Reuters) - Sales of video games rose about 11  percent in the United States in November, analysts said on  Friday, with two key titles responsible for almost 30 percent  of all games sold in the month.	CONTRADICTION
1241	This example is Business	Sometimes it takes looking into the casket and viewing the body to get closure. Sometimes it takes seeing the cadaver to accept finality.	CONTRADICTION
1242	This example is World	You can usually find information more easily on the vast Internet than you can on your own computer #39;s hard drive. The reason, of course, is that the search tools designed to index the Internet are much better developed than those for personal computers.	CONTRADICTION
1243	This example is Business	Online employment indexes that focus on Internet job listings may establish themselves as forward-looking indicators of trends that will appear later in the government surveys.	CONTRADICTION
1244	This example is Sports	With most states reporting massive new voter registrations and many political observers worrying about potential voter confusion and allegations of fraud on Nov.2, one organization has created a web-based tool to answer questions and provide information.	CONTRADICTION
1245	This example is Business	Fines worth more than \$12 million US were imposed on those establishments that allowed children to play violent or adult-only games and for other violations.	CONTRADICTION
1246	This example is Sci/Tech	Carrie Alison, editor of the largest U2 fan Web site, confirmed that some fans are angry at the band #39;s decision. She said,  quot;Some pockets of U2 fans will rankle at the band aligning themselves with a major 	CONTRADICTION
1247	This example is Business	The field, expected to become a trillion-dollar industry by 2012, promises a host of technological and medical advances while also stirring fears because some of the products appear to be toxic and many are not regulated.	CONTRADICTION
1248	This example is Business	The second-largest satellite entertainment provider adds 350,000 subscribers.	CONTRADICTION
1249	This example is Sci/Tech	Yahoo Offering Cheaper Domain Names and Hosting\\Yahoo has changed their small business targeting approach by offering domain names for \$9.95 as part of an aggressive move to expand its presence in domains and small business web hosting. Yahoo is also beefing up its shared hosting accounts, offering 2 gigabytes of ...	CONTRADICTION
1250	This example is Business	Amazon.co.uk has added a rental service to its DVD tab allowing customers to rent six DVDs a month for 9.99 or four DVDs for 7.99 additionally rental members will save an extra 10 per cent off of Amazons DVD prices.	CONTRADICTION
1251	This example is Sci/Tech	The Motley Fool - You've got a money question, and the guy in the next cubicle hasn't a clue how to answer. You need trustworthy information. But where to start?	CONTRADICTION
1252	This example is Sci/Tech	which bows to no conference commissioner, has its own network and grazes from coast to coast for prestigious opponents -- could be changing its scheduling philosophy.	CONTRADICTION
1253	This example is Business	It will be a short trading week, but that is probably the best reason to take a long, hard look at some of the companies that will be in the news.	CONTRADICTION
1254	This example is Business	Aug. 18 (Bloomberg) -- AMP Ltd., Australia #39;s largest life insurer, posted its first half of profit in four after Chief Executive Andrew Mohl reduced debt, cut costs and sold more equity investment products. The stock fell as much as 3.7 percent. 	CONTRADICTION
1255	This example is Sci/Tech	US President George W. Bush said on Wednesday that his government still adheres to the strong-dollar policy.  quot;The policy of my government is a strong-dollar policy, quot; Bush 	CONTRADICTION
1256	This example is Sports	Four new stocks shot out of the starting gates Friday and posted upbeat opening-day gains, riding investor momentum spurred by stronger-than-expected pricings from two initial public offerings while two others came in at the top of expectations.	CONTRADICTION
1257	This example is Sports	In the Internet age, making telephone contact with a human for customer service is a daunting task. But some consumers have found ways around the blockade.	CONTRADICTION
1258	This example is World	Software that lets computers split into virtual machines will create more powerful subdivisions.	CONTRADICTION
1259	This example is Sports	NewsFactor - America Online (NYSE: AOL) is giving Microsoft (Nasdaq: MSFT) a second chance by agreeing to\support the software giant's anti-spam technology that it previously had rejected.	CONTRADICTION
1260	This example is World	ATHENS, Greece Greek weightlifter Leonidas Sampanis has been stripped of his bronze medal for a doping offense. It was the first medal to be stripped from an athlete in Athens because of doping.	CONTRADICTION
1261	This example is World	Four Hollywood studios announced that they would release films in the group's high-definition DVD format by the end of next year, an advance in the effort to define a new DVD standard.	CONTRADICTION
1262	This example is Business	Firms sign joint development, marketing deal for integrated product expected next year.	CONTRADICTION
1263	This example is Sci/Tech	Banknorth Group's largest shareholder, Private Capital Management, said it plans to vote in favor of the merger with Canada's TD Bank Financial Group after expressing reservations several months ago. The change increases the likelihood the merger will go through. Several of Banknorth's major shareholders had reservations because of the deal's structure. TD plans to acquire a majority stake in the ...	CONTRADICTION
1264	This example is Business	Three major movie studios have signed on for Sony #39;s high-definition technology for the discs. But a competitor has drawn big support, too.	CONTRADICTION
1265	This example is Business	There have been signs of danger he has read about, warnings of trouble told to him.	CONTRADICTION
1266	This example is Business	In the deadliest year for journalists in a decade, 54 reporters and crew are killed around the world.	CONTRADICTION
1267	This example is Business	Christmas is just around the corner and major computer games software publishers are readying their wares for the festive season. But these latest games are not your typical children #39;s programs.	CONTRADICTION
1268	This example is Sports	They let developers create software that supports 64-bit x86 chips--important in making the new generation of chips useful.	CONTRADICTION
1269	This example is Sports	Some spammers are getting their messages through using techniques designed to spot and stop them. A survey shows that spammers are the biggest users of a technique designed to find out if e-mail comes from the net address it says it does.	CONTRADICTION
1270	This example is Sports	A number of signs point to increasing demand for tech workers, but not all the clouds have been driven away.	CONTRADICTION
1271	This example is Business	The entertainment giant wraps up a successful fiscal year and sets the course for consistent growth.	CONTRADICTION
1272	This example is Business	SanDisk Corp. has doubled the maximum capacities of its SanDisk miniSD and SanDisk RS-MMC memory cards to 512 megabytes. The popular cards are used in a variety of electronic 	CONTRADICTION
1273	This example is World	One layer of the new disk is in standard DVD format, while the other layer will be in the HD DVD format. Such a combination lets film studios put a movie in DVD format on one side and, on the other, in HD DVD format.	CONTRADICTION
1274	This example is Business	One of the most respected engineering gateways on the web has just released four new databases providing free access to hundreds of online scientific and technical journals.	CONTRADICTION
1275	This example is Business	As companies ramp up open-source deployments, expertise is in high demand and short supply. The costs of developing talent can add up.	CONTRADICTION
1276	This example is Sports	 quot;I don #39;t really have any regrets. I think I learned a lot from a lot of experiences that I dealt with over my career. There #39;s nothing for me to look back and regret.	CONTRADICTION
1277	This example is Sports	Both campaigns have laid out plans for a barrage of visits and television advertisements in these key battlegrounds over the next 10 days.	CONTRADICTION
1278	This example is Sci/Tech	Forbes.com - Wesley Miller was a walking medicine cabinet after undergoing triple-bypass surgery in 1994. By late 2001 he was on 16 drugs, including Lipitor for high cholesterol, Glucotrol for diabetes and three pills to lower his blood pressure. He couldn't walk from his front doorstep to the mailbox without doubling over in chest pain. At one point tests showed the blockages were back and that his arteries were too damaged to risk another operation. He thought he might die.	CONTRADICTION
1279	This example is World	Learn a little about yourself, and it may improve your performance.	CONTRADICTION
1280	This example is Sports	SAN DIEGO -- Here at the DemoMobile 2004 conference, about 40 vendors had six minutes each to demonstrate their wireless technology invention to the crowd. Some products, although amazing in description, don't translate very well on the live screen and in such a tight time constraint. Some demonstrations, however, entirely captivate the audience and leave in their wake an audible buzz of excited voices.	CONTRADICTION
1281	This example is Sci/Tech	Fame is nice. Fame gets you money, women and if you just so happen to be an athlete, your name in video games. Thousands of professional and college athletes around the country participate in these video games 	CONTRADICTION
1282	This example is World	There #39;s a balance to making a sequel to a successful video or computer game. The developer, at the very least, is expected to match the quality of the first game.	CONTRADICTION
1283	This example is World	Reuters - Three court-appointed doctors\examined Chile's former military dictator Augusto Pinochet on\Thursday, a key step that will decide whether the 88-year-old\general will stand trial for human rights abuses.	CONTRADICTION
1284	This example is Sports	The update uses stronger encryption and does a better job of letting only authorised users join wireless nets. The improvements have been made to re-assure businesses that wi-fi networks can be made safe enough to be really useful and widely deployed.	CONTRADICTION
1285	This example is Sci/Tech	Public libraries are allowed to review and choose the books that end up on the shelves based on resources and community standards.	CONTRADICTION
1286	This example is Business	NewsFactor - Microsoft (Nasdaq: MSFT) will release a low-cost version of Windows for the Russian market in an attempt to combat the country's pirated software problem and growing Linux adoption.	CONTRADICTION
1287	This example is Sci/Tech	The vendor adds features to its storage appliance to quickly bring back online storage that had been dedicated to an underused application.	CONTRADICTION
1288	This example is Sports	Google has officially joined the race to come up with a way to search videos and TV shows. In addition to a search technology for Internet-based video content, Google is also working with TV and cable broadcasters 	CONTRADICTION
1289	This example is Business	The company reports double-digit growth in eight out of 11 business units.	CONTRADICTION
1290	This example is World	Find.com Business Search Engine Adds Content Providers\\Find.com, a search engine for business professionals, today announced that it has signed PricewaterhouseCoopers LLC, IBISWorld, IOMA, Datamonitor, and Mintel as new premium content providers for the business search engine. Find.com was founded in June 2004 to provide a solution for business professionals in ...	CONTRADICTION
1291	This example is Business	Some candidates moderated their stance in light of a consensus proclaiming the election, while not problem-free, a success.	CONTRADICTION
1292	This example is Sports	Nearly all of the 2,755 musicians who participated in a recent survey reported using the Internet for ideas and inspiration, with nine out of 10 going online to promote, advertise and post their music.	CONTRADICTION
1293	This example is Business	Tuesday, Microsoft (Nasdaq: MSFT) announced a strategy of bringing digital entertainment to users in the home, at the office, or on the go.	CONTRADICTION
1294	This example is Business	It lets users search for scholarly literature such as peer-reviewed papers, theses, abstracts and technical reports from resources such as academic publishers, universities, professional societies and preprint repositories.	CONTRADICTION
1295	This example is Sci/Tech	A sudden, measurable decline in market share in any product over the course of a few months says something, even if that product is one whose producer still holds about 90 of the market in question.	CONTRADICTION
1296	This example is World	Rebates are getting easier. Instead of making it as difficult as possible for a consumer to claim a rebate, some retailers are simplifying the process, figuring fewer hassles along the way will build customer loyalty and raise sales.	CONTRADICTION
1297	This example is Business	The EU is backing a project that would let viewers personalise shows and films to suit their tastes.	CONTRADICTION
1298	This example is World	Hand-held entertainment gizmos don #39;t just play music anymore. They have morphed into general-purpose devices that display photos on full-color screens and, in some cases, even play video.	CONTRADICTION
1299	This example is Sports	Some websites are now offering surfers the chance to download free  quot;phishing kits quot; containing all the graphics, web code and text required to construct the kind of bogus sites used in internet phishing scams. 	CONTRADICTION
1300	This example is Business	Killing a virus attack before it becomes damaging is something of a holy grail in today #39;s security environment. That #39;s because most viruses today are distributed through attachments to e-mail 	CONTRADICTION
1301	This example is Sports	Some game makers are trying to get players to expand their horizons by reflecting on news events in games	CONTRADICTION
1302	This example is Business	Napster will be launching its own downloaded music chart on Virgin Radio at 7pm on August 29th. The chart will be compiled from the top 20 most popular tracks bought each week from Napster UK service. The chart will also include tracks that have been ...	CONTRADICTION
1303	This example is Sports	Vodafone has confirmed that it will launch its 3G service in the UK in November. The announcement came hot on the heals of the operators announcement of the handsets it will be making available for the launch.	CONTRADICTION
1304	This example is Business	Description: NPR #39;s Linda Gradstein reports from the Israeli town of Sderot, a frequent target of Palestinian rocket fire from the nearby Gaza Strip.	CONTRADICTION
1305	This example is Sports	After a drop off earlier this fall, more fraudulent Web sites are popping up.	CONTRADICTION
1306	This example is Business	In at least one of the past three years, 82 of the largest US companies paid no federal income taxes, a report released Wednesday said.	CONTRADICTION
1307	This example is Business	From digital video cameras on the sidelines to Sony PlayStation 2s in the locker room, technology is changing the way coaches and players prepare for games.	CONTRADICTION
1308	This example is World	Logic Pro 7, the next major release of the award-winning professional music creation and audio production software, will change the way musicians and audio engineers worldwide compose, record, edit and mix music in any studio environment. In addition to more than 100 workflow enhancements, breakthrough new software instruments, new mastering plug-ins and support for Apple Loops, Logic Pro 7 also debuts distributed audio processing, a revolutionary technology which allows audio pros to tap into a virtually unlimited number of Macs to expand available Digital Signal Processing (DSP) power. Sep 29	CONTRADICTION
1309	This example is World	Some Web sites are now offering surfers the chance to download free  quot;phishing kits quot; containing all the graphics, Web code and text required to construct the kind of bogus Web sites used in Internet phishing scams. 	CONTRADICTION
1310	This example is Business	I don #39;t know about you, but this season really doesn #39;t feel like it #39;s started yet. You just about get into the groove of a couple of matches in a row, and then some sodding international match pops up and that #39;s it - everything goes on hold for two weeks.	CONTRADICTION
1311	This example is Sci/Tech	In this week's TravelWatch column: A small experiment in Armenia shows how easy it is to turn an urban dead zone into an appealing, living place.	CONTRADICTION
1312	This example is World	A new report predicts that the federal market for knowledge management solutions will grow by almost one-third in the next five years to more than \$1.	CONTRADICTION
1313	This example is World	Keeping up with newly issued patents for search-related technology can help you spot emerging trends and potentially new competitors to the existing major web search players.	CONTRADICTION
1314	This example is Business	AP - Internet powerhouse Yahoo Inc. has given its popular Web site a facelift to highlight some of the features that the company has been improving during the past year.	CONTRADICTION
1315	This example is World	Our favorite genre-busters will roll, creep, slither, bounce, and wriggle their way into your free time--if you give them a try.	CONTRADICTION
1316	This example is Sci/Tech	Shipments of PDAs and similar handheld devices declined for the third consecutive quarter, according to the latest data from IDC. Third-quarter global PDA shipments fell 8.7 percent compared to the same period last year.	CONTRADICTION
1317	This example is Business	Five prestigious university and public libraries have reached agreement with Google Inc. to digitize millions of volumes in their collections and make portions of the text available for free 	CONTRADICTION
1318	This example is World	 quot;I think it #39;s kind of fun to play new courses, quot; she said.  quot;During the year we don #39;t get to see very many courses other than the ones we play on the tour.	CONTRADICTION
1319	This example is Sports	Yet another security flaw reported for popular Web browser.	CONTRADICTION
1320	This example is Business	Two leading midmarket CRM vendors released expansions of their platforms this week, branching further into the service side of CRM.	CONTRADICTION
1321	This example is Sports	Despite a country's commitment to marketplace logic, some firms are simply too big and too entangled to be allowed to fold.	CONTRADICTION
1322	This example is Sports	New technology can trick a caller ID box into displaying the name and phone number of an entirely different person or company than the one actually calling.	CONTRADICTION
1323	This example is Business	A stolen copy of the latest sequel in one of the top-selling video game series of all time began circulating on the Web late Wednesday, the second high-profile game theft in a week.	CONTRADICTION
1324	This example is Sci/Tech	IBM has announced virtual resources to help its business partners accelerate the building and deployment of on-demand business applications tailored to customer requirements across all vertical industries.	CONTRADICTION
1325	This example is Sports	The two new names reflect a bit of a shift in the naming structure, since they are designed for specific business or interest groups.	CONTRADICTION
1326	This example is Sports	Universal has signed a handful of artists to a digital-only record label. Starting Tuesday, it will release songs through online services like iTunes.	CONTRADICTION
1327	This example is World	More businesses are out to convert die-hard check writers to electronic billing by offering perks, lower interest rates or discounted prices.	CONTRADICTION
1328	This example is Business	Ziff Davis - Microsoft has published a list of nearly 50 software programs that require tweaking in order to work with its most recent Windows update.	CONTRADICTION
1329	This example is Sci/Tech	One of the new drives is just 3 inches in diameter, features a retractable USB cable for easy carrying and can store 5GB of data.\	CONTRADICTION
1330	This example is World	Nextance last week announced its Intellectual Property Optimization Suite, which enables users to manage valuable intellectual property (IP) assets and associated contractual agreements in order to more effectively optimize revenue and mitigate legal risk related to IP. Nextance's IP Optimization Suite manages the entire lifecycle of IP assets and addresses such issues as underutilized IP assets, underpaid licensing and royalty revenue, unnecessary risks related to legal compliance, and sluggish time-to-market for new solutions that increasingly depend on IP. Pricing starts at \$500,000 and ranges to over \$1,000,000 depending on the size of the organization and sophistication of the implementation.	CONTRADICTION
1331	This example is Sports	This WeatherBug Backyard weather station, dubbed the Wireless Vantage Pro2, streams meteorology data to a desktop.	CONTRADICTION
1332	This example is Sci/Tech	The move will delay the reduction in reported profits for many companies, and may give them more time to lobby Congress to stop the rule from taking effect at all.	CONTRADICTION
1333	This example is Business	Microsoft said some spyware could cause computers to freeze up upon installation of the SP2 update. Microsoft recommends that users clean their PCs of spyware and back up their data before 	CONTRADICTION
1334	This example is Business	Microsoft said some spyware could cause computers to freeze up upon installation of the SP2 update. Microsoft recommends that users clean their PCs of spyware and back up their data before 	CONTRADICTION
1335	This example is World	Some of the real estate coveted most by the Internet giants isn #39;t on the Internet at all. It #39;s on your computer hard drive.	CONTRADICTION
1336	This example is World	Credit cards issuers may face penalty from the regulators as credit cards solicitation is not as reliable as they are said. Consumers sometimes are not given the whole information about the possibly imposed 	CONTRADICTION
1337	This example is Sports	NASA is planning to add a strong dose of artificial intelligence (AI) to planetary rovers to make them much more self-reliant, capable of making basic decisions during a mission. Scientists are developing very complex AI software that enables a higher level of robotic intelligence.	CONTRADICTION
1338	This example is World	May result in unexpected behavior	CONTRADICTION
1339	This example is Business	NewsFactor - Orange has launched its long-awaited 3G mobile service in the UK, with the goal of signing up as many as 2 million subscribers by the end of 2006.	CONTRADICTION
1340	This example is Sports	The libraries of some of the world's most important academic institutions are to be digitised by Google.	CONTRADICTION
1341	This example is Business	A survey shows that more workers are relying on technology to do their job while on the move.	CONTRADICTION
1342	This example is Business	\A series of X-Prizes for breakthroughs in science or technology that solve the world's greatest challenges are planned.	CONTRADICTION
1343	This example is Sci/Tech	Investor's Business Daily - That's the lesson Microsoft and Sun Microsystems are about to learn as they take on Linux -- and each other -- in dueling efforts to woo Wall Street techies.	CONTRADICTION
1344	This example is Sci/Tech	The handset giant has announced an operator-brandable end-to-end content distribution system in an effort to satisfy the needs of developers, carriers and end users.	CONTRADICTION
1345	This example is World	The latest snapshot shows an economy that has returned to a moderate economic expansion of about 3 percent. At this pace, the economy is not growing fast enough to create large numbers of jobs 	CONTRADICTION
1346	This example is Sports	The growth in electronic toys that sing, provide realistic sound effects and make other noises has led to yet another hazard for children, a consumer advocate group said Tuesday.	CONTRADICTION
1347	This example is Sports	Its one of the oldest techniques in the book. When an issue arises, and youd rather not talk about it, give the media something else to discuss.	CONTRADICTION
1348	This example is Business	"Company lets businesses and governments obtain products at ""low lease rates"" or defer payments until January at no extra cost."	CONTRADICTION
1349	This example is Business	Electronics manufacturers are designing products that are smaller and lighter, yet offering more and more gadgets that travelers feel compelled to take with them.	CONTRADICTION
1350	This example is Sports	Six Ways To Create a Keyword-Rich Domain Name\\An effective domain name can help to brand your site. It can also communicate to your customers the types of products you sell online. An easy to remember domain that describes your services should be the goal of every site owner. Here are ...	CONTRADICTION
1351	This example is Sports	PayPal has launched a new promotion offering five free tracks from the iTunes Music Store. You can now use PayPal to securely and easily buy music from the massive iTunes catalogue, including lots of exclusive tracks and videos.	CONTRADICTION
1352	This example is Sports	Open-source software and off-the-shelf hardware make strong showing among the best of the biggest.	CONTRADICTION
1353	This example is Sci/Tech	Inhabitants of virtual worlds are giving the games they play real economic power, a study has found.	CONTRADICTION
1354	This example is Sci/Tech	and two days later his company hit another milestone. It released what #39;s easily its most important product in more than nine years.	CONTRADICTION
1355	This example is Business	Reuters - Hurricane Ivan killed at least 20 people\as it laid waste to the tiny spice island of Grenada, where\looting hampered relief efforts on Wednesday as the storm swept\through the Caribbean heading northwest.	CONTRADICTION
1356	This example is Sports	Symantec Wednesday said fiscal second-quarter earnings more than doubled over the previous year as the company saw growth across all of its business segments.	CONTRADICTION
1357	This example is Sports	The company is wrestling with its third scandal in just over a year, raising questions about whether board members were doing an adequate job.	CONTRADICTION
1358	This example is Sports	"One analyst complains that the gear maker is in a ""perpetual state of transition, constantly trying to identify where it can execute."""	CONTRADICTION
1359	This example is World	Over the past year, spyware has become an increasing problem. Every time that you visit a web site, you must run the gauntlet of a variety of pop-up adverts, any of which can be programmed to place spyware on your computer. 	CONTRADICTION
1360	This example is Sports	Reuters - Jeffrey Greenberg, chairman and chief\executive of embattled insurance broker Marsh   McLennan Cos.\, is expected to step down within hours, a newspaper\reported on Friday, citing people close to the discussions.	CONTRADICTION
1361	This example is World	A series of X-Prizes for the scientific or technological breakthroughs that tackle the most important challenges facing humans are being planned.	CONTRADICTION
1362	This example is World	Reuters - Russia on Thursday observed a\day of mourning for at least 89 people who died in a mysterious\double air disaster, which some fear could have been a\terrorist attack ahead of a key election in rebel Chechnya.	CONTRADICTION
1363	This example is Business	In one of the first enforcement actions of the Americans with Disabilities Act on the Internet, two major travel services have agreed to make sites more accessible to the blind and visually impaired.	CONTRADICTION
1364	This example is Sports	In one of the first enforcement actions of the Americans with Disabilities Act on the Internet, two major travel services have agreed to make sites more accessible to the blind and visually impaired.	CONTRADICTION
1365	This example is Sports	The Google franchise could be coming to a Web browser near you; that is, if all the recent clues add up. Evidence is growing that may support rumors that the preeminent search company plans to introduce a Google-branded Web browser down the road.	CONTRADICTION
1366	This example is Sports	A graphics card or video card is a component of a computer which is designed to convert a logical representation of an image stored in memory to a signal that can be used as input for a display medium.	CONTRADICTION
1367	This example is World	Sometimes, when you're living through an event, you can be too close to what's happening to realize the magnitude of it.	CONTRADICTION
1368	This example is Business	You can strap it around your arms or wind it around your neck while on your morning jog. And while you jog, you can listen to songs, download and store your personal CD albums directly, listen to FM radio 	CONTRADICTION
1369	This example is Business	Sony said yesterday that it has built a desktop computer with 1 TB of data storage and seven analog television tuners. The PC will be able to record a week #39;s worth of programming on six channels at the same time.	CONTRADICTION
1370	This example is Sports	With downloadable books and information portals, the new reading room is anywhere and everywhere.	CONTRADICTION
1371	This example is Sci/Tech	Description: NPR #39;s John Ydstie talks with John Allen, Vatican correspondent for The National Catholic Reporter, about Sunday #39;s beatification ceremony for five new Catholic saints.	CONTRADICTION
1372	This example is Business	Reuters - Investigators are closely scrutinizing\the role of major international banks in the meltdown of\Parmalat, the scandal-ridden dairy group based in Italy, the\Wall Street Journal reported on Tuesday.	CONTRADICTION
1373	This example is Sci/Tech	NewsFactor - Over the course of this series, CRM Daily is looking at areas that tend to develop into financial black holes for companies launching or updating a CRM project.	CONTRADICTION
1374	This example is Business	Students have developed a web-based tool which can automatically spot and update broken weblinks.	CONTRADICTION
1375	This example is Sports	Shopping search engines make it easy for people to research and buy products. They can also be a powerful and cost-effective customer acquisition channel for merchants.	CONTRADICTION
1376	This example is Business	Universal said HD DVD can deliver enhanced picture and sound quality, greater storage capacity and increased interactivity. An additional benefit is backwards compatibility, allowing existing 	CONTRADICTION
1377	This example is Sports	Interactive exhibits have been a mainstay in museums for more than three decades. In recent years museums have become more creative about the way they introduce technology into their exhibits.	CONTRADICTION
1378	This example is World	Microsoft Corp. has published a list of nearly 50 applications and games that may not work correctly after installing Service Pack 2 (SP2) for Windows XP.	CONTRADICTION
1379	This example is Business	Companies expand security alliance to help businesses keep worms and viruses from getting onto networks.	CONTRADICTION
1380	This example is Business	Enterprises that in the past may have been leery of open source alternatives to commercial software have opened up to the concept, panelists said on Tuesday at an SDForum conference entitled  quot;Open Source - Entering the Mainstream.	CONTRADICTION
1381	This example is Business	The Walt Disney Company and its home video division, Buena Vista Home Entertainment, said yesterday that they would release films in the next-generation high-definition DVD format being developed 	CONTRADICTION
1382	This example is Business	For those U.S. residents still unsure which presidential candidate to vote for -- and there appear to be quite a few who can't make up their minds less than a week before the election -- there's a new Web-based tool that can help voters match their positions to those of the major presidential candidates.	CONTRADICTION
1383	This example is Sci/Tech	IBM said that it saw 997 Internet attacks in September directed at networks that the company monitors, a 27 percent increase from July and August.	CONTRADICTION
1384	This example is Sports	Short for high definition-DVD, a generic term for the technology of recording high-definition video on a DVD. In general, HD-DVD is capable of storing between two and four times as much data as standard DVD.	CONTRADICTION
1385	This example is Business	As local kids make their holiday lists, parents might want to check them twice for potentially dangerous toys. Consumer advocates yesterday released a list of 61 toys they contend have deficient labeling or hazardous parts.	CONTRADICTION
1386	This example is Sports	Some voters say machines indicated they had voted for a different candidate.	CONTRADICTION
1387	This example is Sci/Tech	The super-rodents can run farther and about an hour longer than average mice. The new rodents also appear to resist weight gain in the complete absence of exerciseeven when fed a high-fat diet that led normal mice to become obese.	CONTRADICTION
1388	This example is Sports	Updated chat client allows users to send more personalized messages.	CONTRADICTION
1389	This example is Sports	Frank #39;s Nursery and Crafts announced today it will close all 169 of its stores later this year, including three here in Toledo.	CONTRADICTION
1390	This example is World	Cisco Systems has agreed to buy software developer P-Cube in a cash-and-options deal Cisco valued at \$200m (110m). P-Cube makes software to help service providers analyse and control network traffic.	CONTRADICTION
1391	This example is World	Many PC makers have a list of drivers and other patches that should be in place before installing the OS update.\	CONTRADICTION
1392	This example is Business	Researchers claim to have solved the mystery of the people who simply do not count. It could be because they are lost for words. 	CONTRADICTION
1393	This example is World	The merger is another step in the consolidation of the information technology industry as it matures.	CONTRADICTION
1394	This example is World	Tired of combing the Net for the right tech job? A start-up says its program can do it--and better than online job boards.	CONTRADICTION
1395	This example is World	Tired of combing the Net for the right tech job? A start-up says its program can do it--and better than online job boards.	CONTRADICTION
1396	This example is Sports	Google is launching a new service to make books and other printed materials searchable online, the Internet search engine company said Wednesday.	CONTRADICTION
1397	This example is Sports	EBay has given notice that from now on, racially offensive terms may be used only if they are part of a book, movie or other product title.	CONTRADICTION
1398	This example is Sports	Students design mobile data-access system for health-care workers.	CONTRADICTION
1399	This example is Business	SAP AG unveils a service that evaluates security settings across a customer #39;s SAP enterprise system. SAP AG on Wednesday unveiled a service that evaluates security settings across a customer #39;s SAP enterprise system.	CONTRADICTION
1400	This example is Business	Revamped website signals desire for broader customer base	CONTRADICTION
1401	This example is Business	The rate at which personal computers are being hijacked by hackers rocketed in the first half of 2004, reveals a new report. An average of 30,000 computers per day were turned into enslaved zombies, compared with just 2000 per day in 2003.	CONTRADICTION
1402	This example is Sports	Online store will continue to offer certain songs at low prices, company says.	CONTRADICTION
1403	This example is Sports	For some phones infected by the Trojan, the only real fix is a hard reset, which wipes all user data from the device. 	CONTRADICTION
1404	This example is Sci/Tech	Violations appears to be commonplace, even though professionals agree it is risky.	CONTRADICTION
1405	This example is Business	NewsFactor - Sony (NYSE: SNE) has introduced its first MP3-based flash-memory digital music players under the Walkman brand in an effort to capture a share of the portable digital music player market currently dominated by Apple's (Nasdaq: AAPL) iPod device.	CONTRADICTION
1406	This example is World	It #39;s almost the end of the semester and many male students are turning to video games, instead of the Internet, to relieve some much built-up stress.	CONTRADICTION
1407	This example is Sports	"The BBC is to close some websites and invest in those that add ""sufficient public value""."	CONTRADICTION
1408	This example is Business	Microsoft Corp. released 10 security fixes for various products Tuesday, including seven that fix flaws the company said pose the highest threat to users.	CONTRADICTION
1409	This example is Sports	Sometimes, the part-time jobs can lead to permanent positions. But for many seasonal workers, the job simply means income and nice discounts at a time of year when many people want the extra cash.	CONTRADICTION
1410	This example is Sci/Tech	When people talk about sports at the University of Connecticut, the subject most likely is basketball. Men's or women's, it really doesn't matter, since both teams won the national championship last season. But there's another sport on campus that, although it doesn't grab as many headlines, is just as well respected in its circles.	CONTRADICTION
1411	This example is World	MOSCOW (AFP) - Russia #39;s embattled Yukos oil giant faced additional tax claims after authorities said the firm was suspected of underpaying 6.7 billion dollars for 2002, Interfax reported.	CONTRADICTION
1412	This example is Sci/Tech	Blogs are increasingly popular, and can have a dramatic effect on search engine positioning. How can you best take advantage of this new search marketing channel?	CONTRADICTION
1413	This example is Sports	Scientists say they have developed a non-invasive, brain-computer interface that enables a person to move a cursor across a computer screen just by thinking about it.	CONTRADICTION
1414	This example is World	Canadian Press - MOSCOW (AP) - The nascent petroleum division of natural gas giant Gazprom will bid for the crown jewels of the battered Yukos oil empire, its chief said Tuesday - a widely anticipated move that could put the heart of the company jailed billionaire Mikhail Khodorkovsky created in Kremlin-friendly hands.	CONTRADICTION
1415	This example is World	A cable channel plans to resurrect each of the 1,230 regular-season games listed on the league's defunct 2004-2005 schedule by setting them in motion on a video game console.	CONTRADICTION
1416	This example is Sports	With the Internet revolution now a decade old, fear no longer grips companies contemplating moving their systems to the Web. More companies are turning to so-called Web Services these days to help migrate 	CONTRADICTION
1417	This example is Sports	MANHASSET, NY - Proponents of HD-DVD gained an ally Monday (Nov. 29), as film studio Universal Pictures announced it has adopted the format, with select titles available to consumers during the 2005 holiday season.	CONTRADICTION
1418	This example is Sci/Tech	Microsoft has published a list of nearly 50 applications -- including developer and backup tools, antivirus software and an FTP client -- that may not work correctly after installing Service Pack 2 for Windows XP.	CONTRADICTION
1419	This example is World	When a company's management wastes free cash to cover up for previous mistakes, look out.	CONTRADICTION
1420	This example is Sci/Tech	Microsoft #39;s widely anticipated search engine, which launched in test mode yesterday, encountered some glitches on its first day.	CONTRADICTION
1421	This example is World	The fastest type of computer. Supercomputers are very expensive and are employed for specialized applications that require immense amounts of mathematical calculations.	CONTRADICTION
1422	This example is World	DARFUR, November 5 (IslamOnline.net  amp; News Agencies) - The Darfur talks in Abuja, Nigeria, were stalled Friday, November 5, over a security deal proposed by the African Union (AU), amid reports the situation in the western Sudanese region is heading 	CONTRADICTION
1423	This example is Sci/Tech	EBay dropoff stores, which list, package and ship eBay items for people who prefer not to do it themselves, have gotten a little help in their quest to find a market - from eBay itself.	CONTRADICTION
1424	This example is Business	Microsoft Releases 10 Security Patches for Windows, Excel, and IE\\If you use Microsoft Windows, Excel, or their Internet Explorer browser you better watch out, because there are some large security holes that need patching. Microsoft on Tuesday published 10 software security advisories, warning Windows users and corporate administrators of 22 ...	CONTRADICTION
1425	This example is Sci/Tech	Ask anyone who knows Andre Agassi and they will tell you that the bald but brilliant former champion is an awfully nice chap. But there are times when Agassi can be positively nasty; cruel even.	CONTRADICTION
1426	This example is Business	It has never bothered me that I have been the only person I know who loves my eMachines computers. The computers are inexpensive and they are more than adequate for my word processing 	CONTRADICTION
1427	This example is Business	Visual Studio 2005 Team System will try to include features that make it more likely that what the developers know in their hearts also is visible to managers.	CONTRADICTION
1428	This example is Business	Playlist reviews a multitude of choices in different categories to help you get the most out of your iPod.	CONTRADICTION
1429	This example is World	Dell is both profitable and well regarded, thanks to its habit of delivering serviceable but unexciting products at good prices and supporting them well enough to keep buyers coming back.	CONTRADICTION
1430	This example is Sports	The electoral college has produced controversial decisions six times in the history of the United States.      Such election results produce calls for changes to     the Constitution.  Amending the Constitution is     a difficult and complicated process. Only 27 Amendments have passed in over     200 years.     Here are some changes that can be made to the system without amending the Constitution.	CONTRADICTION
1431	This example is Sci/Tech	Making Informed Search Keyword Choices\\Marketers stake much of their livelihood on keywords, whether for proper search engine optimization or targeted pay-per-click advertising. One challenge faced by inexperienced marketers involves knowing which phrases to target out of hundreds of combinations.\\Often, one will find terms which look good, but later testing reveals ...	CONTRADICTION
1432	This example is Sci/Tech	Despite objections from hospitals and the medical profession, doctors are prescribing placebos for all kinds of ailments.	CONTRADICTION
1433	This example is Sci/Tech	Decades before I could definitively identify the business end of a golf stick, I was a baseball player. Decades before I could definitively identify the business end of a golf stick, I was a baseball player.	CONTRADICTION
1434	This example is Sports	Personal computers have rapidly turned into storage vaults for digital music, photos and videos. Now, computer-industry companies are rolling out new ways to let that content roam through the house.	CONTRADICTION
1435	This example is Sports	Users are finding lots of inventive ways to lose precious files, say data recovery experts.	CONTRADICTION
1436	This example is Sports	Its new software lets PC administrators create policy controls specifying how long a user will have access to the operating system and applications, what peripherals can connect to the environment, and more.	CONTRADICTION
1437	This example is Business	IBM Corp. said Monday it will release as open source code some of its software for speech-enabling applications. The move is intended to spur development in the field and outflank rivals by making IBM's free technology the industry standard.	CONTRADICTION
1438	This example is Business	The move is expected to dampen prospects for a long list of companies that have focused on taking advantage of the Chinese market.	CONTRADICTION
1439	This example is World	For many coaches, their last home game after 41 years on the job would be an emotionally charged event that becomes bigger than the game.	CONTRADICTION
1440	This example is World	Despite warnings that interest rates would climb sharply, some risk-averse investors stuck with the bond market in 2004.	CONTRADICTION
1441	This example is Business	If one of your New Year's resolutions is to finally learn how to play an instrument, technology increasingly can help you get started.	CONTRADICTION
1442	This example is Business	AFP - Holger Apfel cuts a clean look in his Miami Vice-style white suit and black T-shirt and is the new image of a German far-right that is likely to cause an upset in Sunday's state elections.	CONTRADICTION
1443	This example is Business	NewsFactor - Bowing to the influence of wireless operators and handset makers, Opera Software will deliver its revolutionary \smartphone browser to the\Microsoft Windows Mobile operating system.	CONTRADICTION
1444	This example is Sports	Russian steel giant OAO Severstal on Tuesday made a formal takeover offer for Canadian #39;s insolvent Stelco Inc. which is in the midst of bankruptcy protection.	CONTRADICTION
1445	This example is World	Products give business people and programmers a shared language that helps them implement changes quickly.	CONTRADICTION
1446	This example is Business	Less than a year after walking away with the three top prizes, England have failed to receive a single nomination in any of the major categories for the annual International Rugby Board awards.	CONTRADICTION
1447	This example is World	Nintendo has played down the threat from Sony, saying that Nintendo #39;s strength lies in software and the ability to make games that are easy and fun.	CONTRADICTION
1448	This example is Sci/Tech	One thing to remember about the playoffs is that it isn #39;t always the best team that wins, but the team that plays the best in October.	CONTRADICTION
1449	This example is Sci/Tech	WASHINGTON -- In an exercise that #39;s become as much a Thanksgiving tradition as turkey and football, the federal government and private interest groups yesterday released lists of dangerous toys and graphic video games they say should be avoided by young 	CONTRADICTION
1450	This example is World	Since September 8th and 9th, the twin Mars rovers have been taking a well-deserved break, while the Sun-Earth line clears again for communication directly to Mars. While this conjunction may temporarily halt their wheels in the sand, other science tasks have kicked off under autonomous control.	CONTRADICTION
1451	This example is Business	Attendees at Gartner's annual data center conference said their packaged applications have to be tested on servers equipped with virtualization software before they can adopt the technology. But some vendors may not have the wherewithal to do the testing.	CONTRADICTION
1452	This example is Business	Olympics: Despite doubts and fears that the facilities would not be ready in time and drugs scandals before the Games had even started, we have witnessed a memorable Olympics for all the right reasons.	CONTRADICTION
1453	This example is Business	Reuters - A strong earthquake of magnitude 6.6\hit Manila in the Philippines overnight, the U.S. Geological\Survey's earthquake center in Golden, Colorado reported on\Friday.	CONTRADICTION
1454	This example is Sci/Tech	Google Responds to Google News China Controversy\\Recently Google, in the own words, explained their position on operating in China and their censorship of certain news stories on the Chinese version of Google News. Google News has also been looked into in the United States because of political bias reports. Some ...	CONTRADICTION
1455	This example is Business	A screensaver that uses idle computing power to identify the sites of spammers and forward data traffic to them has been too successful, according to reports, generating so much traffic that the sites are being forced off-line.	CONTRADICTION
1456	This example is Business	New research suggests that developing the ability to run - long thought to be a byproduct of walking for early man - was actually an instrumental step in the evolution of people 	CONTRADICTION
1457	This example is Sports	A new study finds that technologies already exist to solve the problem of global warming. It says strategies employing these technologies over the next fifty years could put the brakes on rising levels of 	CONTRADICTION
1458	This example is Sports	The area's mix of retail tenants is changing from mom-and-pop shops to a blend of well-known chains.	CONTRADICTION
1459	This example is Sci/Tech	Reuters - New satellite images show Iran's\Parchin military complex, southeast of Tehran, may be a site\for research, testing and production of nuclear weapons, a\nuclear expert said on Wednesday.	CONTRADICTION
1460	This example is Business	"AP - They offered ticket packages that were more family friendly. They cut prices at the concession stands for some games. Heck, they even had a ""Disco Night."""	CONTRADICTION
1461	This example is Sports	Reuters - The crisis in Sudan's Darfur region,\where more than a million people have fled their homes to\escape violence, will worsen and the death toll could hit\300,000 this year, a senior U.S. official said on Monday.	CONTRADICTION
1462	This example is Sports	&lt;p&gt;\&lt;/p&gt;&lt;p&gt; LOS ANGELES (Reuters) - Sales of video games rose about 11\percent in the United States in November, analysts said on\Friday, with two key titles responsible for almost 30 percent\of all games sold in the month.&lt;/p&gt;	CONTRADICTION
1463	This example is World	Open-source software is starting to expand into the big-ticket infrastructure-software market dominated by Microsoft and others.	CONTRADICTION
1464	This example is Sci/Tech	On his first birthday Thursday, giant panda cub Mei Sheng delighted visitors by playing for the first time in snow delivered to him at the San Diego Zoo. The cub has become quite a little celebrity since his birth a year ago. He is only the second panda born in the United States to survive to his first birthday.	CONTRADICTION
1465	This example is World	Teenagers tend to like instant messaging, TV watching, net surfing, music listening, and shopping, so an Austin, Texas, company has decided to package digital features coveted by teenagers in a PC targeted specifically at teenaged ...	CONTRADICTION
1466	This example is Sports	Company launches free test version of service that fosters popular Internet activity.	CONTRADICTION
1467	This example is Business	In late August Aspyr Media Inc. and Wideload Games first announced plans to collaborate on a new game release. On Thursday Aspyr and Wideload Games offered the first details about the game, including platform information and a release schedule.	CONTRADICTION
1468	This example is Sports	A report on advertising spending showed strong growth across most media in the first nine months of the year, with Internet advertising increasing the most.	CONTRADICTION
1469	This example is Business	NEW YORK  Just when it seemed that reality television was set to take over the dial, scripted shows have come roaring back - at least for now.	CONTRADICTION
1470	This example is World	"Scientific tests on a range of traditional remedies have shown they have ""real benefits"", researchers say."	CONTRADICTION
1471	This example is Sports	Canadian Press - MONTREAL (CP) - The governing federal Liberals recently had the support of 40 per cent of Canadians, a shade above the popular vote they scored in last June's election, suggests a recent opinion poll.	CONTRADICTION
1472	This example is Sports	Even though tax money pays for voting machines, the three companies that certify the nation's voting technologies operate in secret. The reason? Their contracts with the voting machine makers specify secrecy.	CONTRADICTION
1473	This example is Sci/Tech	AOL Places Classified Listings in Search Engine Results\\Although AOL has yet to launch their AOL InStore into their search engine results, according to AuctionBytes, AOL is now testing the inclusion of AOL Classified Ads into their normal Google powered search listings. The classified listings are now being tested in AOL ...	CONTRADICTION
1474	This example is Business	Whether it's the latest miracle ab exerciser, a get-rich-quick scheme or a weight-loss supplement, many of those call-now-and-order products hyped on infomercials and TV shopping networks are nothing more than tacky junk. Separating the rip-offs from the useful gadgets isn't always easy.	CONTRADICTION
1475	This example is Sports	The WB Network has begun previewing its television shows over the Internet, hoping to reach more viewers more quickly, especially during the busy fall season.	CONTRADICTION
1476	This example is Sports	Despite well-publicized wins by piracy foes, illegal digital music and movie trading continues to flourish in underground havens.	CONTRADICTION
1477	This example is World	Analysts speculate that company is a possible target to be acquired and that big operational changes are in store for the 16,557-person technology consulting firm.	CONTRADICTION
1478	This example is Sports	The tools are aimed at giving developers succinct representations of various Web applications, using detailed graphics that represent software components and helping developers to build better 	CONTRADICTION
1479	This example is Business	In some instances, this privacy software may tell you that you're protected when you aren't.	CONTRADICTION
1480	This example is Sports	Reuters - Christopher Lee says he\does not own a computer or a mobile phone. But that hasn't\prevented the veteran British actor from starring in some of\the most successful and accomplished marriages of narrative and\computer-generated artistry that ever entertained an audience.	CONTRADICTION
1481	This example is World	Three major recording companies have agreed to make their music available to be shared and sold over a new online file-swapping service.	CONTRADICTION
1482	This example is Sci/Tech	Software application is intended to help the visually impaired make full use of their cell phones.\	CONTRADICTION
1483	This example is Sports	The move concentrates one of the company's four major business lines in the city and seeks to reassure Massachusetts officials that it is committed to the Northeast.	CONTRADICTION
1484	This example is Business	Researchers find that net users are not as secure as they think. Among surveyed adults who believed they were safe from online threats, most had spyware running on their home computers and few had firewall protection.	CONTRADICTION
1485	This example is Sports	Women #39;s discount clothing retailer Dress Barn Inc. said Wednesday that first-quarter earnings declined due to weak fall merchandise sales as a result of warmer weather and hurricanes that affected stores in the southeastern United States.	CONTRADICTION
1486	This example is Sports	As the major players in Web search duke it out, a growing number of startups are embracing a different way of retrieving and sorting search results.	CONTRADICTION
1487	This example is Sports	Earlier Wednesday, Google cut the range of its IPO price to \$85-\$95 per share from \$108-\$135 per share and the number of shares that will be sold from 25.7 million to 19.6 million. The cuts mean Google could raise about \$1.8 billion in ...	CONTRADICTION
1488	This example is World	The new tool automatically records all on-screen activity on a user's PC, for playback later as an interactive demonstration, among other uses.	CONTRADICTION
1489	This example is Sci/Tech	The Treo allows users to dial contacts by name from a contacts list or enter a name or number on the improved backlit Qwerty keyboard or on-screen dial pad.	CONTRADICTION
1490	This example is Business	Adobe and Yahoo share a common vision of the ways they can provide services that enable consumers to leverage the Internet, says Shantanu Narayen, executive vice president of worldwide products at Adobe.	CONTRADICTION
1491	This example is Business	Reuters - Temperatures in the crater of Mount St.\Helens have risen above 1,000 degrees Fahrenheit in recent days\as lava nears the surface but there is no danger of an imminent\eruption, government geologists said on Tuesday.	CONTRADICTION
1492	This example is Sci/Tech	Free application creates topic folders on your PC and fills them with the files it finds.	CONTRADICTION
1493	This example is Business	Reuters - Hurricane Ivan killed at least 20 people\as it laid waste to the tiny spice island of Grenada, officials\said on Wednesday as the storm swept through the Caribbean\heading west.	CONTRADICTION
1494	This example is Sports	Evans led a team that developed a new class of mainframe computers that allowed different applications to be run simultaneously.	CONTRADICTION
1495	This example is World	Evans led a team that developed a new class of mainframe computers that allowed different applications to be run simultaneously.	CONTRADICTION
1496	This example is World	Microsoft #39;s Hotmail and Yahoo have promised to boost storage limits for their free e-mail services, but for many users, the upgrades haven #39;t been delivered.	CONTRADICTION
1497	This example is Sports	NewsFactor - AudioFeast, a two-year-old start-up company based in Mountain View, California, has launched what it claims is the first Internet radio service for portable \MP3 players.	CONTRADICTION
1498	This example is Sports	Companies will offer a service that authenticates movies, music, and games.	CONTRADICTION
1499	This example is Sci/Tech	Put on the hard hats, get the electricity flowing, and prepare to watch two games that have been works in progress for a while.	CONTRADICTION
1500	This example is World	Google Inc. is improving on the discussions its popular Web site hosts, hoping the upgrades will spur more online banter and make its market-leading search engine a richer destination.	CONTRADICTION
1501	This example is Sports	A security researcher has uncovered yet another set of security flaws in an image component, which could put Linux users at risk of system compromise if they view a maliciously crafted image.	CONTRADICTION
1502	This example is Business	Company offers higher-end equipment and new expertise for selling complicated combinations of products.	CONTRADICTION
1503	This example is Sports	Tokyo, December 8: Toshiba Corp and a Japanese disc maker said on Tuesday they had developed a disc that can store content in both conventional and high-definition DVD formats, in a move they hope will strengthen their hand in a battle for the next 	CONTRADICTION
1504	This example is Sports	One of the primary goals of modern society is to enhance a worldwide commitment to democracy. With so many national differences concerning preferred electoral processes, it helps to have a general definition of a democratic government.	CONTRADICTION
1505	This example is Business	Reciprocal Links Are Not Evil\\I will repeat, reciprocal links are not evil. All this discussion in the forums about how people only want one-way links because they heard reciprocal links are bad and can get you kicked out of the search engines is taken way out of proportion. One example ...	CONTRADICTION
1506	This example is Business	MicrosoftWatch: The Redmond software firm is set to make available more of its code under an open-source license on Tuesday. Microsoft is preparing to release a third piece of code under an open-source license 	CONTRADICTION
1507	This example is Business	Young people are increasingly happy to buy pirated goods or illegal download content from the net, a survey shows.	CONTRADICTION
1508	This example is Business	A trio of newly discovered worlds are much smaller than any other planets previously discovered outside of the solar system.	CONTRADICTION
1509	This example is Business	Canadian Press - ABUJA, Nigeria (AP) - Plainclothes police detained a prominent Nigerian labour leader Saturday, bundling him into a car at an airport in an apparent effort to stop a threatened countrywide strike by oil-industry workers in Africa's largest petroleum exporter, his union said.	CONTRADICTION
1510	This example is Sports	It may be missing a few features, but the OS will be worth the upgrade, Microsoft says.	CONTRADICTION
1511	This example is Sports	Worries about how well SP2 will work with existing software, combined with concerns about possible security vulnerabilities, have led many corporates to hold back from installing the security update.	CONTRADICTION
1512	This example is Sci/Tech	Wherever he has gone, the trainer Todd Pletcher has had no problem winning races or earning money. He has established records for the most victories at meets at 	CONTRADICTION
1513	This example is Business	Recent months have been terrible for Internet Explorer. Their have been tons of bug and security flaw reported. So much so, many security agencies have started recommending people who surf online to shift to alternate browsers.	CONTRADICTION
1514	This example is Sci/Tech	Responding to a scourge of online fraud and identity theft that threatens to undermine public confidence in Internet commerce, major companies are rolling out new services to encourage the adoption of better technology to identify customers, business partners, and employees online.	CONTRADICTION
1515	This example is World	Says improved search capabilities will return results an average of 10 times faster than before.	CONTRADICTION
1516	This example is Sports	US researchers show that a computer can be controlled by the brain without the need for implants.	CONTRADICTION
1517	This example is World	Despite new federal and state laws aimed at spamming, theft or fraud while using computers, hackers continue to prowl the Internet perpetrating scams and outright theft.	CONTRADICTION
1518	This example is Business	Early this month, several Web sites began offering software promising ringtones and screensavers for certain cell phones. But those who downloaded the software 	CONTRADICTION
1519	This example is Sports	When you want to switch from one open application to another, you don #146;t have to move your cursor down to the Dock. Your hands don #146;t even have to leave the keyboard. Read this week #146;s tip to learn how you can use simple keystrokes to switch quickly between open apps. Dec 07	CONTRADICTION
1520	This example is Sports	Microsoft Corp. is investigating yet another critical flaw in one of its products, this time in two versions of its popular word processing software, Microsoft Word 2000 and Word 2002.	CONTRADICTION
1521	This example is World	High-quality, affordable TV on mobiles could be just what 3G operators are looking for, say researchers.	CONTRADICTION
1522	This example is World	As a writer, I am certainly appreciative of the fact that fighters are not crude, monosyllabic imbeciles. Indeed, the volume, quality and variety of their articulated expressions 	CONTRADICTION
1523	This example is World	Iron Mountain moved further into the backup and recovery space Tuesday with the acquisition of Connected Corp. for \$117 million. Connected backs up desktop data for more than 600 corporations, with more than 	CONTRADICTION
1524	This example is Sports	NewsFactor - Over the last several weeks, NewsFactor has looked at ten of the market's best-known and most sought-after business computers. Each has its strengths and weaknesses. The difficult part is finding the one that strikes the best balance between merits and flaws.	CONTRADICTION
1525	This example is Sports	PeopleSoft unveiled a new incentive program on Wednesday offering customers free upgrade assistance and a credit toward new purchases, an initiative the company hopes will spark sales and encourage customers to move to its latest releases.	CONTRADICTION
1526	This example is Business	RFID data is vulnerable under certain circumstances, but tougher standards have been developed to protect information stored on RFID chips and to prevent hackers from using sensitive data stored there in malicious exploits.	CONTRADICTION
1527	This example is World	To tune in, turn off that TV and head outside about 8:45 tonight, because the best show of the evening is going to be hanging in the sky.	CONTRADICTION
1528	This example is Sci/Tech	A nationwide inspection shows Internet users are not as safe online as they believe. The inspections found most consumers have no firewall protection, outdated antivirus software and dozens of spyware programs secretly running on their computers.	CONTRADICTION
1529	This example is Sci/Tech	ORLANDO, Fla. -- Attendance at North America #39;s 50 most popular theme and amusement parks jumped almost 4 percent in 2004, the first overall increase since the 2001 terrorist attacks slowed the US travel and tourism industry.	CONTRADICTION
1530	This example is Sports	NEW YORK - These days, technology providers take nothing for granted, especially their customers: There are plenty of stories of providers going to extraordinary lengths to win and keep customers.	CONTRADICTION
1531	This example is Business	Three weeks does not a season make, but it's enough of an indicator to form opinions strong enough to put into motion.	CONTRADICTION
1532	This example is Business	Canadian Press - SANTIAGO, Chile (CP) - Canada hopes to nail down a free-trade treaty with South Korea that could offer major inroads into the booming Asian market, Prime Minister Paul Martin said Friday.	CONTRADICTION
1533	This example is Business	FOOD - where would we be without it? A lot of businesses have made a lot of money from one of lifes few essentials by providing answers to the question of how much we can afford to pay for food, and the 	CONTRADICTION
1534	This example is Business	Some home printers produce photos that are cheaper and better quality than the High Street, tests show.	CONTRADICTION
1535	This example is Sci/Tech	The great debate over the impact of Oracle's hostile takeover of PeopleSoft has all the big industry analyst organizations weighing in. However, in most of the analysis one group's opinion seems to have been overlooked: that of PeopleSoft users.	CONTRADICTION
1536	This example is Sports	NewsFactor - U.S. music-downloading service Napster has launched a preview version of its Napster To Go portable music service, which incorporates \Microsoft's (Nasdaq: MSFT) latest digital-rights management software, Janus.	CONTRADICTION
1537	This example is Sports	The market may have been relieved over the resolution of the presidential race, but investors should be careful about rushing into sectors they think might do well in the second Bush administration: All may not be as it seems.	CONTRADICTION
1538	This example is Business	The first two days at the CTIA Wireless IT  amp; Entertainment Show in San Francisco this week resonated with exciting industry announcements that some attendees say hasnt been seen in previous years.	CONTRADICTION
1539	This example is World	The wireless-enabled systems target all levels of businesses; at least one model is designed to handle intense graphic presentations. \	CONTRADICTION
1540	This example is Sports	For all their electronic sophistication, fingerprint scanners have a major shortcoming. So some new models are going beyond skin deep.	CONTRADICTION
1541	This example is Business	Traditional antivirus technology may be too slow to protect users, researchers say.	CONTRADICTION
1542	This example is Sci/Tech	 LONDON (Reuters) - Video game and mobile phone companies  are set to make money this year as customers use phones to zap  space invaders or sink game-winning golf putts, pushing the  mobile gaming market over \$1 billion, a study said.	CONTRADICTION
1543	This example is World	The breakthrough was made accidentally by Professor Sir Alec Jeffreys at the city #39;s university on 10 September 1984. Since then, the technique has been used to trap criminals, identify victims of war, settle 	CONTRADICTION
1544	This example is Business	The company impresses the Street with strong earnings, an optimistic outlook, and a toehold abroad.	CONTRADICTION
1545	This example is Sports	More than half of all US residential Internet users reached the Web via fast broadband connections in July, outpacing use of slower, dial-up connections for the first time 	CONTRADICTION
1546	This example is Business	Windows XP Service Pack 2 promises to raise the security bar for the sometimes beleaguered operating system. Unfortunately, one of the new features could be spoofed so that it reports misleading information 	CONTRADICTION
1547	This example is Sports	Reuters - Iraq's interim prime minister Iyad\Allawi has held private meetings with Iraqi insurgents in an\effort to persuade them to accept a government amnesty offer,\The Washington Post reported on Sunday.	CONTRADICTION
1548	This example is World	Less than 25 of old computers sold or given away by companies have had data removed, a survey suggests. 	CONTRADICTION
1549	This example is Business	Reuters - Kiruna, a mining town in north\Sweden, has been invaded by thousands of rats thought to have\crossed the border from Norway with garbage shipments for the\local recycling center, officials said Tuesday.	CONTRADICTION
1550	This example is Sports	A campaign by anti-spam groups has persuaded a large US net service provider to ban spammers using its network.	CONTRADICTION
1551	This example is World	A new study finds fathers who are interested in their daughters' activities -- whether traditionally masculine pursuits such as sports or traditionally feminine ones such as music -- increase the chances that the girls will stay involved with those activities.	CONTRADICTION
1552	This example is World	IT professionals can expect a moderate increase in starting salary, a staffing firm says.	CONTRADICTION
1553	This example is Business	IT professionals can expect a moderate increase in starting salary, a staffing firm says.	CONTRADICTION
1554	This example is Business	 LOS ANGELES (Reuters) - Nearly half of video game players  watched less television last year or plan to cut their viewing  time this year, according to a report issued on Thursday that  lends credence to industry fears that young men are switching  off the tube.	CONTRADICTION
1555	This example is Sports	New report shows commitment by 85 countries to end the practice - but enforcement still lags.	CONTRADICTION
1556	This example is Business	Asia's surging economic growth is helping to cut the region's poverty levels, but some areas are lagging behind, a report says.	CONTRADICTION
1557	This example is Sci/Tech	Apples iTunes online music store is one of the largest music stores currently with over one million downloads thus far. The company has launched its online stores subsidiaries in 14 countries including 	CONTRADICTION
1558	This example is Sports	NEW YORK - A sudden, measurable decline in market share in any product over the course of a few months says something, even if that product is one whose producer still holds about 90 of the market in question.	CONTRADICTION
1559	This example is Business	Among other changes, the software giant has established a Web site designed to make it easier to understand what the program's rules are.	CONTRADICTION
1560	This example is Sci/Tech	Reuters - Diplomats who visited the scene of a\mysterious explosion in North Korea said the site was a\hydroelectric construction project, and one envoy said more\blasts were planned, Kyodo news agency reported.	CONTRADICTION
1561	This example is Business	While many high-tech firms scored well in a new study of how they treat customers online, more than a third of the surveyed companies still share personal data without permission.	CONTRADICTION
1562	This example is World	The cover of the official game program, being hawked by vendors for several blocks around Lincoln Financial Field here on Monday night, seemed to augur what was about to 	CONTRADICTION
1563	This example is World	The company has come up with some on-demand advertising. Will it woo viewers?	CONTRADICTION
1564	This example is World	Voice over Internet Protocol (VoIP) is one benefit of the convergence between data and telecommunications. Companies today are seeing the value of transporting voice over IP networks to reduce telephone and 	CONTRADICTION
1565	This example is Business	A look ahead at issues and events likely to make headlines in the coming year.	CONTRADICTION
1566	This example is Sports	Effort is part of industrywide movement to bring the brighter, energy-efficient screens to the mass market.	CONTRADICTION
1567	This example is Business	Canadian Press - SHANGHAI (AP) - Thousands of retired textile factory workers in an eastern Chinese industrial centre blocked traffic in a weekend protest over the failure of their pensions to keep pace with rising prices, officials and labour advocates said Monday.	CONTRADICTION
1568	This example is World	Amateur historians and academics can take advantage of a wealth of archived data on the web.	CONTRADICTION
1569	This example is Sci/Tech	Apollo Group is hoping that it can continue to earn the grade in a sector that was once hot for teacher.	CONTRADICTION
1570	This example is Sports	Businesses don #39;t have to dump Windows to test drive free or low-price applications whose use may improve the bottom line. Sometimes the big software vendors act like their customers are locked into the proprietary products they sell.	CONTRADICTION
1571	This example is World	Among the many unique things proponents of professional golf like to point out is that the athletes who play the game for pay are different than those who toil in other sports because golf has no guaranteed contracts.	CONTRADICTION
1572	This example is Sci/Tech	he evidence is increasing that revenge in fact brings pleasure. In the latest study, players who were unfairly treated in a game involving money, trust and cooperation got a measurable kick out of punishing their partners.	CONTRADICTION
1573	This example is Sci/Tech	NewsFactor - IMlogic, a Waltham, Massachusetts-based firm, has partnered with McAfee, Sybari and AOL to establish an instant message and P2P threat center that will detect the spread of viruses, worms and other malware aimed at these online channels.	CONTRADICTION
1574	This example is Business	The web will be more interactive and will use tools to mine its vast pool of data, say experts.	CONTRADICTION
1575	This example is Business	Mozilla blocks those un-requested and annoying  quot;pop-up quot; windows. It also has the ability to open new Web pages in a  quot;tabbed quot; interface, as is common to most Windows-based programs.	CONTRADICTION
1576	This example is World	AFP - Three generations of a family of Indian origin were abducted and murdered in an elaborate plot to turn a successful import-export company into a drugs front, a court in London was told.	CONTRADICTION
1577	This example is Business	Online journals, or weblogs, have put together a series of developments which suggest that the search engine is developing new web tools.	CONTRADICTION
1578	This example is Sports	Check out your checking account -- and make sure you have enough money in it before you write any checks from now on.	CONTRADICTION
1579	This example is Business	Initial offerings of commercially successful companies regularly beat benchmarks of similar stocks over the long term, according to a new study.	CONTRADICTION
1580	This example is Sports	Google announced an agreement Tuesday with Oxford University and some of the leading US research libraries to begin converting their holdings into files that would be freely searchable over the Web.	CONTRADICTION
1581	This example is Sports	Adobe is currently trying to push a new image format standard to solve many of the problems associated with the plethora of camera hardware and the differing formats they use for storing images.	CONTRADICTION
1582	This example is Sports	Amusement park operators have produced volatile results, but this company has stood the test of time.	CONTRADICTION
1583	This example is Sci/Tech	Canadian Press - KINSHASA, Congo (AP) - U.N. forces and fighters of a tribal militia traded fire Sunday in Congo's lawless northeast Ituri province, wounding at least two U.N. troops, a U.N. spokesman said.	CONTRADICTION
1584	This example is Sci/Tech	Q. Andy, how do you feel about playing first? Would you like to get it all started right away? ANDY RODDICK: Yeah. Absolutely. Either way I would have beencomfortable with it.	CONTRADICTION
1585	This example is Sports	The Pantagraph #39;s parent company, Pulitzer Inc., which also owns the Post-Dispatch in St. Louis and 12 other daily newspapers, may be for sale according to a Friday report by the Reuters news service.	CONTRADICTION
1586	This example is World	Reuters - Costco Wholesale Corp. , the\largest U.S. warehouse club, posted a 21 percent increase in\quarterly profit on Thursday.	CONTRADICTION
1587	This example is World	XM Satellite Radio lands 11-year pact to broadcast all major league games starting next season. NEW YORK (Reuters) - XM Satellite Radio announced a \$650 million deal Wednesday with Major League Baseball to broadcast games for 11 years.	CONTRADICTION
1588	This example is Business	RocketInfo Partners with Canadian Press, Helps Nascar\\Rocketinfo Inc., news search engine announced yesterday that it has formed a key reseller alliance with the Canadian Press (CP), one of the top-rated multimedia news agencies in the world. CP plans to expand their media monitoring services by offering clients access to the ...	CONTRADICTION
1589	This example is Sci/Tech	Canadian Press - WANA, Pakistan (AP) - Pakistani warplanes pummelled a suspected al-Qaida training facility near the border with Afghanistan on Thursday, flattening a vast mud-brick compound and killing at least 50 fighters, the military said.	CONTRADICTION
1590	This example is Sci/Tech	Reuters - The following diary of events\leading up to the presidential election on Nov. 2.	CONTRADICTION
1591	This example is Sports	 WASHINGTON (Reuters) - Video games, often maligned as  having little or no redeeming value, are becoming a way for  firefighters, soldiers, currency traders and college  administrators to hone their skills.	CONTRADICTION
1592	This example is Business	Thumb through the book - then buy a clean copy from Amazon	CONTRADICTION
1593	This example is World	For many people, higher education is a ticket to a high-paying job. But what happens when the cost of that same ticket becomes a deterrent for a career that will pay a modest or middle-income salary?	CONTRADICTION
1594	This example is Business	Newspaper publisher Pulitzer Inc. confirmed on Sunday it hired a financial adviser to help it explore strategic options, including a possible sale of the company.	CONTRADICTION
1595	This example is World	I do a Google vanity search on myself about once a month to get a barometer on how, if at all, readers are reacting to and using my columns.	CONTRADICTION
1596	This example is World	Security researchers have warned of a vulnerability in most web browsers that could let scammers launch phishing attacks from pop-up windows on trusted websites.	CONTRADICTION
1597	This example is Business	TORONTO -- Precious few professional athletes leave their sport on their terms. Even fewer depart having won a championship in their final game. Injuries, diminished skills, and burnout can cut short careers.	CONTRADICTION
1598	This example is World	Students who download and exchange movies illegally over the Internet may soon face lawsuits and subpoenas similar to those faced by music filesharers.	CONTRADICTION
1599	This example is Sports	Students take note - endless journeys to the library could become a thing of the past thanks to a new multimillion-pound scheme to make classic texts available at the click of a mouse.	CONTRADICTION
1600	This example is Sports	Microsoft has announced that start shipping its next version of its Windows operating system in 2006. However to meet the new tight deadline a number of technical innovations will have to be dropped from the OS.	CONTRADICTION
1601	This example is Sports	Seldom has someone insisted on privacy more while behaving in ways that guaranteed him less. There are places we #39;re not supposed to go, but we #39;re continually being dragged 	CONTRADICTION
1602	This example is Business	McKinsey says a post-boom tech industry can profit mightily by taking stock in the operations of many slower-growth industries.	CONTRADICTION
1603	This example is Sports	Intel #39;s Itanium gains ground as three vendors roll out new servers based on the processor. By Darrell Dunn. Systems based on Intel #39;s Itanium processor this week will gain ground in the high-performance server 	CONTRADICTION
1604	This example is Sports	AP - In one of the first enforcement actions of the Americans with Disabilities Act on the Internet, two major travel services have agreed to make sites more accessible to the blind and visually impaired.	CONTRADICTION
1605	This example is Sci/Tech	The rise in online scams has companies spending hefty sums to educate customers about fraud prevention and to address 'phishing' damage.	CONTRADICTION
1606	This example is Sports	Blog Search Engines\\When searching for blogs or marketing your own blog, one must always take blog search engines and directories into account. Some blog search engines search databases of thousands of blogs, while some search through their own directory listings. If you own a blog, you're going to want to ...	CONTRADICTION
1607	This example is Business	Reuters - One of North Africa's most wanted\Islamic militant leaders, accused in the kidnapping of 32\European tourists last year, has been taken into custody in\Algeria, authorities said on Thursday.	CONTRADICTION
1608	This example is Sports	Apple Computer has unveiled two new versions of its hugely successful iPod: the iPod Photo and the U2 iPod. Apple also has expanded 	CONTRADICTION
1609	This example is Sports	Company offers free replacement screens to owners of 15-inch models that display white spots.	CONTRADICTION
1610	This example is Sports	Illegal lenders are siphoning money from state-owned banks, but they may do more good than harm\	CONTRADICTION
1611	This example is World	In a bid to further differentiate itself from open source rivals, Microsoft Tuesday said it will expand its indemnification program to cover the vast majority of its customers.	CONTRADICTION
1612	This example is Business	Reported profit of \$44 million for third quarter over a loss of \$31 million a year ago and predicts 10 increase in sales for the 4th quarter.	CONTRADICTION
1613	This example is Sci/Tech	Reuters - At least 23 people were killed in a landslide which hit a mountain village in southwestern China, where the search for missing people has been halted by fears of further slides, state media reported on Saturday.	CONTRADICTION
1614	This example is World	"Video game makers are showing new interest in creating games that appeal to women. But women who might design those games are still finding it hard to break into an industry that considers gaming a ""boy thing."""	CONTRADICTION
1615	This example is Business	Global warming is threatening travel destinations worldwide. What's more, travelers themselves are contributing to it. Find out what you can do about it.	CONTRADICTION
1616	This example is Sports	Reuters - Jewelry retailer Zale Corp. \said Tuesday its quarterly loss widened as its business took a\hit in the autumn from the string of hurricanes that battered\the U.S. Southeast and Puerto Rico.	CONTRADICTION
1617	This example is Sci/Tech	The Expos cleared another logistical hurdle in their move to Washington on Friday, announcing an agreement with Ticketmaster to handle ticket sales.	CONTRADICTION
1618	This example is World	Software giant unveils apps for companies with limited IT resources.	CONTRADICTION
1619	This example is Sports	Testing has always been a critical part of IT and certainly has become a fundamental component of Linux adoption. One of the most critical core pieces of Linux testing got a significant upgrade this week, courtesy of the Open Source Development Lab ...	CONTRADICTION
1620	This example is Business	And in Week 12, Terrell Owens paused to become just another Eagle contributing to just another victory. No controversy. No ceremony.	CONTRADICTION
1621	This example is Business	Stanley Works tries to keep growth going by focusing on businesses that keep baddies out.	CONTRADICTION
1622	This example is World	A slew of third-quarter earnings reports dominated technology and telecommunications stocks last week. Much of the news was positive, with key players posting impressive earnings growth, but the December quarter outlook remained unclear for some.	CONTRADICTION
1623	This example is Business	I Want My blinkx TV! Television Search Engine\\blinkx today announced the availability of blinkx TV, the first search engine that allows you to search TV across news, sports and entertainment programming. blinkx is the first search engine to make such TV programs fully searchable on demand. Because blinkx captures and ...	CONTRADICTION
1624	This example is Business	The United States trade deficit shrank to \$51.6 billion in September, as exports posted their best month on record. In another report, new claims for jobless 	CONTRADICTION
1625	This example is Sports	Game Stop employee Lisa Hargreaves pulls out a stack of games for waiting customers at the University Mall in Davis Calif., at the stroke of midnight Nov. 9, 2004, as fans lined up to get first crack at the \$50 sequel from Microsoft Corp.	CONTRADICTION
1626	This example is Sports	Google generated most of its revenue -- \$411.7 million -- through text-based ads displayed on company-owned sites. That #39;s an important factor, because Google doesn #39;t have to share the money with other advertising partners.	CONTRADICTION
1627	This example is Sports	"New version of Media Center and accompanying ""extenders"" will make TV shows recorded on a PC available all over the house."	CONTRADICTION
1628	This example is Business	Researching things on the web is an essential part of everyday business - but too often books and other printed sources get left behind.	CONTRADICTION
1629	This example is Sports	The company reported strong fiscal second-quarter results and positive trends seem likely to continue to drive healthy growth.	CONTRADICTION
1630	This example is Sports	There's yet another hostile takeover in the tech sector's works.	CONTRADICTION
1631	This example is Business	com October 4, 2004, 11:57 AM PT. Twentieth Century Fox has joined a group developing one of two formats being promoted as a next-generation DVD technology.	CONTRADICTION
1632	This example is Sci/Tech	The new transfer policy for inter-registrar domain names went into effect on Friday, the Internet Corporation for Assigned Names and Numbers (ICANN) said.	CONTRADICTION
1633	This example is World	Trust with hardware vendors for open source systems is becoming a one-way street, where in exchange for support they offer a closed source binary solution with no provision to audit security.	CONTRADICTION
1634	This example is Sci/Tech	If your knee-jerk reaction to a negative opinion is to attack the source, your chance of investing success is reduced.	CONTRADICTION
1635	This example is Sports	MOSCOW Russia #39;s Justice Ministry will sell off some of the assets of a subsidiary of the oil giant Yukos. That #39;s according to a statement carried by the Interfax news agency.	CONTRADICTION
1636	This example is Sci/Tech	By the end of the century one in 10 species of birds in the world will be extinct and a further 15 percent will be on the brink of extinction.	CONTRADICTION
1637	This example is World	Microsoft will provide advanced notice to customers of upcoming patches, including what software and products will be affected, in an effort to allow customers to prepare and pre-roll patches instead of having to try and deal with issues after patches are 	CONTRADICTION
1638	This example is World	The Motley Fool - In 2005, a little-known change in the tax law will let more people, primarily older and wealthier retirees, take advantage of moving funds from their traditional IRA to a Roth IRA.	CONTRADICTION
1639	This example is Sci/Tech	&lt;strong&gt;Site offer&lt;/strong&gt; Save 30 on thousands of other great titles	CONTRADICTION
1640	This example is World	Two new products are designed to make it easier for businesses to connect storage computers across long distances.	CONTRADICTION
1641	This example is Business	The mobile developer disbands the unit that developed the short-range wireless technology used in some cell phones and notebook PCs.	CONTRADICTION
1642	This example is Business	Yahoo and Adobe have formed a partnership to attempt to keep pace with Google and Microsoft in the search arena. Under the deal, Adobe is adding a toolbar to its Acrobat software that will link to various 	CONTRADICTION
1643	This example is Business	Custom-designed imported furniture was once an exclusive realm. Now, it's the economical alternative for commercial developers and designers needing everything from seats to beds to desks for their projects.	CONTRADICTION
1644	This example is Sports	Reuters - Online music company eMusic on\Tuesday said it was revamping its service to provide commentary\and reviews to complement its catalog of more than 500,000\tracks from independent labels.	CONTRADICTION
1645	This example is Sci/Tech	Priced at \$249.99, it can play MP3, WMA and WAV-encoded music files.	CONTRADICTION
1646	This example is Business	 quot;We have only received one submission from the field, but the technical aspects of this are concerning. It has all the components there to become a significant 	CONTRADICTION
1647	This example is Sci/Tech	In its latest quarterly survey, the staffing firm Manpower contacted 16,000 US companies, and about 25 percent of them said they expect to have more openings in the first three months of the new year.	CONTRADICTION
1648	This example is Business	A start-up began offering a technology Wednesday that can spoof a caller ID number, potentially opening the door to telemarketing calls that seem to be coming from a relative or a different company.	CONTRADICTION
1649	This example is Sports	New guidelines to bring order to the global Internet domain name market and enhance the flow of electronic commerce came into effect on Friday.	CONTRADICTION
1650	This example is Sports	The Mountain View company unveiled the free technology Thursday that allows users to simultaneously scan the Web and their computer hard drives for documents, e-mail, instant messages and the sites they #39;ve visited in the past.	CONTRADICTION
1651	This example is Business	Sales were lower than expected, and the quality of earnings is in question.	CONTRADICTION
1652	This example is Sports	A screensaver targeting spam-related websites could help drive spammers out of business.	CONTRADICTION
1653	This example is Sci/Tech	The world's second-largest economy is finally adding jobs and fostering consumer spending, but economists wonder how long the upward swing will last.	CONTRADICTION
1654	This example is Business	The Information Technology Association of America (ITAA) survey says that the high-tech job market showed a modest 2 percent increase in the first quarter of 2004, but that the market is expected to shrink over the rest of the year.	CONTRADICTION
1655	This example is Sports	Early this month, several Web sites began offering software promising ringtones and screensavers for certain cell phones. But those who downloaded the software found that it turned every icon 	CONTRADICTION
1656	This example is Sports	\\When we first met it was love at first sight!  I loved that you were so open\minded about my geeky friends who had patches that I needed.  You were a breath\of fresh air and and made my development life so simple.\\For the longest time we had a great love affair.  I remember my first anoncvs\patch I generated with your help and I was hooked.  I remember the first time\you sent me a diff against my own repository from another developer.  What a\sweet gesture!  You were so kind.\\Since then though you've started to let me down.  What happened to you?  In your\old age you've become confused when I've tried to share you with others.  You\often can't make up your mind when I try to branch and mer ...\\	CONTRADICTION
1657	This example is World	Pennies make the difference as the teams sell products on a shopping channel.	CONTRADICTION
1658	This example is Business	OVER FIVE million websites have been built in the last five months, according to the latest Netcraft survey. This means that there are more than 55 million active sites on the Interweb.	CONTRADICTION
1659	This example is Business	For the millions of  people who cannot afford high-speed Internet access, some local officials think they've hit on the answer: Build government-owned networks to provide service at rates below what big telecommunications companies charge.	CONTRADICTION
1660	This example is World	Sprint and SBC Communications Friday announced a two-way roaming deal that will enable the customers of each vendor to access the hotspots run by the other.	CONTRADICTION
1661	This example is World	Addition of high-end graphics to computers based on open-source platform helps company go beyond its proprietary products.	CONTRADICTION
1662	This example is Business	Google Inc. made a much anticipated move toward what many consider the newest frontier in the digital information search sector by announcing Thursday it is offering a test version of an application designed to let users search for information stored on their desktop computers.	CONTRADICTION
1663	This example is Business	SINCE the United States started taking part in the Olympic Games 4x100m relay in 1920, they have been disqualified three times and lost only once - to Canada in 1996.	CONTRADICTION
1664	This example is Sports	Reuters - Nearly half of video game players\watched less television last year or plan to cut their viewing\time this year, according to a report issued on Thursday that\lends credence to industry fears that young men are switching\off the tube.	CONTRADICTION
1665	This example is Sports	A weak dollar should be good for U.S. exports. But it's already causing pain overseas, and in the long run it could drive up the cost of living at home	CONTRADICTION
1666	This example is World	"By Amanda Gardner, HealthDay Reporter    HealthDayNews -- Teenagers who view sexual content on television, even if it only involves characters talking about sex, are twice as likely to start having intercourse in the ensuing year compared with peers who do not watch such content.    Sexual content on TV was also more likely to hasten adolescents' movement from one ""base"" to another, in other words, from kissing to breast fondling to genital touching and on to oral sex, new research found..."	CONTRADICTION
1667	This example is Business	Sneaker makers are selling a new wave of technologically advanced athletic shoes, in hopes of bringing back the age of the \$100-plus sneaker.	CONTRADICTION
1668	This example is World	Many plants can naturally clean chemically contaminated soil and groundwater. Researchers are now helping them do a quicker, better job of rehabbing polluted sites.	CONTRADICTION
1669	This example is Sports	Raytheon Co. said it plans to increase its dividend and repurchase \$700 million in shares. The Waltham-based aerospace and defense giant increased its annual dividend 10 percent to 88 cents a share from 80 cents, starting with the first quarter of 2005. Raytheon said its board also authorized \$700 million in share repurchases, which it expects to complete over 18 ...	CONTRADICTION
1670	This example is Business	Hewlett-Packard(HP) plans to spend \$200 million over the next six months on staff reductions, the company said Tuesday in a regulatory filing. It did not specify in the filing which business areas the staffing cuts would affect.	CONTRADICTION
1671	This example is Sci/Tech	As people will remind you, it's the season to give -- and so we're in a giving mood for Week 12. Four choices, four favorites selected, four different scenarios.	CONTRADICTION
1672	This example is Business	ugar-sweetened soft drinks pack plenty of calories, but drinking them does little to make a person feel full. That may explain why a study has found that women who drink a lot of sugary beverages stand a higher chance of gaining weight.	CONTRADICTION
1673	This example is World	Opportunities for effective, inexpensive search marketing are abundant when you and 'think outside the (Big Search) box' and look to vertical or specialized content sites. 	CONTRADICTION
1674	This example is World	Canadian Press - MOSCOW (CP) - A Canadian reported killed in Chechnya was described by Russian defence officials Friday as an explosives expert who was among a group of insurgents involved in fighting there.	CONTRADICTION
1675	This example is Sports	Both employers and prospective employees are finding that blogging can be useful in the job search process.	CONTRADICTION
1676	This example is Sports	Crude oil rose slightly on Friday to \$47.57 per barrel compared to yesterday fall on expectations for inventories to be lifted. December crude oil was at \$47.	CONTRADICTION
1677	This example is World	The terms were simple enough. Be the first to fly three people or the equivalent weight 62 miles high. Do it a second time within two weeks.	CONTRADICTION
1678	This example is Business	After registering music and copyright information in Snocap #39;s database, labels and artists can manage online distribution through Snocap #39;s copyright management system, which lets them set rules for each track on a global basis.	CONTRADICTION
1679	This example is Business	IBM today announced new virtual resources to help business partners more quickly build and deploy on demand business applications tailored to meet customer requirements across all vertical industries.	CONTRADICTION
1680	This example is World	Analysis Over the past few years, CRM implementations have come in for much criticism, especially in the elusive area of ROI. This has caused many companies to re-evaluate their technology implementations 	CONTRADICTION
1681	This example is World	"Reuters - Trendsetter Martha Stewart\reported to a minimum-security prison known as ""Camp Cupcake""\on Friday to serve a five-month sentence for a suspicious sale\of stock, U.S. prison officials said."	CONTRADICTION
1682	This example is Sports	CAPE CANAVERAL, Fla. -- No storm in history has done more damage to the Kennedy Space Center than Hurricane Frances did. Officials at the Florida facility said the storm tore about 1,000 exterior panels from the Vehicle Assembly Building.	CONTRADICTION
1683	This example is Sci/Tech	On 19 October 2004, Microsoft announced that its software licensed on a per-processor basis will continue to be licensed on that basis when installed on hardware that contains dual-core and multicore processors.	CONTRADICTION
1684	This example is World	AFP - The death toll from a devastating coal mine gas explosion in central China's Henan province rose to 77 as rescuers continued to search for any survivors, state media reported.	CONTRADICTION
1685	This example is Sports	COPENHAGEN - Microsoft Corp. wrapped up its IT Forum in Copenhagen this week by singing the praises of new management tools that are part of a long-term vision for reducing IT complexity. But behind its more vocal announcements there emerged another significant tune, one that suggested that the software maker will have to be more willing to play with platforms from other companies in order to deliver its new strategy.	CONTRADICTION
1686	This example is Business	Only the nave or willfully ignorant seem not to understand that drug use has been widespread for many years in elite sport.	CONTRADICTION
1687	This example is Business	Matt Kenseth was becoming irritated as he leaned against the inside wall of his hauler. Cant we talk about something else? he asked.	CONTRADICTION
1688	This example is Sports	The companies want to create more consistent platforms that can be used with any handset.	CONTRADICTION
1689	This example is Business	Microsoft Corp. has quietly begun giving some of its largest customers early warning of security problems with its products. Under the free program, some customers get three business 	CONTRADICTION
1690	This example is Sci/Tech	The areas of the brain involved in learning fears have been known, but new research now identifies the areas involved in extinguishing those fears. The amygdala is a key in both learning and unlearning fears. 	CONTRADICTION
1691	This example is Business	One in 10 of all bird species is likely to disappear by the end of the century, according to a study published today. A further 15 per cent of birds could be on the brink 	CONTRADICTION
1692	This example is Sports	The market is still down from its March 2000 peak. Here's how to protect your assets from further drops.	CONTRADICTION
1693	This example is Sci/Tech	Women may be able to have unfertilised eggs routinely frozen during fertility treatment rather than just embryos after research.	CONTRADICTION
1694	This example is Sci/Tech	On-line customization was a slow starter in the 1990's. But as technology has improved, so has the variety.	CONTRADICTION
1695	This example is Business	The presidential race is being played out in several new video and online games.	CONTRADICTION
1696	This example is Sci/Tech	Earliest adopters of updated program should download again to ensure full security.	CONTRADICTION
1697	This example is Business	Companies will demonstrate how their technology will work together.	CONTRADICTION
1698	This example is Sci/Tech	Resellers are accused of selling products with fake Certificate of Authenticity labels.	CONTRADICTION
1699	This example is Sci/Tech	There #39;s something to be said for being the  quot;first mover quot; in an industry trend. Those years of extra experience in tinkering with a new idea can be invaluable in helping the first 	CONTRADICTION
1700	This example is Sci/Tech	Four US movie studios have announced their intention to release next-generation DVDs in the Toshiba-backed HD DVD format, the technology firm announced on Monday.	CONTRADICTION
1701	This example is Sports	The list of drugs include Meridia - a weight loss drug. Crestor- for reducing cholesterol. Accutane- an acne drug. Bextra- a painkiller.	CONTRADICTION
1702	This example is World	The conventional wisdom dictates that repeating as NBA champs is an extremely difficult undertaking. And so it is. However, in the past seventeen seasons, only one NBA titlist did NOT accomplish consecutive 	CONTRADICTION
1703	This example is Sports	The new tax act adds some complications to contribution requirements.	CONTRADICTION
1704	This example is Sports	US scientists have found a way to indentify exactly which desktop printer produced which document.	CONTRADICTION
1705	This example is Sci/Tech	Is the market really overvalued? ALL of it?!? There are 6,000-plus listed companies -- at least one is a bargain.	CONTRADICTION
1706	This example is Sports	NewsFactor - Korean-based Samsung Electronics announced Wednesday that it will sell a new multifunction mobile phone, the SCH-S250, equipped with a 5-megapixel digital camera. The new phone will be available to Korean customers later this month.	CONTRADICTION
1707	This example is World	A recording industry trade group said Thursday that it has filed another wave of lawsuits against 754 people it suspects of distributing songs over the Internet without permission.	CONTRADICTION
1708	This example is World	The companies plan to share security features to help customers protect their networks from worms and viruses.	CONTRADICTION
1709	This example is Sports	The new platform is designed to help companies speed the deployment of smart-tag systems and cut the costs of managing both hardware and software components from several suppliers.	CONTRADICTION
1710	This example is Business	Television networks have worked hard in the last two years to strike their own product placement deals, closing the gap with the movies.	CONTRADICTION
1711	This example is Sports	Researchers are devising new (and hopefully better) ways to interact with Tablet PC's and other pen-based computers.	CONTRADICTION
1712	This example is World	The company has cut up to 25 percent off the price of two of its liquid-crystal display TV models.	CONTRADICTION
1713	This example is World	" SAN FRANCISCO (Reuters) - Texas Instruments Inc. &lt;A HREF=""http://www.investor.reuters.com/FullQuote.aspx?ticker=TXN.N target=/stocks/quickinfo/fullquote""&gt;TXN.N&lt;/A&gt;,  the largest maker of chips for cell phones, trimmed its  third-quarter revenue outlook on Wednesday as customers worked  off inventories of unsold chips, making it the second major  chip supplier to pare third-quarter expectations."	CONTRADICTION
1714	This example is Business	A majority of people worldwide say corruption among government and business elites is a grave problem, and about 10 percent say that they or a member of their household paid a bribe in the previous year, according to a new global opinion poll.	CONTRADICTION
1715	This example is Business	washingtonpost.com - Nextel Communications Inc. and Sprint Corp. reached a tentative agreement to merge, a deal that would create the nation's third-biggest mobile-phone company and could bring significant changes to Nextel's Reston headquarters.	CONTRADICTION
1716	This example is World	Search marketing in the travel industry is brutally competitive, with intense jockeying between travel agencies, affiliates, wholesalers and travel products companies themselves vying for top positioning. What's the most effective approach to search marketing in this cutthroat environment?	CONTRADICTION
1717	This example is World	USATODAY.com - More college campuses are adopting deeply discounted - and legal - digital music as the latest amenity for students. Several top schools began offering these services in September, either free or highly subsidized.	CONTRADICTION
1718	This example is World	MARION JONES will be able to keep the three gold and two bronze medals she won at the Sydney 2000 Olympics even if it is proved she was taking banned drugs at the time.	CONTRADICTION
1719	This example is World	Though not nearly as entertaining, it continues the theme that machines can hold power over humans, even when the people are fighting to regain control.	CONTRADICTION
1720	This example is World	a special layer of software designed to let people enjoy their digital photos, music and videos from across the room -- has to rank as one 	CONTRADICTION
1721	This example is Business	The absolute price of oil has reached a new high. The growth     of the economies in China, India and the rest of Asia are increasing the demand     for oil. There are production problems in Venezuela (strikes and sabotage), Norway (strikes), Nigeria (civil war), Iraq (sabotage) and Russia (internal politics). Hurricane Ivan and other hurricanes this year disrupted     production in the Gulf of Mexico and transportation of oil in the Atlantic.     In the next decade Eastern Europe will also require more oil to feed its growing economies. The price of crude oil has led to     prices of above \$55 a barrel and lifted heating oil to a record and     natural gas to a 20-month high. Though prices may eventually fall a bit, they are likely to remain higher than we were once     accustomed.    However, all is not gloom and doom.	CONTRADICTION
1722	This example is Sports	Middle East News, Three Palestinian fighters were injured in an Israeli missile strike on their car in the southern Gaza Strip, witnesses and medics said on Thursday.	CONTRADICTION
1723	This example is Sci/Tech	"Reuters - TiVo Inc., maker of television\recording technology, on Monday said it has started shipping\""TiVoToGo,"" a service upgrade that allows some subscribers to\view recorded programs on a computer or laptop."	CONTRADICTION
1724	This example is Sports	Reuters - Office Depot Inc.  on Wednesday\unveiled plans to muscle in on rival Staple Inc.'s turf to\boost sales and stem a fall in market share in the increasingly\cutthroat office supply business.	CONTRADICTION
1725	This example is Business	These games aren't the best, nor are they the prettiest.  nbsp;Instead, these are the games I played with my friends - the games let us kick the ever-loving-crap out of each other in increasingly fascinating ways.  nbsp;These are the most original head-to-head sleeper hits on the Sony Playstation. Just some fun stuff you might've missed the first time around.	CONTRADICTION
1726	This example is Sports	Microsoft has issued a patch to fix the security flaw, and urges its customers to use a new utility to locate the computer applications that are vulnerable.	CONTRADICTION
1727	This example is Sci/Tech	Spyware, an amorphous class of software that mostly gets onto computers without their users knowledge, has become epidemic in the past year as people spend more time online and spyware developers get more aggressive.	CONTRADICTION
1728	This example is Business	Online music company eMusic on Tuesday said it was revamping its service to provide commentary and reviews to complement its catalog of more than 500,000 tracks from independent labels.	CONTRADICTION
1729	This example is Business	For some workers, businesses and organizations, the spike in energy prices -- for gas, diesel fuel or heating oil -- is changing the way they live, work and think about the future.	CONTRADICTION
1730	This example is Sci/Tech	HAMPTON, Ga. -- Ryan Newman won his fourth straight pole position at Atlanta Motor Speedway on Friday during Georgia-Pacific Qualifying Night.	CONTRADICTION
1731	This example is Sports	Macromedia promises to speed development of Internet applications with a new tool for its Flex platform. With Flex, enterprises can add interfaces to strategic applications, including visual 	CONTRADICTION
1732	This example is Sci/Tech	TEENAGE boxing sensation Amir Khan kissed his Olympic silver medal - and vowed to grab a gold in four years. The 17-year-old lightweight star said he would resist the big-money offers and stay amateur.	CONTRADICTION
1733	This example is World	Vulnerability could allow an attacker to gain complete control of a system.	CONTRADICTION
1734	This example is Sci/Tech	Foxboro, Mass. - Every week the New England Patriots seem to offer their fatalistic following some reason to despair -  quot;We don #39;t have any wide receivers!	CONTRADICTION
1735	This example is Sci/Tech	Here is what we know about the Jets: They have done everything that they have had to do so far. Every opponent put in front of them has been defeated.	CONTRADICTION
1736	This example is Business	Future DVDs could hold about one hundred times the capacity that current discs can hold. That would mean about 472 hours of film on one disc the size of a current DVD disc.	CONTRADICTION
1737	This example is Sports	The first images crafted to contain a malicious program that can take control of a PC have been found on the net. Security experts have been expecting such images to turn up after Microsoft revealed a weakness 	CONTRADICTION
1738	This example is World	FCC clears the way for more companies to offer the alternative form of Net access.	CONTRADICTION
1739	This example is Business	Reuters - An accident at an underground munitions\depot or a weapons factory was the likely cause of a huge\explosion in North Korea last week, and there were possibly two\blasts, South Korean media reports said on Monday.	CONTRADICTION
1740	This example is Business	As millions buy increasingly powerful cell phones, many companies are racing to develop video games to take advantage of the newfound portability. The newest twist is multiplayer: You can face real people in space battles or fishing tournaments.	CONTRADICTION
1741	This example is World	"AP - The luminous gaze of revolutionary icon Ernesto ""Che"" Guevara is almost a constant presence in communist Cuba, his dark eyes staring out from beneath a black beret on office walls and pro-government billboards."	CONTRADICTION
1742	This example is Business	After centuries of guesswork, architects have a high-tech way to hear the acoustics of buildings they haven't yet built.	CONTRADICTION
1743	This example is Business	NewsFactor - Japan's NTT DoCoMo (NYSE: DCM) has launched a Wi-Fi/cellular phone that telecom industry analysts say is the first of its kind.	CONTRADICTION
1744	This example is Sci/Tech	"Vodafone will primarily target the under-35's, a group which it characterized as the ""young, active, fun"" market."	CONTRADICTION
1745	This example is Sports	Business demand for PCs will result in higher than anticipated growth of the sector for the second half of the year. Analyst IDC has revised its predictions having witnessed strong commercial demand for PCs 	CONTRADICTION
1746	This example is World	One Sun innovation is how on-screen keyboard buttons can include drop-down menu items specific to a given application or function.	CONTRADICTION
1747	This example is Sci/Tech	As job growth has picked up in many areas of the country, employment has continued to falter in some crucial battleground states.	CONTRADICTION
1748	This example is World	Stores are stocked with an abundance of featherweight gadgets. But some of these tiny gadgets raise a new question: how small is too small?	CONTRADICTION
1749	This example is Sports	Travel sites want to help you find a cheap trip. But is cost the only factor to consider?	CONTRADICTION
1750	This example is Sports	AP - The Walt Disney Co. plans to release its movies and other content in the Blu-Ray format, one of the two major contenders for next-generation DVDs that will deliver high-definition images to TV sets.	CONTRADICTION
1751	This example is Sports	Google AdWords Dynamic Keyword Insertion\\Just another tip on improving conversion rates with Google AdWords. When search words appear in a Google ad they are bolded. A good way to improve click through rate (and thus lower price per click) is to place keywords in the ad.\\Sometimes it may not be ...	CONTRADICTION
1752	This example is Business	Lower courts had ruled that the companies are not liable for copyright violations committed by users.	CONTRADICTION
1753	This example is Business	Why you should NOT submit your site on Search Engines\\Before to answer to this question we have to know what is the difference between a search engine and directory. Here is a brief explanation. The main difference between search engine and directory lay in the way how websites get entered ...	CONTRADICTION
1754	This example is Sports	This article is the first of a two-part series that looks at the new generation of WEP cracking tools for WiFi networks, which offer dramatically faster speeds for penetration testers over the previous generation of tools. In many cases, a WEP key can be determined in seconds or minutes.	CONTRADICTION
1755	This example is Sports	Music giant EMI sees profits fall in the first half of the year after opting to delay its major releases.	CONTRADICTION
1756	This example is Sports	iPod Photo, newest member of the iPod family, holds up to 25,000 digital photos alongside your music library and displays them on its stunning high-resolution color screen. iPod Photo, which lets you combine your music and your favorite photos to create magical slideshows on your iPod, features TV-out for sharing your slideshows on big screen televisions and projectors. iPod Photo comes in 40GB or 60GB models. Oct 26	CONTRADICTION
1757	This example is Business	A new computerized service enables customers to create phony outbound phone numbers in order to mask their telephone identities.	CONTRADICTION
1758	This example is Business	AOL said it was intent on making travel an important part of its content expansion, which increasingly includes general Web properties that all Internet users can access as well as content just 	CONTRADICTION
1759	This example is Sports	Internet users at home are not nearly as safe online as they believe, according to a nationwide inspection by researchers. They found most consumers have no firewall protection, outdated antivirus software and dozens of spyware programs secretly running on their computers.	CONTRADICTION
1760	This example is Sci/Tech	Remember some of the biggest winners from 1999? Yeah, Bill Mann forgot about a lot of them too.	CONTRADICTION
1761	This example is Sci/Tech	Reuters - Hamid Karzai will be sworn in as his\country's first elected president Tuesday, facing a huge amount\of more work to rebuild a land still traumatized by more than a\quarter century of war.	CONTRADICTION
1762	This example is Business	 quot;You always have your goals, quot; Maddux said Thursday after leading the Chicago Cubs over the Pittsburgh Pirates 4-3.  quot;One of them is always to win 20.	CONTRADICTION
1763	This example is Business	Extended collaboration could result in chips built on 32-nanometer technology.	CONTRADICTION
1764	This example is Sci/Tech	PRAGUE -- Ronald Reagan used it to reach out to the Soviets during the Cold War. Lech Walesa, the leader of Poland's Solidarity movement, likened it to the sun lighting the earth. Rock band R.E.M. immortalized it in a cynical hit song.	CONTRADICTION
1765	This example is Business	Update to free browser will warn people if a Web site looks like a phishing scam, its maker says.	CONTRADICTION
1766	This example is Business	People want to listen to music while they are on the move, rather than watch video, research suggests.	CONTRADICTION
1767	This example is Business	For the first time, sales top \$1 billion in one quarter, researcher says.	CONTRADICTION
1768	This example is Sports	Even as the RIAA continues to sue downloaders of illegal music over file-sharing networks, some music companies are finally finding ways to use P2P to their advantage.	CONTRADICTION
1769	This example is Sci/Tech	 quot;I #39;m serving well, I #39;m breaking (serve) a lot. I #39;m returning well and moving well. I think I #39;m up to 50 percent for breaking this tournament, which is extremely high for me.	CONTRADICTION
1770	This example is Sports	The legendary film company is cutting slower-growing segments in favor of newer technology.	CONTRADICTION
1771	This example is World	How does one even begin to analyze the latest unforgettable installment of a rivalry that always seems to produce an indelible and searing memory?	CONTRADICTION
1772	This example is Sports	Microsoft has unveiled a series of handheld gadgets that can replay audio, movies and TV shows.	CONTRADICTION
1773	This example is World	In many Olympics competitions winners and losers are determined by less than a fraction of a point and even the slightest error in scoring can set back an athlete from the gold to the bronze.	CONTRADICTION
1774	This example is World	Numerous applications, including some of Microsoft #39;s own, have encountered compatibility problems with Windows XP SP2 (Service Pack 2).	CONTRADICTION
1775	This example is Sports	Scientists believe a select group of people can spot when someone is lying.	CONTRADICTION
1776	This example is Business	Cisco has bought IP service control vendor P-Cube of Sunnyvale, California, in a cash deal worth about \$200m. The company says the deal should allow its customers to run advanced IP services such as voice 	CONTRADICTION
1777	This example is Sports	Regulators are trying to prevent scams caused by software that computer users may not even know is on their PCs.	CONTRADICTION
1778	This example is Sports	"Verizon Wireless lets you choose ""ringback tones"" from a catalog of more than 2,200 songs in 13 different music genres."	CONTRADICTION
1779	This example is Sports	It's the time of year to reflect on the good security choices you've made over the year, the defense-in-depth strategy that you've decided to follow, and plan for your response to future threats and virus outbreaks.	CONTRADICTION
1780	This example is World	IBM Tuesday will announce an expansion of its services for companies seeking help with radio frequency identification technology. Over the past several months, IBM has developed RFID services 	CONTRADICTION
1781	This example is Sports	Hewlett-Packard on Friday will launch 25 consumer products, part of its push toward digital entertainment as some of its other units struggle.	CONTRADICTION
1782	This example is Sci/Tech	Researcher finds two flaws that under unusual circumstances could let a malicious program read private data or render a phone unusable.	CONTRADICTION
1783	This example is Business	Q: I own a small business. During the holiday season every year, I invite my employees to lunch at a restaurant. In the past, I've let everyone go home early (with pay) afterward. For several years now, a few people have skipped the lunch and gone straight home. This has caused some ill will among the other employees. One option ...	CONTRADICTION
1784	This example is Business	The carrier will give its broadband subscribers access to 3,900 hot spots for \$1.99 a month.	CONTRADICTION
1785	This example is Business	AP - In a bid to get consumers shopping early, the nation's retailers are serving up even more early bird specials on such items as TVs and toys, expanding their shopping hours and offering other enticements as they usher the official start of the holiday season on Friday.	CONTRADICTION
1786	This example is Sports	Beta testers find flaws in a new feature of the instant messaging app.	CONTRADICTION
1787	This example is Business	Now buyers can use technology and databases to get a more complete view of a house without driving 30 miles to see it.	CONTRADICTION
1788	This example is Sports	The libraries of five of the world #39;s most important academic institutions are to be digitised by Google. Scanned pages from books in the public domain will then be made available for search and reading online.	CONTRADICTION
1789	This example is Sports	It was the third straight year that the numbers have fallen, although not nearly as much as in the previous two years.  quot;Nearly 7.4 million people reported just over \$30.	CONTRADICTION
1790	This example is Business	Crude futures sold off sharply for a second day in row Thursday, falling below \$44 a barrel, as traders focused on rising fuel supplies and the lack of cold weather. The drop to two-month lows triggered an additional wave of technical and speculative selling, traders said.	CONTRADICTION
1791	This example is World	Scanners can convert slides and negatives to digital files which can then be cropped, color-corrected and e-mailed to friends. Which model is right for you?	CONTRADICTION
1792	This example is Sports	NewsFactor - America Online is seeking help with efforts to push its messaging services into the mobile realm, enlisting the help of handheld-device manufacturers while introducing a developer program focusing on the company's Instant Messenger (AIM) applications.	CONTRADICTION
1793	This example is Sci/Tech	Los Angeles Times - PARIS  #8212; Muslim women in head scarves, journalists in jeans and senators draped in tricolored sashes rallied here Monday in support of two French hostages held in Iraq by kidnappers demanding that France repeal a new ban on the Islamic head scarf in public schools.	CONTRADICTION
1794	This example is World	IBM has unveiled virtual resources to help business partners more quickly build and deploy on-demand business applications tailored to customer requirements across all vertical industries.	CONTRADICTION
1795	This example is Sci/Tech	Most US households would face higher television bills if they only paid for the channels they wanted to watch, US regulators told Congress in a report released on Friday.	CONTRADICTION
1796	This example is World	As millions buy increasingly powerful cell phones, many companies are racing to develop video games to take advantage of the newfound portability.	CONTRADICTION
1797	This example is Business	NewsFactor - Security software vendor Symantec (Nasdaq: SYMC) is negotiating to buy Veritas Software (Nasdaq: VRTS), a provider of data storage software, for more than US #36;13 billion, according to press reports.	CONTRADICTION
1798	This example is Sci/Tech	Carlos Gutierrez, whose family fled Castro, will head administration efforts to revive the manufacturing sector. By Associated Press.	CONTRADICTION
1799	This example is Sports	Shares plunge, company says to miss Wall Street forecasts as price cuts, expansion squeeze margins. NEW YORK (Reuters) - Wild Oats Markets Inc.	CONTRADICTION
1800	This example is World	AFP - A US Air Force transport plane landed at El-Fashir airport in northern Darfur bringing the first Nigerian contingent of a reinforced African Union truce-monitoring force to the troubled region, officials said.	CONTRADICTION
1801	This example is Business	Microsoft Corp. released 10 security fixes for various products yesterday, including seven that fix flaws the company said pose the highest threat to users.	CONTRADICTION
1802	This example is Business	For the world's best video game players, getting the high score is no longer enough.	CONTRADICTION
1803	This example is Sports	Microsoft is again pledging to improve the security of its software by beginning to notify customers of upcoming patches. However, the promise came just as experts warned that attack code exploiting 	CONTRADICTION
1804	This example is World	AFP - Troubled Japanese automaker Mitsubishi Motors Corp. has decided to reduce the scope of its business cooperation with DaimlerChrysler AG.	CONTRADICTION
1805	This example is World	Group seeks to make Web access for mobile device users as easy as it is for desktop users.	CONTRADICTION
1806	This example is World	ANDOVER -- In one play, Andover's Matt Hennessy surpassed his team's first-half output, rushing for 23 yards to spark a sluggish Golden Warrior offense to a 17-7 victory over Lowell. Andover (6-0), known for its potent offense, was held to one first down and 20 yards of total offense in a scoreless first half.	CONTRADICTION
1807	This example is World	An epidemic has erupted in the postseason. In the first seven division series games, managers used their closers for three innings three times.	CONTRADICTION
1808	This example is World	Canadian Press - KYIV, Ukraine (AP) - Tens of thousands of opposition supporters partied in Kyiv's main square Thursday, erecting a Christmas tree and waving orange flags in a show of confidence as the Supreme Court heard final arguments on whether to overturn disputed election results.	CONTRADICTION
1809	This example is Sports	If you have a credit card with a variable interest rate, you may have noticed your rates have been going up.	CONTRADICTION
1810	This example is World	EMC Corp. aims to make it easier for businesses to search unstructured information from multiple sources in multiple languages with a new software tool it released Monday.	CONTRADICTION
1811	This example is World	Stores are stocked with an abundance of featherweight gadgets. But some of these tiny gadgets raise a new question: How small is too small?	CONTRADICTION
1812	This example is Sports	\Dentists develop an alternative sedation procedure to potentially risky general anaesthetic.	CONTRADICTION
1813	This example is World	No doubt, Google and Yahoo! are great search engines. Google is great in speed and straightforward search results, while Yahoo! excels in integration of services.	CONTRADICTION
1814	This example is Business	NASA has released an inventory of the scientific devices to be put on board the Mars Science Laboratory rover scheduled to land on the surface of Mars in 2009, NASAs news release reads.	CONTRADICTION
1815	This example is Sports	The Motley Fool - Investors have unloaded on many software companies lately, such as Red Hat (Nasdaq: RHAT - News), Siebel (Nasdaq: SEBL - News), Novell (Nasdaq: NOVL - News), and so on. However, with the markets perking up this week, investors are a little more sanguine about the sector -- at least for those stocks that exceed expectations.	CONTRADICTION
1816	This example is Sci/Tech	THE number of wild animals across the world has plummeted by 40 per cent in the past 30 years because of changes in the way humans are living.	CONTRADICTION
1817	This example is Sci/Tech	It has been a very long time since we had an opportunity to talk, and I wish that I could meet you and see you face to face, as I would like to tell you some things on very personal level.	CONTRADICTION
1818	This example is World	Sometimes when stocks soar, it has nothing to do with investors #39; genuine interest in the company #39;s prospects. They just buy because the stock is going up.	CONTRADICTION
1819	This example is Sports	MacCentral - Microsoft's Macintosh Business Unit on Tuesday issued a patch for Virtual PC 7 that fixes a problem that occurred when running the software on Power Mac G5 computers with more than 2GB of RAM installed. Previously, Virtual PC 7 would not run on those computers, causing a fatal error that crashed the application. Microsoft also noted that Virtual PC 7.0.1 also offers stability improvements, although it wasn't more specific than that -- some users have reported problems with using USB devices and other issues.	CONTRADICTION
1820	This example is World	For some, it turned out that fairness in online auctions was going, going, gone. Three cases of phony bidding by sellers to inflate the price of art, sports memorabilia, even 	CONTRADICTION
1821	This example is Sports	High levels of  may be killing off people living in cities around the world, experts suspect.	CONTRADICTION
1822	This example is Sports	Since most people using the MSN Spaces service are are just getting their weblogs up and running, it #39;s not easy to tell what a full-fledged blog on the site will look like.	CONTRADICTION
1823	This example is World	When the state doesn't allow companies to charge sufficient interest legally, the black market fills the void.	CONTRADICTION
1824	This example is Sports	Yahoo will release a desktop search tool in early 2005, joining other search engines looking to catalog a variety of information beyond Web pages, the company said Friday.	CONTRADICTION
1825	This example is World	A union group on Thursday unveiled a Web site that lets users identify more than 200,000 US-based companies it says have exported American jobs or lost them because they were hurt by foreign trade.	CONTRADICTION
1826	This example is Sports	NewsFactor - XM Satellite Radio is the latest content provider to join the increasingly crowded online-music market, announcing the impending launch of a service delivering its radio programming via the Internet.	CONTRADICTION
1827	This example is Sports	For back-to-school shoppers, a new alphabet reigns, and it starts with E for electronics. With camera cell phones and the Apple iPod music player topping student wish lists, some of the hottest gadgets have little to do with pen or paper, much less studying.	CONTRADICTION
1828	This example is Sports	For back-to-school shoppers, a new alphabet reigns, and it starts with E for electronics. With camera cell phones and the Apple iPod music player topping student wish lists, some of the hottest gadgets have little to do with pen or paper, much less studying.	CONTRADICTION
1829	This example is Sports	ISLAMABAD : Pakistan said on Monday that Kashmiri leaderships desire to hold talks with Islamabad should be respected. Pakistan said on Monday that Kashmiri leaderships desire to hold talks with Islamabad should be respected.	CONTRADICTION
1830	This example is Business	Internet file sharing, commonly referred to as peer-to-peer (P2P) networking, allows individuals to trade copies of their digital files over the Internet.	CONTRADICTION
1831	This example is Business	JEDDAH, 20 August 2004  First, let me make it clear that I have always enjoyed watching the Olympic Games on television ever since I was a child. The problem nowadays is that the Olympics have been turned into gigantic business proposition both for the ...	CONTRADICTION
1832	This example is Business	An anonymous group of malicious hackers has reopened an online store that sells the stolen source code of prominent software products.	CONTRADICTION
1833	This example is Sci/Tech	An anonymous group of malicious hackers has reopened an online store that sells the stolen source code of prominent software products.	CONTRADICTION
1834	This example is Sci/Tech	The e-tailer releases two new packages designed to help people and companies feature Amazon merchande on their own Web sites.	CONTRADICTION
1835	This example is Business	Opinion: Whether they realize it or not, many people leave sensitive information out in plain view on Web sites. But sooner or later, a Google search will dig it up.	CONTRADICTION
1836	This example is Sports	"""Contingent"" deals transform the nation's workforce, not only for temp workers, but also for those in traditional jobs who compete with employees receiving lower pay, few benefits."	CONTRADICTION
1837	This example is Sports	The outlook for the holiday season brightened Thursday as many of the nation #39;s retailers reported an improvement in sales in October.	CONTRADICTION
1838	This example is Sports	MEMPHIS Eric Shelton scored on a one-yard run with 37 seconds remaining to lift 14th-ranked Louisville past Memphis 56-to-49. The Tigers went ahead by a point when Stephen Gostkowski hit a 29-yard field goal with six-19 left.	CONTRADICTION
1839	This example is Business	HIGHLIGHT: Gymnastics team Al Trautwig and Tim Daggett #39;s superb job on the audience #39;s protest of Alexei Nemov #39;s score on the high bars.	CONTRADICTION
1840	This example is Business	Internet search providers are reacting to users' rising interest in finding video content on the Web, while acknowledging that there are steep challenges that need to be overcome.	CONTRADICTION
1841	This example is Sports	Patents that result from collaboration between universities and companies won new protections from legal challenge under legislation that passed Congress over the weekend.	CONTRADICTION
1842	This example is Sports	Telstra has re-launched a section of its website that allows customers to see current and past network reliability, for the country and their own regions. 	CONTRADICTION
1843	This example is Sci/Tech	AP - A summary of Vice President Dick Cheney's heart problems:	CONTRADICTION
1844	This example is World	TORONTO (CP) - Microcell Telecommunications #39; buoyant shares hit a new high Thursday amid heightened expectations of a bidding war between Telus Corp.	CONTRADICTION
1845	This example is Business	ICANN, the Internet Corporation for Assigned Names and Numbers, on Friday flipped the switch on a new URL transfer policy, which aims to simplify the way domain names can be moved between registrars.	CONTRADICTION
1846	This example is Sci/Tech	A closely watched measure of future economic activity fell in August for a third consecutive month, reflecting an uncertain climate for both businesses and consumers.	CONTRADICTION
1847	This example is Sci/Tech	A closely watched measure of future economic activity fell in August for a third consecutive month, reflecting an uncertain climate for both businesses and consumers.	CONTRADICTION
1848	This example is World	With its open-source model, the company has the potential to shake up the industry, one analyst says.	CONTRADICTION
1849	This example is Business	The evolution of a physique for long-distance running is what made humans look the way we do now. The crucial role of running in human evolution, overlooked in previous research, is being proposed in an article 	CONTRADICTION
1850	This example is Sci/Tech	Reuters - Tens of thousands of\people gathered in a northern Afghan town on Tuesday to hear\General Abdul Rashid Dostum launch his bid for the presidency,\as a slow election campaign began to gather pace.	CONTRADICTION
1851	This example is Business	With phishing attacks skyrocketing, the Federal Trade Commission (FTC) has issued a consumer alert detailing ways Web surfers can avoid being fleeced by online scammers.	CONTRADICTION
1852	This example is World	: Two Palestinian boys, ages 7 and 8, were killed in an explosion in the Gaza Strip today. The Israeli military said the boys were killed by a stray mortar round fired by Palestinians.	CONTRADICTION
1853	This example is Sci/Tech	Goal is to assist moms and dads in buying family-friendly entertainment for their kids. Video games are a popular item on the Christmas wish lists of kids, which 	CONTRADICTION
1854	This example is Business	Canadian Press - THE HAGUE, Netherlands (AP) - A bombing before dawn Monday blew the front door off a Muslim elementary school in a southern town and extensively damaged the building in what police suspect was a revenge attack for the killing of a Dutch filmmaker last week.	CONTRADICTION
1855	This example is World	Dogpile Adding Topix.net News Headlines\\Topix.net announced a deal with InfoSpace to add Topix.net's news headlines to InfoSpace's Dogpile metasearch service, and also to help Dogpile's new IntelliFind technology determine when news content is likely to be relevant to users' Web search queries.\\Through this agreement, Topix.net alerts Dogpile to breaking news ...	CONTRADICTION
1856	This example is World	Wide receiver Terrell Owens found a vacant corner of the end zone and executed his pattern perfectly, a picture of fluidity with his feet planted firmly on the turf and both hands rising above his head.	CONTRADICTION
1857	This example is Business	SanDisk has announced new, high-capacity versions of many of its flash card formats. New versions of both the miniSD and RS-MMC card formats now push the maximum capacity to 512 MB.	CONTRADICTION
1858	This example is Business	Number of users with high-speed connections has tripled in the last three years.	CONTRADICTION
1859	This example is World	  About this time last year, I wrote a column following up on some pieces I'd written earlier to see what if anything new had happened to those topics. The reaction I heard afterwards convinced me that revisiting old news was a worthwhile exercise -- in general, it's too easy for tech reporters to lose sight of how a product works over time in the real world, as opposed to a brief trial in a reviewer's hands.	CONTRADICTION
1860	This example is Business	NewsFactor - Networking specialist Linksys has rolled out a collection of new Wi-Fi\gear for home systems, featuring a line of dual-band 802.11a/g products,\and announced that the company has inked a deal with Verizon to provide\Internet calling equipment.	CONTRADICTION
1861	This example is World	New component could allow players small enough to fit in notebook PCs.	CONTRADICTION
1862	This example is World	SAN FRANCISCO -- The next time you visit one of your favorite Web sites, you may be contributing to it as much as you #39;re taking from it.	CONTRADICTION
1863	This example is World	THERE is never a right time to buy technology. Something cheaper, faster and better specified will be on the market before you have even got your product out of its box.	CONTRADICTION
1864	This example is World	Reuters - The Athens Olympics will cost a total of\almost 10 billion euros ( #36;12.09 billion), more than double the\original target, pushing Greece's budget gap well above EU\limits, finance ministry sources said on Wednesday.	CONTRADICTION
1865	This example is World	The US Supreme Court agreed Friday to consider a case likely to have a significant impact on the music, video and electronics industries.	CONTRADICTION
1866	This example is Business	Up to 15,000 audio files can be stored on the company's upcoming hard drive-based player.	CONTRADICTION
1867	This example is Business	It looks like the Washington Huskies search for a new head football coach has picked up in the last several days. Reports from around the country have stated that Washington has met with or contacted former 	CONTRADICTION
1868	This example is World	Perpendicular recording places bits of data end-to-end, instead of using the traditional method of storing them flat on the disk surface.	CONTRADICTION
1869	This example is World	Big run-ups in a few fast-food favorites might suggest that the value is gone, but take a closer look.	CONTRADICTION
1870	This example is Sci/Tech	Canadian Press - OTTAWA (CP) - The man convicted of the brutal murder and rape that kept David Milgaard wrongfully imprisoned for 23 years will not be able to appeal his case to the Supreme Court of Canada.	CONTRADICTION
1871	This example is Sports	The study shows that images of fear affect the emotional part of the brain. Since the link between the emotional brain and action is stronger than the link between the visual brain and action, viewing fearful 	CONTRADICTION
1872	This example is Business	In response to the latest external reporting requirements from the Feds, Cognos announced this week three additions to its suite of financial applications targeted at the enterprise office of finance.	CONTRADICTION
1873	This example is Business	NewsFactor - Long-time rivals PalmOne (Nasdaq: PALM) and Microsoft (Nasdaq: MSFT) have announced a licensing agreement that will enable the next generation of PalmOne's Treo smartphones to work directly with Microsoft's Exchange 2003 e-mail system.	CONTRADICTION
1874	This example is Sports	 Australian scientists have invented an electronic driver's  assistant system, similar to the back-seat driver who forever  points out road signs and warns against speeding.	CONTRADICTION
1875	This example is Sports	A screensaver targeting spam-related websites appears to have been too successful.	CONTRADICTION
1876	This example is Business	The double-layer DVD drive is designed to record up to four hours of MPEG-2 video or up to 8.5GB of music and images.	CONTRADICTION
1877	This example is World	Here's what you need to know to get the most desktop for your dollar at any price.	CONTRADICTION
1878	This example is Sports	A top level report on artic climate change spurred by global warming has outlined possible oil industry benefits, but also many potential pitfalls.	CONTRADICTION
1879	This example is World	I know you don #39;t care about people like me. Actually, you and the rest of the entertainment history don #39;t care about people, period.	CONTRADICTION
1880	This example is Business	TheDeal.com - The telecom, which holds billions of dollars worth of wireless spectrum, has until mid-October to file its reorganization plan.	CONTRADICTION
1881	This example is Sports	Forbes.com - Rajiv Laroia was handed a dream assignment at Lucent's Bell Labs in 1997: Invent a way to put a broadband Internet in the sky. Don't worry about existing cell phone systems, just do it right.	CONTRADICTION
1882	This example is Sci/Tech	Job worries helped push consumer confidence down in September for the second consecutive month, the Conference Board reported Tuesday.	CONTRADICTION
1883	This example is World	Search engines can tell you a lot about your competition, if you know what to look for. A panel of experts offers tips on profiling your competition.	CONTRADICTION
1884	This example is Sports	Consolidation in the security sector continued last week as three firms planned a merger to form a new security giant offering global services.	CONTRADICTION
1885	This example is World	I have been talking about this for a month, and I am finally starting to see more stories about the remarkable changes that begin today.	CONTRADICTION
1886	This example is Sci/Tech	Tickets to your favorite bowl game are readily available, for a price.	CONTRADICTION
1887	This example is World	Reuters - The European Union's three big powers\and Iran have reached a preliminary deal over Tehran's disputed\nuclear program which could be finalized in the next few days,\a senior Iranian security official said Sunday.	CONTRADICTION
1888	This example is Sports	EDS: 'badly designed, badly developed, badly tested, badly implemented'	CONTRADICTION
1889	This example is Business	The nations retailers had a disappointing start to the holiday season, reporting sluggish sales for November after a surge in Thanksgiving weekend business failed to materialize.	CONTRADICTION
1890	This example is Sports	Google has released a free search tool which sits on the PC desktop and can search its host computer for virtually anything. Launched on Thursday, it blends a search of hard-drive files, emails, recently visited 	CONTRADICTION
1891	This example is Sports	Google is adding the books and papers owned by some of the world #39;s leading libraries to its database in the latest step of its mission to make every piece of information available online.	CONTRADICTION
1892	This example is Business	Investigations have found that several companies inflated circulation totals and revenue in order to keep advertising rates high.	CONTRADICTION
1893	This example is Sports	The subscription software company adds 85,000 individual subscribers to its online customer information system.	CONTRADICTION
1894	This example is World	washingtonpost.com - What do file-sharing companies and the National Rifle Association have in common?  A common legal argument, that's what.	CONTRADICTION
1895	This example is Sci/Tech	Beware the web, beware even of known and trusted web sites that you have been visiting for years. For even the most trustworthy of organisations, operating the most trustworthy of web sites 	CONTRADICTION
1896	This example is Sports	SAP is rolling out a hosted service it hopes will appeal to midsize customers that can rent the software for as little as \$325 per user per month while avoiding the complexity of in-house installations.	CONTRADICTION
1897	This example is Sci/Tech	 NEW YORK (Reuters) - Insurance payments to victims of  Hurricane Frances are expected to reach \$4.4 billion, making it  the fourth most costly storm in U.S. history, an insurance  industry group said on Thursday.	CONTRADICTION
1898	This example is World	" DETROIT (Reuters) - Auto retailer CarMax Inc. &lt;A HREF=""http://www.investor.reuters.com/FullQuote.aspx?ticker=KMX.N target=/stocks/quickinfo/fullquote""&gt;KMX.N&lt;/A&gt; on  Tuesday cut its second-quarter earnings forecast due to  slower-than-expected used-car sales, sparking a 3.7 percent  drop in its shares."	CONTRADICTION
1899	This example is Sci/Tech	'Significantly exceeds previously estimated workforce-reduction target'	CONTRADICTION
1900	This example is Sci/Tech	When Jets coach Herman Edwards started reviewing the many problems that plagued his defense last year, one glaring weakness jumped out at him.	CONTRADICTION
1901	This example is Sci/Tech	NewsFactor - The EU is expected to approve the merger between rivals Oracle (Nasdaq: ORCL) and PeopleSoft (Nasdaq: PSFT), according to sources close to the proceedings.	CONTRADICTION
1902	This example is Sports	Just like cars, home computers need tune-ups. Unfortunately, most of us have never gotten into the habit. Everybody knows to take their cars for routine service, but we often neglect to perform the common-sense maintenance that can keep our home PCs running well.	CONTRADICTION
1903	This example is World	Dangerous new ways to try to steal your money are in progress.	CONTRADICTION
1904	This example is Sci/Tech	A second bankruptcy filing comes after a month of warnings and a failure to secure labor concessions.	CONTRADICTION
1905	This example is World	AP - Stacks of hard-to-find books are being scanned into Google Inc.'s widely used Internet search engine in its attempt to establish a massive online reading room for five major libraries.	CONTRADICTION
1906	This example is Sci/Tech	Reuters - Shares of SuperGen Inc. \dropped 17 percent before the bell on Monday after the company\said it withdrew an application to market its pancreatic cancer\treatment in the United States due to insufficient data.	CONTRADICTION
1907	This example is Business	However, because it is coming out earlier, Longhorn will be trimmed of some of the more innovative stuff that has been seen in earlier builds.	CONTRADICTION
1908	This example is Business	Two Silicon Valley companies that have already become household names in tech savvy homes are working together to bring movies to the home digitally.	CONTRADICTION
1909	This example is World	Reuters - An official from the Palestinian\militant group Hamas was killed on Sunday when a bomb exploded\in his car in Damascus, Hamas spokesmen and witnesses said.	CONTRADICTION
1910	This example is World	Microsoft have let the public use a beta of their tool for some months while testing continues. The last few days have seen a new release of the beta which seems to be getting closer to bringing back consistently sensible results.	CONTRADICTION
1911	This example is Sci/Tech	Irrational markets can create buying opportunities for those watching the right numbers.	CONTRADICTION
1912	This example is World	Users will see book excerpts alongside ordinary Google Web page search results.	CONTRADICTION
1913	This example is Business	Buying a new television used to straightforward: It was simply a matter of deciding how large you wanted the screen to be. Today, however, the purchase process has become much more complex as the 107-year-old 	CONTRADICTION
1914	This example is World	Buying a computer should be easy -- almost anything sold today should competently handle most home-computing chores. But it's not, since so many companies market essentially the same machine.	CONTRADICTION
1915	This example is Business	Software giant expands its indemnification program to cover the majority of its customers.	CONTRADICTION
1916	This example is Business	A website that apologises to the world for the US election results has been hugely successful.	CONTRADICTION
1917	This example is World	Several Web sites recently began offering software promising ringtones and screen savers for certain cell phones. But those who downloaded the software found that it turned 	CONTRADICTION
1918	This example is Sci/Tech	Canadian Press - GENEVA (AP) - The mounting death toll in Sudan's conflict-ravaged Darfur region could rise six-fold by the end of the year, hitting 300,000, a senior U.S. aid official said Monday.	CONTRADICTION
1919	This example is Sports	Forbes.com - In an August memo typed from his hospital bed, Steve Jobs--Apple's chief executive, patriarch and media impresario--let his employees know he would be out for a month to recover from surgery to remove a rare form of pancreatic cancer. Patients with this type of cancer, called an islet cell neuroendocrine tumor, have a 90 survival rate, especially if treated early. Apple says Jobs is due back in September.	CONTRADICTION
1920	This example is Business	Google has announcing five new content partners and a massive scanning project that will bring millions of volumes of printed books into the Google Print database.	CONTRADICTION
1921	This example is World	AP - Crosses, burned vehicles and blown-up bridges mark the narrow road that runs from a provincial capital to this village near the Venezuelan border  #151; the scars of a protracted and bitter battle between a right-wing paramilitary group and Marxist rebels for control of the region's cocaine industry.	CONTRADICTION
1922	This example is World	A case scheduled for hearing in December focuses on technology for automatically loading software from a disc.	CONTRADICTION
1923	This example is Sports	Hundreds of Xbox owners with modified consoles say they've been banned from the Xbox Live service in the past few days. \	CONTRADICTION
1924	This example is World	Device can be connected to a camcorder or VCR for transferring taped footage directly to a DVD, without using a computer.	CONTRADICTION
1925	This example is Business	Slowdown will give big companies more time to hunt down compatibility problems, the company says.	CONTRADICTION
1926	This example is World	Nintendo Co. and Sony Corp. made separate product unveilings yesterday that the video game giants hope will attract more customers ahead of the highly competitive holiday shopping season.	CONTRADICTION
1927	This example is World	Reuters - North Korea said Monday last week's\explosion in its remote northeast was part of a hydro-electric\project, the BBC quoted the North's foreign minister as saying.	CONTRADICTION
1928	This example is World	X-Prizes for breakthroughs in science or technology that solve the world's greatest challenges are planned.	CONTRADICTION
1929	This example is Sci/Tech	MORTGAGE lending fell again last month, a further sign that the housing bubble has burst. About 25.4bn was lent by banks and building societies last month, down 4 on August and the second monthly fall in 	CONTRADICTION
1930	This example is Sports	It's back -- the season of peace, good fellowship, and digital marvels. The Entertainment Software Association reckons that nearly one third of all Americans will give a computer game as a Christmas gift in 2004. And this year's crop of games may be the most spectacular yet.	CONTRADICTION
1931	This example is World	Online file-sharing is less of a problem for the movie industry because it has a much more diverse revenue model. In addition to the sale of movie tickets, money comes in from co-branding 	CONTRADICTION
1932	This example is World	USATODAY.com - Tech workers are holding on to their jobs tighter than they have in more than 20 years.	CONTRADICTION
1933	This example is Sci/Tech	Domain hosting and parking services drop in price, rise in capacity to lure small businesses. Trying to attract more small business customers, Yahoo has introduced a new domain name registration service and significantly increased the storage space and ...	CONTRADICTION
1934	This example is Sports	Sales of downloaded digital music in Europe will continue to grow steadily in the next five years, but will not replace the CD anytime soon.	CONTRADICTION
1935	This example is Sports	Under the measure, property owners who can prove that environmental or zoning rules have hurt their investments can force the government to compensate them.	CONTRADICTION
1936	This example is World	Yesterday's technology designs are becoming popular among those in their teens and 20's eager to usher back a time they experienced only barely, if at all.	CONTRADICTION
1937	This example is Sci/Tech	Fueled by optimism for a growing US economy, two advertising forecasters yesterday predicted notable gains for the industry next year, despite the absence of the presidential 	CONTRADICTION
1938	This example is Sports	Microsoft has cobbled together dozens of third-party software plug-ins and add-ons that enhance IE and provided links to them from its Windows Marketplace site.	CONTRADICTION
1939	This example is World	The ring sits in the spotlight of a tense, packed auditorium and the jittery fighters await the bell at their red and blue corners. Like any fight, there's always the danger of a punishing uppercut or left hook. But these boxers have even more worries  like battery failure and software bugs.	CONTRADICTION
1940	This example is Business	More than ever, today's consumers need to plan and research their tech purchases to make sure the parts of their digital dream home will actually work together.	CONTRADICTION
1941	This example is Sports	Microsoft MSN Desktop Search Is Out In Beta\\As expected, Microsoft has finally released a beta of their Desktop Search software. It is integrated with their Browser Toolbar set and is now labeled MSN Toolbar Suite Beta.\\The download size is huge compared to Google Desktop Search at 4.8megs and you would ...	CONTRADICTION
1942	This example is Sports	With an internet connection, users enter an address or other location information and Keyhole #39;s software accesses the database and takes them to a digital image of that location on their computer screen.	CONTRADICTION
1943	This example is Business	Insensitivity to cultural issues has led to some of the software giant's products being banned in some countries.	CONTRADICTION
1944	This example is Sci/Tech	Dr. C. Erec Stebbins talks about using a nearly 100-year-old investigative tool to identify the bacterial proteins that cause disease.	CONTRADICTION
1945	This example is Business	AP - Talbots Inc., the women's clothing retailer, cut its third-quarter earnings forecast Wednesday, citing low September sales.	CONTRADICTION
1946	This example is World	The menu at Flash's, a saloon on Boston's Stuart Street, offers many choices. The jukebox offers even more.	CONTRADICTION
1947	This example is Sci/Tech	Pedro Martinez had the last laugh in October. Now he #39;s going to have the last laugh and a very nice contract. Martinez covered the gamut of competitive and emotional experiences this October, from being a 	CONTRADICTION
1948	This example is Sports	Americans have a passion for the great outdoors but often seem downright lackadaisical about protecting their skin from the sun's damaging rays. Myths about sun exposure -- and there are quite a few -- may encourage people's risky behaviors, experts say.	CONTRADICTION
1949	This example is Sports	But the company's guidance for next year failed to top Wall Street's estimates, and its shares fell in after-hours trading.	CONTRADICTION
1950	This example is Business	Security researchers warned today of a vulnerability in most Web browsers that could allow scammers to launch phishing attacks from pop-up windows on trusted Web sites.	CONTRADICTION
1951	This example is Sports	\A specially shaped camera lens which means images are never out of focus could find its way onto camera phones.	CONTRADICTION
1952	This example is World	Digital audio downloads save shelf space, and patrons don #39;t have to wait until a book is returned. Remember how exciting it was as a child to go into the library to fill out an application for your very own 	CONTRADICTION
1953	This example is Sports	PC shipments have started to ease off, as expected, but the worldwide PC market remained fairly strong in the third quarter, according to research from IDC and Gartner released Monday.	CONTRADICTION
1954	This example is Sports	It seems hard to imagine, but the Internet was still a wild frontier just a decade ago.  But at a leading industry conference of the time a group of seers offered some remarkably prescient predictions of what was to come.	CONTRADICTION
1955	This example is Sci/Tech	It #39;s a great idea that private money finance at least 50 percent of the cost of a new riverfront baseball stadium. It #39;s a smart idea to protect the District from millions of dollars in penalties resulting 	CONTRADICTION
1956	This example is World	By its very nature, open-source software would appear to run counter to the goals of venture capitalists. Not only is it distributed and developed for free by a loose-knit group of techies from around the 	CONTRADICTION
1957	This example is Sports	A company which makes software that infiltrates users #39; computers and demands \$30 to be removed has been targeted by US authorities.	CONTRADICTION
1958	This example is Sports	Lowering sticker on handheld game player to \$80 is early move in expected battle for portable gaming market.	CONTRADICTION
1959	This example is World	It #39;s a great time to be an Internet shopper, but the same search technology that is transforming the Web into a bargain-hunter #39;s paradise is putting the squeeze 	CONTRADICTION
1960	This example is Business	Security specialists are now in great demand, thanks to a boom in malicious attacks on computer systems by hackers and viruses, and an array of new communications technologies that carry new security risks.	CONTRADICTION
1961	This example is Business	The Supreme Court has denied a challenge to the federal Do Not Call List. Telemarketing companies had filed an appeal, saying the registry violated First Amendment rights because some groups were exempt from the rules.	CONTRADICTION
1962	This example is Business	XM Satellite Radio Holding Inc. on Wednesday said it would launch a commercial-free, Internet music service in early October. With XM Radio Online, subscribers will be able to listen to the 	CONTRADICTION
1963	This example is Sci/Tech	The recording industry on Thursday filed another round of copyright infringement lawsuits against people it said were illegally distributing songs over the Internet.	CONTRADICTION
1964	This example is Sports	MANY inexpensive DVD recorders will do a fine job as a replacement for your VCR when it comes to time-shifting television programs.	CONTRADICTION
1965	This example is World	The chances of a user being sued for intellectual property (IP) infringement related to software usage are slim, industry observers say. But that may change, as some companies hoard patents for the express purpose of using them to extract money from sellers and users of software.	CONTRADICTION
1966	This example is Business	What rights will you give up in order to get some work?      We are guaranteed certain protections against the tyranny of the State, but what's to stop private companies from ignoring those protections, so long as they can require us to agree to forego them in order to receive employment?	CONTRADICTION
1967	This example is Sci/Tech	Reuters - Lawn-care equipment maker Toro Co. on\Wednesday reported stronger-than-expected quarterly earnings\and doubled its dividend, citing increased sales and cost\controls.	CONTRADICTION
1968	This example is Sports	In a judicial blow to the entertainment industry, a federal appeals court ruled that makers of two leading file-sharing programs are not legally liable for the songs, movies 	CONTRADICTION
1969	This example is World	India News: Srinagar, Dec 5 : Three separatist guerrillas were killed after a night-long gun battle with Indian soldiers in Jammu and Kashmir, police said Sunday.	CONTRADICTION
1970	This example is Sports	Reuters - U.S. Chief Justice William H.\Rehnquist, who was diagnosed with thyroid cancer in October,\will not be present when the Supreme Court reconvenes next week\to hear oral arguments, the Washington Post reported.	CONTRADICTION
1971	This example is World	It is the body's internal chemicals and hormones that send diseases out to strut their stuff at night.	CONTRADICTION
1972	This example is Sports	Sure, many penny stocks are bad. But some of them offer divine returns for the Foolish bargain hunter.	CONTRADICTION
1973	This example is Sports	Software giant says the final version will be available next year.	CONTRADICTION
1974	This example is Business	Can a season be lost before Labor Day? Generally, the answer is no. Even the worst losses can be worked around when they occur on the first weekend of September. There's more than enough time for a team to move past any disappointment in losing a game most expected it to win.	CONTRADICTION
1975	This example is Sci/Tech	Reuters - Maoist rebels blockading the Nepali\capital killed four soldiers on Tuesday in an attack on a\patrol trying to keep the main highway to Tibet open for\traffic, an army spokesman said.	CONTRADICTION
1976	This example is Sci/Tech	Chile's Internal Tax Service filed a criminal complaint against former ruler Augusto Pinochet after an investigation of his accounts at Riggs Bank in Washington. Riggs was not a subject of the complaint.	CONTRADICTION
1977	This example is Business	Firefox #39;s share of the US browser market grew by more than a third in the last month. Firefox #39;s share of the US browser market grew by more than a third in the last month, a Web metrics firm said Monday.	CONTRADICTION
1978	This example is Business	The New York Giants aren't just winning. They're doing the kinds of things winning teams do.	CONTRADICTION
1979	This example is Sports	Several Web sites this month began offering software promising ring tones and screen savers for certain cellphones. But those who downloaded the software found that it turned 	CONTRADICTION
1980	This example is Business	"Prepare yourself for ""time bomb"" exploits that attack web-based systems at a pre-determined time."	CONTRADICTION
1981	This example is Sci/Tech	Reuters - It is unclear if Iran's nuclear\ambitions are entirely peaceful, but there is still no firm\evidence that Tehran is secretly developing atomic weapons as\Washington asserts, the U.N. nuclear watchdog said on Tuesday.	CONTRADICTION
1982	This example is Business	As far as keeping their customers satisfied, Web portals, search engines, and news and information sites in the US continue to improve but still have work to do, according to a report released Tuesday.	CONTRADICTION
1983	This example is World	STEVE McCLAREN returned to Spain for the second time in little more than a week and, although there was no recurrence of the Neanderthal noises that marred Englands defeat in Madrid, he was again made to endure a substandard performance from one of his 	CONTRADICTION
1984	This example is World	As information security threats have grown more lethal in the past decade, many senior executives still remain in the dark when it comes to protecting their organizations.	CONTRADICTION
1985	This example is Business	Jim Mora Jr and Steve Mariucci are familiar with each other from their days with the San Francisco 49ers. Mora was defensive co-ordinator under Mariucci with the 49ers and the two will renew old acquaintances 	CONTRADICTION
1986	This example is Sci/Tech	AP - Suspected arsonists set an Islamic elementary school on fire Tuesday amid a string of attacks following the killing of a Dutch filmmaker by an alleged Islamic extremist.	CONTRADICTION
1987	This example is Sci/Tech	WASHINGTON -- The government needs to do a better job monitoring and inspecting hazardous materials shipped aboard airlines, according to a report released Friday by the Transportation Department #39;s inspector general.	CONTRADICTION
1988	This example is Business	 The Web search company said it will commence its share  buyback offer today for the 23.4 million common shares it may  have issued improperly to previous and current employees and  consultants.	CONTRADICTION
1989	This example is Sports	The game-by-game story of how this Red Sox-Cardinals World Series matchup plays itself out is going to add a new chapter to Sox history. However, we'll also be keeping an eye on one of the lesser stories that will reflect the big news from the Series.	CONTRADICTION
1990	This example is Sports	The Wi-Fi Alliance appears to have lost patience with vendors who it feels have been jumping the gun by launching wireless products using standards that have not been ratified by the Alliance.	CONTRADICTION
1991	This example is Business	Open source software is a viable alternative to commercial proprietary software, with potential significant value-for-money benefits for government, the Office of Government Commerce (OGC) has concluded.	CONTRADICTION
1992	This example is Sports	A Silicon Valley startup aiming to catapult wikis into the mainstream and transform the editable Web sites into an application development platform has attracted a flood of interest for its product beta.	CONTRADICTION
1993	This example is World	The graphics library, an alternative to Microsoft's DirectX, gets new features designed to add razzle-dazzle to PC games.	CONTRADICTION
1994	This example is Sports	The graphics library, an alternative to Microsoft's DirectX, gets new features designed to add razzle-dazzle to PC games.	CONTRADICTION
1995	This example is Sports	Forget bookmarks: Web content managers allow you to create your own personal, searchable cache of web pages.	CONTRADICTION
1996	This example is Sci/Tech	NewsFactor - The city of Taipei plans to make wireless Internet access available throughout the Taiwanese capital by the end of next year.	CONTRADICTION
1997	This example is Sports	In hindsight it is becoming clear that the strong economic growth over the past two years depended on bringing in large quantities of capital from the rest of the world.	CONTRADICTION
1998	This example is World	If destructible DVDs are going to have a fair shot, distributors are going to have to test the concept by releasing a film that is reasonably in demand.	CONTRADICTION
1999	This example is Sci/Tech	Reuters - Sudanese Darfur rebels arrived in Nigeria\on Sunday ahead of peace talks under the African Union (AU) to\resolve a conflict that has killed up to 50,000 and displaced\more than a million people.	CONTRADICTION
2000	This example is Sports	AFP - Australian property giant Westfield Group announced a 585 million pound bid to acquire British shopping center operator Chelsfield, a move seen as likely to spark a bidding war with rival Multiplex.	CONTRADICTION
2001	This example is Sports	Gift cards are the perfect gift - they always fit and never cost a fortune to send, right? But consumer advocates are cautioning that we need to be slightly more careful when it comes to such gifts.	CONTRADICTION
2002	This example is Sci/Tech	As the number of Web services specifications proliferates, some developers advocate a return to a simpler approach.	CONTRADICTION
2003	This example is Business	Certainly you know by now that Windows XP Service Pack 2 (SP2) has been released. As anticipated, some systems have had problems after installation of the new service pack. But many people report that their installations have been successful and without ...	CONTRADICTION
2004	This example is World	All three models to be released use a 1.8-inch hard drive that can hold up to 2,500, 5,000 and 15,000 pieces of music, respectively.	CONTRADICTION
2005	This example is World	Reuters - Libyan leader Muammar Gaddafi will host\a summit on the troubled western Sudanese region of Darfur with\the presidents of Chad, Egypt and Nigeria, a Libyan government\source said on Tuesday.	CONTRADICTION
2006	This example is Sci/Tech	Microsoft issues patches for holes that could allow remote attackers to gain control of your PC. Microsoft this week released 10 software security patches for its products, including seven it deemed critical 	CONTRADICTION
2007	This example is Business	The coaches of high-performance athletes will benefit the most from the federal government #39;s announcement yesterday of how it will divide up \$19.	CONTRADICTION
2008	This example is Sports	Reuters - The Russia government has offered a  #36;10\million reward for information to help it hunt down Chechen\rebel leaders Shamil Basayev and Aslan Maskhadov, accused by\Moscow of being behind last week's school siege, news agencies\reported on Wednesday.	CONTRADICTION
2009	This example is World	At PeopleSofts European conference this week, the vendors senior executives were keen to point out the progress that the firm has made in the past year, including new services to make updates easier for customers.	CONTRADICTION
2010	This example is Sci/Tech	Pricing plans designed to let companies pay only for what they actually use are proving difficult to pull off.	CONTRADICTION
2011	This example is Sci/Tech	People face poverty in retirement unless they save more, a major report into pensions will reveal. The Pensions Commission report says that there is a 57 billion shortfall in the amount people are saving for retirement.	CONTRADICTION
2012	This example is Sports	Certificates of authority (COAs) are affixed to software packaging to let buyers know it #39;s the real thing. But when the COA itself is counterfeit, resellers also feel the pain, Microsoft (Quote, Chart) found.	CONTRADICTION
2013	This example is Sci/Tech	"By altering a gene, scientists have produced ""marathon mice"" with more muscle, less fat, and twice the endurance of regular mice. The find could lead to new anti-obesity drugs."	CONTRADICTION
2014	This example is World	AP - Sirius Satellite Radio signed a deal to air the men's NCAA basketball tournament through 2007, the latest move made in an attempt to draw customers through sports programming.	CONTRADICTION
2015	This example is World	Reuters - Two Chinese engineers working at a\hydro-electric project in Pakistan were kidnapped by tribesmen\on Saturday in a region where security forces have been hunting\militants linked to al Qaeda, officials said.	CONTRADICTION
2016	This example is World	Ferrari #39;s rivals have warned them that only  quot;hollow quot; victories await them if they don #39;t agree to reduce the number of days they will spend testing during next year #39;s Championship.	CONTRADICTION
2017	This example is Sports	Parind Raval and Siamak Asgari spent six years working for a variety of technology companies while seeking a niche that would allow them to start their own business. Two years ago, Asgari met a school-system official who mentioned the need for an effective student management system in public schools.	CONTRADICTION
2018	This example is World	Microsoft released on Tuesday a preview version of new tools intended to make it easier for companies to create custom Web applications.	CONTRADICTION
2019	This example is Business	Apple has begun shipping Logic Express 7, music composition and production software that delivers professional quality audio and MIDI tools at an affordable price of \$299. With new Apple Loops support, software instruments and high-quality effect plug-ins, Logic Express 7 allows musicians to create, record, edit, and mix music. Oct 28	CONTRADICTION
2020	This example is World	Starting in October, the company will begin selling higher-speed cards that transfer data at rates of up to 80mbps.	CONTRADICTION
2021	This example is Business	Copernic Desktop Search for Mozilla Firefox \\Copernic today announced the availability of a new version (1.2) of its Copernic Desktop Search (CDS) product that fully supports the Mozilla Firefox Web browser. Copernic claims to be the first desktop search tool which works with Mozilla Firefox.CDS 1.2 also features up to ...	CONTRADICTION
2022	This example is Sci/Tech	The nations expressed concern about climate change but did not agree on a common strategy for curbing emissions.	CONTRADICTION
2023	This example is Business	If you're not ready to feverishly debate Iraq or the deficit in this bitterly divisive election year, you can always surf the Web, where politics is frequently nothing but a big joke. President Bush and challenger John Kerry are spoofed as utter fools on the Internet daily, usually in good fun.	CONTRADICTION
2024	This example is World	IT is undergoing the kind of cultural evolution that companies endured when they first pushed computing technology out to the bulk of their workforces.	CONTRADICTION
2025	This example is World	It #39;s no wonder portable digital music players are one of the hottest gadgets this holiday season, as they carry hundreds or even thousands of songs, they #39;re compact enough to bring anywhere and getting music on to the player is as easy as two mouse clicks 	CONTRADICTION
2026	This example is World	When it comes to switching positions for the good of the team, some players do it comfortably while others, according to Patriots coach Bill Belichick, wouldn't even be asked.  quot;Some players can interchange from position to position seamlessly and you would never know sometimes what their primary spot was, quot; said Belichick, whose team had a day off from ...	CONTRADICTION
2027	This example is Sports	The Motion Picture Association of America has escalated its hunt for Internet movie pirates with the filing of several lawsuits against individuals the MPAA says are distributing pirated movies.	CONTRADICTION
2028	This example is World	New M-rated, non-NFL game will feature off-field political fallout, on-field unnecessary roughness, and post-play partying. At least one sports video game publisher in the industry isn #39;t bothered by the exclusive 	CONTRADICTION
2029	This example is Business	Steganography is the science of hiding one message inside another message - hiding in plain sight, so to speak.  Think of steganography as the soft-spoken yet elegant sister of cryptography. Where cryptography scrambles a message to prevent unauthorized people from reading it, steganography opts instead to hide the message in such a way that it is not obvious that there is anything there to see.  Read on for a description of steganography, with examples.	CONTRADICTION
2030	This example is Sports	George Bush seems to be gaining a reputation lately for saying the wrong things in his speeches and diplomacy has been replaced with insults.	CONTRADICTION
2031	This example is Business	Q: Where can I get help if I have problems with my computer after installing Windows XP Service Pack 2? A: Only a small percentage of Windows users have reported serious issues after installed Service Pack 	CONTRADICTION
2032	This example is Sci/Tech	FindWhat and BizJournals Ink Search Advertising Deal\\FindWhat.com today announced an exclusive search engine advertising relationship with Bizjournals, the nation's largest publisher of metropolitan business newspapers and popular business news website publisher.\\Under the terms of the exclusive search advertising distribution agreement, FindWhat.com will supply Bizjournals.com and each of its 41 local ...	CONTRADICTION
2033	This example is Business	Sony has developed a computer chip that allows viewers to zoom in on any part of a TV image, such as a favorite soccer player or an intruder on security-camera footage, while keeping the image sharp.	CONTRADICTION
2034	This example is Business	Networking provider upgrades a slew of products so large companies can better connect their workers.	CONTRADICTION
2035	This example is World	"Thornbugs communicate by vibrating the branches they live on. Now scientists are discovering just what the bugs are ""saying."""	CONTRADICTION
2036	This example is Sci/Tech	typically e-mailed as enticements to bogus sites that endanger users #39; systems and expose their personal information -- is limited in scope 	CONTRADICTION
2037	This example is Sports	Perfect 10 is suing Google for unspecified damages, alleging copyright infringement. Google provides unauthorized access to thousands of its copyrighted pictures, Perfect 10 says.	CONTRADICTION
2038	This example is Business	The earnings information the company offers ranges as wide as its product line.	CONTRADICTION
2039	This example is Sports	Google Groups Launched Out of Beta\\Google today launched Google Groups out of beta testing on the 'Groups' link of the Google home page at www.google.com. This enhanced product enables users to create, manage, search and browse web-based groups, as well as subscribe to and track favorite groups. Building on the ...	CONTRADICTION
2040	This example is Sports	WASHINGTON -- Why is the subject of giving such a difficult thing to discuss? Some folks would rather ask someone for a kidney than for a donation to a charitable cause.	CONTRADICTION
2041	This example is Sports	AP - Gap Inc.'s third-quarter profit improved slightly even as the clothing retailer's sales began to sag.	CONTRADICTION
2042	This example is Business	Ziff Davis - The number of enterprises migrating from Windows to Linux is a growing concern for Microsoft. But it's not a one-way street. Some companies #151;unhappy with their open-source experience #151;are making the switch back to Windows.	CONTRADICTION
2043	This example is Sci/Tech	Laksamana.Net - Gold mining firm Newmont Minahasa Raya (NMR) is planning to sue the National Police for detaining five of its executives on pollution allegations, claiming the detentions are unlawful.	CONTRADICTION
2044	This example is Sci/Tech	Auto-parts maker Delphi Corp. said Monday that it completed the planned shutdown of its Flint West, Mich., manufacturing plant, the largest of four US consolidations in its previously disclosed plan to reduce 	CONTRADICTION
2045	This example is Sci/Tech	No. 1 US satellite television provider DirecTV Inc. says it will launch four new satellites to expand programming capacity, particularly for high-definition channels and interactive services.	CONTRADICTION
2046	This example is Sci/Tech	"AP - KIEV, Ukraine  #151; Their name means ""It's Time."" Their slogan shows a ticking clock, and their ability to bring thousands of students to the streets is spooking the government as the country prepares for Sunday's pivotal presidential election."	CONTRADICTION
2047	This example is Sports	Reuters - Suspected drug gangsters murdered\eight people execution-style in and around the Caribbean beach\town of Cancun this week as a wave of brutal killings hit\Mexico.	CONTRADICTION
2048	This example is World	Analysts speculate that the software giant will focus on the low end of the market, at least initially.	CONTRADICTION
2049	This example is Sports	Search junkies can be psyched for a cool site, but will some features backfire?	CONTRADICTION
2050	This example is Business	The Computing Technology Industry Association asked both campaigns to answer 12 technology-related questions to help the trade group's 20,000 members get information about their views.	CONTRADICTION
2051	This example is Sports	washingtonpost.com - Oracle Corp.'s  #36;24-a-share hostile takeover bid for PeopleSoft Inc. heated up anew yesterday as tonight's deadline for stockholders to offer their shares for sale approached.	CONTRADICTION
2052	This example is World	Five companies are teaming up to deliver broadcast programming to wireless handsets.	CONTRADICTION
2053	This example is Business	Firm's ReportNet product now is available for Red Hat Enterprise Linux running on IBM's pSeries servers.	CONTRADICTION
2054	This example is Sci/Tech	Context Within Search and Optimization\\A part of the problem in search engines relates to end users (you) expectations of what you will see in search results. I've run a few search query tests on the search engines recently. It's really an ongoing thing. I basically tested various wordings of the ...	CONTRADICTION
2055	This example is Sports	The US Supreme Court said today it will hear argument on whether online cable access must allow rivals to use its equipment. The case could ultimately decide whether cable operators must allow use of their 	CONTRADICTION
2056	This example is World	"The BBC's digital radio services must remain distinctive from rivals to ensure a ""healthy"" market, a report says."	CONTRADICTION
2057	This example is Sports	Otago University computer science lecturer and games expert Simon McCallum is urging parents to pay more attention to the ratings classifications on computer games, many of which, he says, are aimed at adults.	CONTRADICTION
2058	This example is Business	AP - Internet users at home are not nearly as safe online as they believe, according to a nationwide inspection by researchers. They found most consumers have no firewall protection, outdated antivirus software and dozens of spyware programs secretly running on their computers.	CONTRADICTION
2059	This example is Business	While software makers are planning to move more of their products to a subscription basis, 64 percent of the buyers surveyed still prefer the old way of doing things.	CONTRADICTION
2060	This example is Sci/Tech	A group of companies backing the Blu-ray DVD format announced plans to release camcorders that are compliant with the standard and can record on smaller disks than are currently available.	CONTRADICTION
2061	This example is Business	AP - Chechen security forces killed 22 separatist rebels, including the alleged leader of the assassination of the republic #39;s president, Chechen deputy prime minister Ramzan Kadyrov said, according to news reports.	CONTRADICTION
2062	This example is Sports	You can archive old home movies onto DVD without ever touching a PC. We explore your options and offer some tips on doing it right.	CONTRADICTION
2063	This example is Sci/Tech	GMail changed many things for me. I started using webmail again. Redirected most of my pop mail ids to GMail for easy accessibility from any computer.	CONTRADICTION
2064	This example is Sports	Allowing consumers to search the content of books online could shift the balance of power between companies that produce books and those that sell them.	CONTRADICTION
2065	This example is Sci/Tech	Reuters - Maxim Pharmaceuticals Inc.\ said a trial to confirm the benefit of its Ceplene\drug failed to show an improvement in survival rates for\patients with liver cancer, sending its shares plunging on\Monday.	CONTRADICTION
2066	This example is Business	Outstanding ROIC and market-beating performance go hand-in-hand for these stocks.	CONTRADICTION
2067	This example is Business	The way to soothe an anxious sheep is to show it a picture of another sheep. British scientists believe that - like humans - sheep need to see a familiar face when they are alone.	CONTRADICTION
2068	This example is Business	As part of three-pronged, anti-piracy attack launched Tuesday, the Motion Picture Association of America (MPAA) plans to release free software to help parents determine what movie and music titles their children have stored on a computer, along with any 	CONTRADICTION
2069	This example is Sci/Tech	Lately, the company's retail operation has been lagging behind sales of its locations.	CONTRADICTION
2070	This example is Sports	Apple has introduced two new Jam Packs for its popular GarageBand consumer music creation software today. These two new packs offer new instruments and loops for different genres.	CONTRADICTION
2071	This example is Business	The company, which has long fought legislative efforts to limit its powers, is hoping the strategy will put them in a stronger position to bargain over crucial details with the  government.	CONTRADICTION
2072	This example is Sci/Tech	 quot;I went through the same period back in end of  #39;97, all through  #39;98 and early  #39;99, quot; Woods said at a news conference Friday.	CONTRADICTION
2073	This example is Sci/Tech	After receiving harassing messages and even a death threat, the founder of a service that fools caller ID systems has decided to sell the business.	CONTRADICTION
2074	This example is Sports	Following the Contract Recognition Board #39;s finding in favour of BAR, it is only a matter of time before the various  #39;interested parties #39; begin legal action against those that they feel led them astray.	CONTRADICTION
2075	This example is World	IBM has introduced the BladeCenter Express, a lower-cost blade server chassis targeted toward small and mid-size businesses. The company also unveiled several new business-in-a-box packages 	CONTRADICTION
2076	This example is Sci/Tech	The movie industry on Thursday said it plans to start suing later this month people who have illegally swapped movies on the Internet, saying the practice represents the greatest economic threat ever faced by the industry.	CONTRADICTION
2077	This example is Sports	The Internet phone service providers try to win over consumers who now have a host of options when it comes to making calls.	CONTRADICTION
2078	This example is World	"OSLO, Norway - Armed, masked thieves burst into a lightly guarded Oslo museum Sunday and snatched the Edvard Munch masterpiece ""The Scream"" and a second Munch painting from the walls as stunned visitors watched in shock.    It was the second time in a decade that a version of the iconic ""Scream,"" which depicts an anguished, opened-mouthed figure grabbing the sides of its head, had been stolen from an Oslo museum..."	CONTRADICTION
2079	This example is World	"OSLO, Norway - Armed, masked thieves burst into a lightly guarded Oslo museum Sunday and snatched the Edvard Munch masterpiece ""The Scream"" and a second Munch painting from the walls as stunned visitors watched in shock.    It was the second time in a decade that a version of the iconic ""Scream,"" which depicts an anguished, opened-mouthed figure grabbing the sides of its head, had been stolen from an Oslo museum..."	CONTRADICTION
2080	This example is Sports	Texas Instruments says it has developed a computer chip that will let television fans watch their favorite shows on cellular phones.	CONTRADICTION
2081	This example is Sci/Tech	NewsFactor - F-Secure, the Finnish anti-virus software developer, has identified two new, fast-spreading versions of Cabir, the worm that infects cell phones using the Symbian operating system.	CONTRADICTION
2082	This example is World	As part of a crackdown on false and deceptive diet claims, letters sent Tuesday reminded media companies to stop publishing ads for bogus weight-loss products.	CONTRADICTION
2083	This example is World	Google Inc. on Wednesday branched out into 3-D digital mapping with the acquisition of Keyhole Corp. In its second acquisition this year, Google has bought a startup company that connects consumers, businesses 	CONTRADICTION
2084	This example is Business	PC shipments have started to ease off, as expected, but the worldwide PC market remained fairly strong in the third quarter, according to research from IDC and Gartner Inc. released Monday.	CONTRADICTION
2085	This example is Sci/Tech	UNITED NATIONS (CP) - Haiti and Grenada need \$59 million US in humanitarian aid immediately to cope with the destruction wrought by hurricanes last month, the top UN relief official said Friday.	CONTRADICTION
2086	This example is World	I have seen the future, and it looks sort of human (sometimes), makes whirring sounds (often), and fascinates geeks and gadget lovers of all ages (always).	CONTRADICTION
2087	This example is Sports	Description: Coby is the proud recipient of a master #39;s degree from Trinity Southern University. It #39;s an online university, which may not have realized that new grad is a cat.	CONTRADICTION
2088	This example is Business	In the final full-field event of the season, several players are under pressure to finish well at the Chrysler Championship for a variety of reasons.	CONTRADICTION
2089	This example is Sports	Users should be wary of pressing the 'click here to remove' link on spam messages because it serves to confirm to spammers that junk mail messages are being read.	CONTRADICTION
2090	This example is Sports	Four small security software vendors have teamed up to develop a set of technical criteria for tools designed to secure Web applications. They also invited Cisco and other large IT vendors to take part in the certification program.	CONTRADICTION
2091	This example is Business	Technical support improvements lead to better overall scores for PC industry.	CONTRADICTION
2092	This example is Business	AFP - Sprint and Nextel were reported to be in merger discussions for a blockbuster deal that would reduce the number of major players in the US wireless industry to four.	CONTRADICTION
2093	This example is Business	This holiday the hottest new products for kids have one thing in common: They all interact with the tube, whether by means of sensors, radio-wave technology or the regular old TV remote control.	CONTRADICTION
2094	This example is Sci/Tech	'Voluntary' nature of first phase now even more debatable	CONTRADICTION
2095	This example is Business	The Mozilla Foundation has fixed 10 security bugs in its open-source Mozilla and Mozilla Firefox browsers and Thunderbird e-mail reader, with the release of new versions of all three products this week. Some of the vulnerabilities could allow attackers to run malicious code on a user's PC via a malicious e-mail, a specially crafted vCard or a malformed graphic on a Web site, project leaders said.	CONTRADICTION
2096	This example is Sci/Tech	ALL too often at a championship that produces a relatively surprising leader after the opening round, does that player get rather overtaken at the enormity of the situation and slide, sometimes none too gracefully, away down the leaderboard and out of the 	CONTRADICTION
2097	This example is Sports	The increasing popularity of PC-based multimedia applications, particularly home video editing and downloading of films and TV shows from peer-to-peer networks, is driving demand for bigger hard-disc drives.	CONTRADICTION
2098	This example is World	For the second time this year, an alliance of major Internet providers filed a coordinated group of lawsuits aimed at stemming the flood of online junk mail.	CONTRADICTION
2099	This example is Sci/Tech	Reuters - Leaders of an Afghan militant group\holding three U.N. workers hostage met on Friday to decide\whether to kill them or extend a deadline for authorities to\meet their demands, a member of the leadership council said.	CONTRADICTION
2100	This example is Sci/Tech	Just an extra hour of exercise a week could significantly cut obesity among young overweight girls, according to a study that researchers say could lead to major changes in the way schools fight obesity.    The study - the largest look yet at obesity among young children - did not show the same results for boys, possibly because they generally get more exercise than girls...	CONTRADICTION
2101	This example is Sports	Save money on your auto insurance with InsWeb.com. Get free quotes from several of the nation #39;s leading auto insurance companies. Start saving on your auto insurance at Insweb.com.	CONTRADICTION
2102	This example is Sports	A record number people are working in the global economy but half of them make \$2 a day or less, according to a report published yesterday.	CONTRADICTION
2103	This example is Sci/Tech	The company said it has benefited from growing demand for handsets that work on the new higher-speed networks being introduced by carriers in the U.S., Europe and Asia.	CONTRADICTION
2104	This example is Sci/Tech	Indian subsidiary has grown from around 300 staff early last year to about 2,000 today, and serves over 100 customers around the world.	CONTRADICTION
2105	This example is Business	By MICHAEL GORMLEY    ALBANY, N.Y. (AP) -- In one of the first enforcement actions of the Americans with Disabilities Act on the Internet, two major travel services have agreed to make sites more accessible to the blind and visually impaired...	CONTRADICTION
2106	This example is World	Game makers need to spend time to make sure that music adds to the playing experience.	CONTRADICTION
2107	This example is World	Reuters - An explosion killed a Palestinian in Gaza\Sunday, the 11th day of an Israeli offensive against militants\Prime Minister Ariel Sharon hopes will defuse internal\resistance to his plan for withdrawing from some occupied land.	CONTRADICTION
2108	This example is Sci/Tech	Microsoft will offer up to \$600 per server (up to a maximum of \$15,000) to companies who agree to switch from Novell to Windows servers, it has been revealed.	CONTRADICTION
2109	This example is Sports	Two industry heavyweights have completed interoperability tests of a new technology designed to drive the convergence of voice, data, and video services over wireless and fixed infrastructure based on the Internet Protocol.	CONTRADICTION
2110	This example is World	A new device that costs a couple hundred bucks can turn the home office into a high-definition media center. It's a start anyway, and far less expensive than coughing up for a television setup.	CONTRADICTION
2111	This example is World	Many people don #39;t pay all that much attention to their e-mail software. After all, it takes a real geek to care about the fine points of one program or another, especially when they all do more or less the same thing.	CONTRADICTION
2112	This example is Sports	Two big consumer products companies issued profit warnings, underscoring an increasingly tough competitive landscape for makers of some of the world's best-known brands.	CONTRADICTION
2113	This example is World	After years of sacrificing, athletes don #39;t come to the Olympics to put self-interest aside; they come to be No. 1. Get all of today #39;s headlines, or alerts on specific topics.	CONTRADICTION
2114	This example is World	KIRKLAND - They had managed to avoid the injury bug, for the most part, for the first four games of the season. But misfortune finally caught up with the Seahawks the way it has with a bevy of other NFL teams.	CONTRADICTION
2115	This example is Business	In a judicial blow to the entertainment industry, a federal appeals court ruled that makers of two leading file-sharing programs are not legally liable for the songs, movies and other copyright works their users swap online.	CONTRADICTION
2116	This example is World	The United Auto Workers union reached a tentative labor agreement with DaimlerChrysler AG #39;s Detroit Diesel Corp. Wednesday that is expected to preserve jobs at the company #39;s Redford plant.	CONTRADICTION
2117	This example is Sci/Tech	Online retailer Amazon.com broadened its Web services efforts on Monday by releasing additional guidelines and data designed for use by people and companies building links to its site.	CONTRADICTION
2118	This example is Sports	The telecom industry has endured some tough times. They haven't seen anything yet.	CONTRADICTION
2119	This example is Business	A federal appeals court yesterday ruled that two developers of file-sharing programs are not legally liable for the copyrighted content their users swap online. 	CONTRADICTION
2120	This example is Sports	The global market for handheld devices continued to dwindle. The industry has recorded a year-over-year fall for the third successive quarter, according to data released by IDC this week.	CONTRADICTION
2121	This example is Business	"NewsFactor - Korea-based Samsung is preparing to develop mobile devices that\use Philips (NYSE: PHG) NFC chips, as the two electronics giants join forces to push a\nascent touch-based wireless technology called ""near field communication""\(NFC)."	CONTRADICTION
2122	This example is Sports	A growing number of companies are reporting on their social and environmental impact  but many neglect the environment footprint of their supply chain.	CONTRADICTION
2123	This example is Sports	As video games take on an ever slicker, more cinematic feel, developers are increasingly turning to cartoon actors, movie-trailer announcers and even film stars to read the lines.	CONTRADICTION
2124	This example is Sci/Tech	Reuters - China's security chief has urged\officials to heed the grievances of their communities, state\media reported Friday, following a series of violent protests\that undermine efforts to maintain stability.	CONTRADICTION
2125	This example is Business	A US group released its annual warning about antisocial video games, but a University of Toronto professor says he #39;s only really worried about a very narrow category of such interactive entertainment.	CONTRADICTION
2126	This example is Sports	Be Careful with Google Desktop Search\\Google Desktop Search like most Google products makes an awesome first impression. I have tried other desktop search tools, but none of them can match the convenience that Google Desktop Search comes with. It is just a 450K download and it integrates in Google Search ...	CONTRADICTION
2127	This example is Sports	The Chicago Bears have made a living out of winning ugly as of late, taking victories any way they can get them. On Sunday, Chicago invented another way to 	CONTRADICTION
2128	This example is Sports	A quarter of online Americans have taken advantage of one of the Internet's true powers: the ability to let users collectively decide whether to trust a product, service or individual.	CONTRADICTION
2129	This example is Business	WASHINGTON Nov 12, 2004 - The Expos cleared another logistical hurdle in their move to Washington on Friday, announcing an agreement with Ticketmaster to handle ticket sales.	CONTRADICTION
2130	This example is World	New version turns off security, attempts to download malicious programs from Net--but it's not likely to get far.	CONTRADICTION
2131	This example is Sci/Tech	Reuters - Large quantities of arms and ammunition\have poured into Darfur in the last two weeks and the\government appears to be preparing for a major military\offensive, the African Union (AU) said on Friday.	CONTRADICTION
2132	This example is Sci/Tech	Lazard #39;s board will meet Tuesday to discuss plans for a possible initial public offering for the independent investment bank, sources close to the matter said.	CONTRADICTION
2133	This example is Sports	NEW YORK -- How ugly was it? Ask one of the closest eyewitnesses to measure it on a scale of 1 to 10.	CONTRADICTION
2134	This example is Sci/Tech	The manual is intended to increase open-source usage among the 800 IT projects sponsored by the United Nations.	CONTRADICTION
2135	This example is World	Photographers can shoot, store and print digital photos without requiring a computer connection.	CONTRADICTION
2136	This example is Business	While travelling I like to meet locals. In some countries this is easy, I look different and peole approach me. In other countries people are more reserved. What can I do in the latter case?	CONTRADICTION
2137	This example is Business	Getting Specific With Local Search Engine Optimization\\Localized search engine optimization is often overlooked as an excellent tool to bring in local traffic to your website. By including local information in your tags and web pages, you help prospective customers find specific information on the area and business they are searching ...	CONTRADICTION
2138	This example is Sci/Tech	AP - Tens of thousands of protesters made a sweaty but jubilant five-hour march through the streets of Manhattan on the eve of the Republican National Convention for a demonstration that wound up being largely peaceful despite fears of violent skirmishes with police.	CONTRADICTION
2139	This example is Business	Most of the nation's charities are attempting to raise additional funds by selling the names of donors to marketing organizations or swapping mailing lists with other nonprofits, a charity watchdog group said yesterday.	CONTRADICTION
2140	This example is Sports	Families with autistic children are finding that techniques that have proved successful in the class can be tried at home.	CONTRADICTION
2141	This example is Business	Software giant hopes to convince governments that its products are secure.	CONTRADICTION
2142	This example is Business	Just in time for holiday shopping, Apple released on Tuesday a new line of its entry-level iBook notebook computers. The latest version of the iBook line packs more processing power than its predecessors and 	CONTRADICTION
2143	This example is Sports	Radio-frequency identification is a technology that #39;s touted as the replacement for the bar code. These postage-stamp-size RFID tags contain a tiny microchip that #39;s smaller than a grain of sand and capable of storing information.	CONTRADICTION
2144	This example is Sports	Reuters - A message posted on an Islamist Web site\said Monday the militant group of al Qaeda ally Abu Musab\al-Zarqawi had killed one of two Americans it was holding\hostage, but the report could not be immediately verified.	CONTRADICTION
2145	This example is Sports	Following a recent industry trend, Internet giant Yahoo Inc. (YHOO) is adding new search engine tools that will enable users to create personal folders and share their favorite links with others.	CONTRADICTION
2146	This example is Sports	"AFP - Microsoft said it plans to broadly release the long-awaited update to its flagship Windows operating system, dubbed ""Longhorn,"" in 2006."	CONTRADICTION
2147	This example is World	AP - Google Inc. is improving on the discussions its popular Web site hosts, hoping the upgrades will spur more online banter and make its market-leading search engine a richer destination.	CONTRADICTION
2148	This example is Sports	Project MegaGrid has a mega-goal, but analysts said it is also an achievable one. Rob Enderle, principal analyst at the Enderle Group, said that whenever world-class players come together 	CONTRADICTION
2149	This example is World	down - against other major currencies. The tumble has helped the portfolios of some fortunate Americans by bolstering the returns of their foreign stocks and bonds.	CONTRADICTION
2150	This example is Sports	The Lazarus nameplate, a fixture on the retail landscape for 153 years, is coming off department store signs, joining Shillito #39;s as a defunct brand.	CONTRADICTION
2151	This example is Sports	falling repeatedly for spam scams that promise software at fire sale prices. In fact, one in five consumers surveyed bought software 	CONTRADICTION
2152	This example is Sports	IBM on Tuesday said it has simplified the process for software vendors to qualify and participate as a partner, which gives them access to IBM #39;s global-sales network and to financial support for co-marketing campaigns.	CONTRADICTION
2153	This example is Sci/Tech	With the launch this week of new toolbars, Microsoft wants to make it as easy to find lost files on your desktop as it is to search the Web.	CONTRADICTION
2154	This example is Business	Some throws fell woefully short, skittering across the turf and rolling to the feet of receivers. Others sailed over the heads of the intended targets, fluttering 	CONTRADICTION
2155	This example is World	The chances of scientists making any one of five discoveries by 2010 have been hugely underestimated, according to bookmakers.	CONTRADICTION
2156	This example is Sci/Tech	AFP - A powerful bomb planted by suspected Maoist rebels exploded in a brand new government office block in the centre of the Nepalese capital Kathmandu, injuring 32 people, police said.	CONTRADICTION
2157	This example is Business	Some area employers expect to maintain a steady hiring pace during the fourth quarter of 2004, according to a survey released yesterday by Manpower Inc.	CONTRADICTION
2158	This example is Sports	A closely watched measure of future economic activity fell in July for the second consecutive month, reinforcing evidence that the nation's financial recovery is slackening.	CONTRADICTION
2159	This example is World	Symantec has signed an agreement to acquire stake, a security consulting and software company, Symantec said Thursday. stake will improve Symantec #39;s consulting contacts--six of the top 10 financial institutions are customers, Symantec said.	CONTRADICTION
2160	This example is Sci/Tech	Because of speed restrictions, mobile devices often have trouble downloading Web pages that are designed to provide the optimum experience for high-speed Internet users.	CONTRADICTION
2161	This example is Sports	NewsFactor - Research In Motion (Nasdaq: RIMM) (RIM) is offering a peek at the company's latest\wireless BlackBerry, a handheld that operates on Wi-Fi (802.11b)\networks and supports both voice over Internet communications and data\connectivity on local area networks.	CONTRADICTION
2162	This example is Sports	Reuters - Of the more than 8,000 funds\available to investors, some are downright stinkers.\Fortunately, it's usually easy to identify the worst of them.	CONTRADICTION
2163	This example is Sports	NEW YORK (CNN/Money) - Merck #39;s withdrawal of its arthritis treatment sent the stock tumbling more than 25 percent and pushed the Dow into deeply negative territory at the open Thursday.	CONTRADICTION
2164	This example is Sci/Tech	Fine particle pollution has been significantly reduced in recent years, but millions of people live in areas where concentrations remain high - and their health remains at risk, the 	CONTRADICTION
2165	This example is World	Google Inc. has launched an effort to establish an online reading room for five major libraries by scanning stacks of hard-to-find books into its widely used Internet search engine.	CONTRADICTION
2166	This example is World	Music downloading and file-sharing are on the increase, and record companies who attempt to regulate illegal downloaders get short shrift from internet users, a survey reveals today.	CONTRADICTION
2167	This example is Business	MacCentral - Netflix Inc. and TiVo Inc. have signed an agreement to let TiVo subscribers access Netflix's library of movies over broadband Internet connections, the two companies announced Thursday.	CONTRADICTION
2168	This example is Sports	While taking a back seat to software and security efforts, hardware is still a big time concern according to our survey. Organizations are taking the opportunity to consolidate their environments as they replace 	CONTRADICTION
2169	This example is Sports	While taking a back seat to software and security efforts, hardware is still a big time concern according to our survey. Organizations are taking the opportunity to consolidate their environments as they replace 	CONTRADICTION
2170	This example is Business	While taking a back seat to software and security efforts, hardware is still a big time concern according to our survey. Organizations are taking the opportunity to consolidate their environments as they replace 	CONTRADICTION
2171	This example is Sports	While taking a back seat to software and security efforts, hardware is still a big time concern according to our survey. Organizations are taking the opportunity to consolidate their environments as they replace 	CONTRADICTION
2172	This example is World	While taking a back seat to software and security efforts, hardware is still a big time concern according to our survey. Organizations are taking the opportunity to consolidate their environments as they replace 	CONTRADICTION
2173	This example is World	Three major recording companies have agreed to make their music available to be shared and sold over a new online file-swapping service that aims to lure music fans away from rival 	CONTRADICTION
2174	This example is Sports	Three major recording companies have agreed to make their music available to be shared and sold over a new online file-swapping service that aims to lure music fans away from rival 	CONTRADICTION
2175	This example is World	&lt;strong&gt;Analysis&lt;/strong&gt; Only slightly if at all	CONTRADICTION
2176	This example is Sports	You can learn a lot about people in two hours. And you don #39;t have to take a course in social behavior or even watch Dr. Phil on TV.	CONTRADICTION
2177	This example is World	Gold Fields has yet to receive support from Norilsk Nickel, its biggest shareholder, for its acquisition of Canada #39;s Iamgold. Gold Fields announced its plan to buy Iamgold 	CONTRADICTION
2178	This example is World	Online DVD renter Netflix Inc. and television recorder maker TiVo Inc. are close to a deal to allow Netflix subscribers to download movies over the Internet to their 	CONTRADICTION
2179	This example is World	KATHMANDU : A strike called by Maoist rebels shut down much of Nepal for the second day as the government considered calling a ceasefire to jumpstart talks to end the bloody conflict.	CONTRADICTION
2180	This example is World	For some the Carling Cup is a dull and meaningless sideshow during the English football season and there would be no tears if it was scrapped off the calendar.	CONTRADICTION
2181	This example is Sports	The New York Public Interest Research Group (NYPIRG) has published its annual list of toys that it claims can harm or kill children, particularly those with small parts.	CONTRADICTION
2182	This example is Sports	Many people do extensive product research online but end up buying from brick and mortar retailers.  How can you track the effectiveness of search marketing campaigns that result in offline purchases? 	CONTRADICTION
2183	This example is Business	Reuters - U.S. oil major ConocoPhillips won an\auction for a 7.6 percent state stake in Russian oil giant\LUKOIL with a bid of  #36;1.988 billion, the Russian property fund\said on Wednesday.	CONTRADICTION
2184	This example is Business	A: Combining the two companies #39; networks should result in clearer calls, fewer dropped calls during peak hours and broader availability of coverage.	CONTRADICTION
2185	This example is World	The smaller gear maker claims that its new routers will cost 30 percent to 50 percent less than similar offerings from the market leader.	CONTRADICTION
2186	This example is Sci/Tech	BEIJING (AFP) - A North Korean delegation headed by the Stalinist state #39;s number two leader arrived in China amid faltering attempts to resolve the standoff over the North #39;s nuclear weapons program.	CONTRADICTION
2187	This example is Sports	This article discusses how a virus outbreak will produce a few unique opportunities to examine the health of an organization's network -- and learn ways to further harden the network from future automated attacks.	CONTRADICTION
2188	This example is Business	Colombia's main rebel group asked followers to mount an assassination attempt against President Bush during his visit to Colombia last week, Defense Minister Jorge Uribe said. There was no evidence Saturday that rebels even tried to organize such an attack.	CONTRADICTION
2189	This example is Sports	Users will receive free warnings of worms and viruses targeting their chat client.	CONTRADICTION
2190	This example is Sci/Tech	Adobe has announced ambitious plans to unify the digital camera market by creating a single file format that all digital cameras can record in.	CONTRADICTION
2191	This example is World	"The games industry could benefit from scientific ""mood profiling"" to develop hit games, researchers say."	CONTRADICTION
2192	This example is Sci/Tech	Troublesome Trojan horses, virulent worms, nasty viruses--sometimes it may seem like the Internet exists just to let the bad guys attack your PC.	CONTRADICTION
2193	This example is Business	Optimism in Hawaii remains high while employment woes nationwide have driven consumer confidence to lower levels. US consumer confidence dropped to lower levels in October for the third consecutive month, according 	CONTRADICTION
2194	This example is Business	The next century definitely will not be for the birds as the changing world takes a toll on many species. By 2100, about 10 percent of all bird species probably will be extinct, killed off by habitat loss, hunting 	CONTRADICTION
2195	This example is Sports	Western oil companies are running out of likely places to look, and significant finds are becoming rarer.	CONTRADICTION
2196	This example is Sports	much more so than the average home PC user realizes. That notion, widely held in the tech industry, is borne out 	CONTRADICTION
2197	This example is Sci/Tech	Reuters - Voters in Ghana queued on Tuesday to\choose a new leader for their West African country in what was\expected to be a race between incumbent John Kufuor and\long-standing rival John Atta Mills.	CONTRADICTION
2198	This example is World	Communicating can be tricky when a company or a government agency has workers in different locations and even different time zones.	CONTRADICTION
2199	This example is World	 SAN FRANCISCO (Reuters) - The consumer electronics gizmo  that offers many functions in a small package is what's  compelling back-to-school shoppers to open their wallets.	CONTRADICTION
2200	This example is World	 SAN FRANCISCO (Reuters) - The consumer electronics gizmo  that offers many functions in a small package is what's  compelling back-to-school shoppers to open their wallets.	CONTRADICTION
2201	This example is Sci/Tech	It is almost weird to see these big corporations trying to enter a field so soon one after the other that was ruled by small companies just few weeks ago.	CONTRADICTION
2202	This example is Sci/Tech	Week Four threw up some surprising results over the weekend as current high-flyers had their wings clipped and new faces staked their claims in a title race that, although barely a month old, is already wide open.	CONTRADICTION
2203	This example is Sports	London, 20 October 2004 --- Corruption in large-scale public projects is a daunting obstacle to sustainable development, and results in a major loss of public funds needed for education, healthcare and poverty alleviation, both in developed and 	CONTRADICTION
2204	This example is Sports	Product will allow a server to run multiple operating systems, or multiple copies of the same operating system at a single time	CONTRADICTION
2205	This example is Sports	its also a powerful learning tool, according to Apple. Audio has always had a place in the classroom but it is normally in the form 	CONTRADICTION
2206	This example is Sci/Tech	Reuters - A small group of suspected\gunmen stormed Uganda's Water Ministry Wednesday and took three\people hostage to protest against proposals to allow President\Yoweri Museveni for a third term.\Police and soldiers with assault rifles cordoned off the\three-story building, just 328 feet from Uganda's parliament\building in the capital Kampala.	CONTRADICTION
2207	This example is World	Higher-capacity hard drives will be available by the end of the year.	CONTRADICTION
2208	This example is Sports	Organic SEO: Patience For Long Term Ranking Results\\When does long term SEO show ranking results? It takes time for optimization to produce targeted traffic to your website. Organic SEO requires time to take effect, just as it takes time for your web pages to start showing up in the search ...	CONTRADICTION
2209	This example is World	SAN FRANCISCO - For the second morning in a row, there is a major development in the on-going scandal involving steroids and star athletes.	CONTRADICTION
2210	This example is World	MP3 players -- technically, digital-music players, although almost all of them are used mainly to play songs saved in the popular MP3 format -- come in three sizes: tiny, big and really big.	CONTRADICTION
2211	This example is Sports	An increase in smog sparks a small but measurable increase in deaths, scientists report Wednesday in a study showing the strongest link yet between smog and damage to health.	CONTRADICTION
2212	This example is Sports	Prices for flash memory cards -- the little modules used by digital cameras, handheld organizers, MP3 players and cell phones to store pictures, music and other data -- are headed down -- way down. Past trends suggest that prices will drop 35 percent a year, but industry analysts think that rate will be more like 40 or 50 percent this year and next, due to more manufacturers entering the market.	CONTRADICTION
2213	This example is Business	It #39;s back -- the season of peace, good fellowship, and digital marvels. The Entertainment Software Association reckons that nearly one third of all Americans will give a computer game as a Christmas gift in 2004.	CONTRADICTION
2214	This example is Sports	Novell is prepared to use its portfolio of US software patents to protect against patent lawsuits the open source software it ships, the company said in statements posted to the Novell.	CONTRADICTION
2215	This example is World	Hard-drive based multimedia player will be available later this year.	CONTRADICTION
2216	This example is Business	IBM on Wednesday announced the pre-release of several tools for SMBs (small and midsize businesses) designed to speed development of solutions built on IBM middleware.	CONTRADICTION
2217	This example is Business	Your site gets great traffic from search engines, and yet it needs a new design.  How can you freshen up a site without risking a decline in rankings and a loss of traffic from search engines? 	CONTRADICTION
2218	This example is Sports	While America Online, Microsoft, and the open-source community agree to disagree about E-mail-authentication standards, some companies are stepping up to bridge the divide.	CONTRADICTION
2219	This example is Sports	Sony #39;s new double-layer DVD player for the Mac will give Macintosh users access to higher-capacity removable storage. The device, which is available in both internal and external versions, can record up to four hours of video on a single disk.	CONTRADICTION
2220	This example is Sci/Tech	Avoid Search Engine Blacklisting\\The best way to avoid being blacklisted by the search engines is to avoid using some questionable techniques that were once popular to gain high rankings. Even if your website is not blacklisted by using some of the techniques below, it may be penalized (buried in the ...	CONTRADICTION
2221	This example is Business	Microsoft software that is currently licensed on a per-processor model will continue to be licensed per processor, not per core, for hardware that contains dual-core and multi-core processors.	CONTRADICTION
2222	This example is World	On a unanimous vote the US House of Representatives Thursday approved a bill making many  quot;spyware quot; activities illegal. Spyware can be surreptitiously loaded into a computer via the Internet and extract information 	CONTRADICTION
2223	This example is Sports	Samsung Electronics Co. and Sony Corp. have signed a licensing agreement to share 24,000 basic standard patents necessary for product development, Samsung officials said yesterday.	CONTRADICTION
2224	This example is Sci/Tech	Spending on research will more than double this year, with a growing amount coming from the private sector.	CONTRADICTION
2225	This example is Sci/Tech	One of the best things I like about the Internet is the boundary-less nature of this amazing network. I can check out user views of people (from here in India) around the world on the India issues.	CONTRADICTION
2226	This example is Sports	Domain name owners can now choose registrars in much the same way telephone numbers can be moved between carriers, ICANN said.	CONTRADICTION
2227	This example is Sports	At times like this, it is important to remember a simple truth: No matter how much they have improved, no matter how much promise they may show at times, there is something they have yet to escape.	CONTRADICTION
2228	This example is Sports	When a company with a small float comes unhinged from reality, look out.	CONTRADICTION
2229	This example is Sci/Tech	The day after elimination always brings strange vibes. It #39;s too soon to let go of the rigorous season that fell short but not too early to start thinking about next year #39;s team.	CONTRADICTION
2230	This example is Sci/Tech	NewsFactor - Motorola's (NYSE: MOT) sleek and stylish MPx200 smartphone incorporates the productivity features of a Windows Mobile 2002 personal digital assistant -- even the ability to play MP3 files -- along with a GSM-based mobile phone.	CONTRADICTION
2231	This example is World	A third of people trying to lose weight find they actually end up piling on the pounds, a survey finds.	CONTRADICTION
2232	This example is Business	Calls to 13 other countries will be blocked to thwart auto-dialer software.	CONTRADICTION
2233	This example is Sports	This has been a rumor for awhile now, but now it #39;s fact: Netflix and Tivo are teaming up for a service that will let Tivo owners download movies onto their Tivo boxes via a broadband connection.	CONTRADICTION
2234	This example is World	Microsoft announced a new holiday Xbox package that essentially gives buyers two free sports games and a trial subscription to the Xbox Live online gaming service.	CONTRADICTION
2235	This example is Sci/Tech	Computer misuse at government offices is an ongoing problem, and experts say managers should take specific actions to keep federal employees from using their desktop computers for personal business.	CONTRADICTION
2236	This example is Sports	AP - The promise of Internet-based video has long been hamstrung by copyright and piracy worries, slow dial-up connections, technical challenges and consumer disdain for watching blotchy videos on their home computers. But a Silicon Valley startup is tackling those obstacles, hoping to become the first major provider of cinema straight from the Internet to the living room boob tube.	CONTRADICTION
2237	This example is Business	stocks of companies with a market capitalization between \$100 million and \$2 billion, calculated as shares outstanding times share price -- outperformed larger-cap stocks last quarter.	CONTRADICTION
2238	This example is Sci/Tech	The Internet Corporation for Assigned Names and Numbers (ICANN) has given preliminary approval to two new domain names. The  quot;.	CONTRADICTION
2239	This example is Business	While the combined company makes a formidable No.3 player in the wireless market, it may be hard pressed to match the firepower of its larger rivals.	CONTRADICTION
2240	This example is Sci/Tech	Muhammad Ali asked Congress yesterday to create a US Boxing Commission, saying oversight by the federal government is needed to protect boxers from exploitation and injury. Ali's testimony before a congressional panel was read by his wife, Lonnie Ali , because he suffers from Parkinson's disease.  quot;Reform measures are unlikely to succeed, quot; Ali said,  quot;unless a US Boxing Commission is ...	CONTRADICTION
2241	This example is Sci/Tech	Sales are flat for the company, but the valuation still appears to be fair.	CONTRADICTION
2242	This example is World	No wonder people love computer and video games. They #39;re realistic, fast-paced, interactive and challenging. Just about any age can play.	CONTRADICTION
2243	This example is World	AP - A posting on an Islamic Web site claimed Tuesday that the al-Qaida-linked group led by Abu Musab al-Zarqawi has slain a second American hostage in Iraq. The claim could not be verified immediately.	CONTRADICTION
2244	This example is Sports	Trusted Computer Solutions (TCS) Inc. officials are developing Trusted Linux, a highly secure version of Linux that will rival Unix in environments in which security is the highest priority.	CONTRADICTION
2245	This example is Sports	Promoters pay radio stations annual fees for advance copies of playlists and bill record companies for each new song played, running up a tab that costs the industry tens of millions of dollars annually.	CONTRADICTION
2246	This example is Sci/Tech	AP - Video game companies always release their marquee titles just as the holiday shopping frenzy starts humming. It's nothing personal, just business: analysts say December alone accounts for more than 50 percent of the industry's annual revenue.	CONTRADICTION
2247	This example is Sports	Women are being  quot;parachuted quot; into precarious positions within companies where there is a high risk of failure, according to a psychologist.	CONTRADICTION
2248	This example is Sports	As one developer prepares to move his application from Mac to Windows, others reaffirm their commitment to the platformdespite competing directly with Apple Computer Inc.	CONTRADICTION
2249	This example is Business	Companies agree to incorporate software interoperability tools in e-commerce partnership.	CONTRADICTION
2250	This example is Sports	AP - Driven by record sales of server and mobile microprocessors and a bigger slice of the flash memory market, Intel Corp.'s third-quarter profits rose 15 percent even as it struggled with lackluster PC sales, excess inventory and stiff competition.	CONTRADICTION
2251	This example is Sci/Tech	AFP - Indian troops shot dead five Islamic militants in three separate clashes in Indian-administered Kashmir, a police spokesman said.	CONTRADICTION
2252	This example is Sports	The Public Relations India blog claims that Microsoft or its PR agency released this photo of the new MSN Search ... .. to AP using the IE competitor browser, Mozilla Firefox.	CONTRADICTION
2253	This example is Business	It may be that many people, staring blankly from their sofas into the empty, late-night flicker of their televisions, are in need of rescuing.	CONTRADICTION
2254	This example is Sports	It may be that many people, staring blankly from their sofas into the empty, late-night flicker of their televisions, are in need of rescuing.	CONTRADICTION
2255	This example is World	Department store operator Kohl #39;s Corp. said Thursday that its profit grew 19 percent in the fiscal third quarter as new stores boosted revenue.	CONTRADICTION
2256	This example is Sci/Tech	The nation #39;s three biggest credit reporting companies have announced details about how consumers can receive copies of their credit reports for free once a year 	CONTRADICTION
2257	This example is Business	Business and communication skills are important, but many tech pros aren't given such training by employers, according to a report.	CONTRADICTION
2258	This example is World	After years of being deluged with ever-increasing loads of spam, Internet users are starting to turn to instant-messaging applications instead of e-mail.	CONTRADICTION
2259	This example is Business	Security specialist issues patches for vulnerabilities that could have allowed denial-of-service attacks against some hardware models.	CONTRADICTION
2260	This example is Sports	Menacing body posture can be as threatening as a frightening facial expression, according to new research. The finding may explain how fear spreads.	CONTRADICTION
2261	This example is Sci/Tech	"The Motley Fool - No, the U.S. is not on the verge of a solar revolution, and sunshine won't provide the country with ""energy independence"" anytime soon. But solar power is gaining momentum, and based on current trends, that momentum will probably continue to build."	CONTRADICTION
2262	This example is Sports	Security experts said that while the new Service Pack 2 for Windows XP will bolster the operating system's security, hackers will still find a way to exploit any flaws.	CONTRADICTION
2263	This example is World	Reserve Bank Governor Alan Bollard will fire his interest rate gun and then conspicuously reload it when he delivers his monetary policy statement on Thursday.	CONTRADICTION
2264	This example is Sci/Tech	Arsenal midfielder Edu has confirmed he will leave the Premiership champions next summer and move to La Liga. Edu, whose contract with the London club expires at the end of the season, says he has yet to make 	CONTRADICTION
2265	This example is Business	Reuters - Among those tipped to win the 2004 Nobel\Peace Prize on Friday are the U.N. nuclear watchdog and its\leader Mohamed ElBaradei, a Kenyan environmentalist and a\Russian anti-nuclear activist.	CONTRADICTION
2266	This example is Sports	The Wi-Fi Alliance got its next certification program off to a flying start, issuing WPA2 badges to a bunch of products that comply with the 802.	CONTRADICTION
2267	This example is Business	For doctors, searching out disease before it appears can also carry risks.	CONTRADICTION
2268	This example is World	New Zealand triathlete Hamish Carter says he felt bulletproof during his gold medal winning performance at the Athens Olympics. The champion says it has been a crazy day in the aftermath of his win, which 	CONTRADICTION
2269	This example is World	While most voters have chosen their favorite candidate for president, several sites offer online tests for the undecided. In some cases, the results can be quite contradictory. By Joanna Glasner.	CONTRADICTION
2270	This example is Business	Seeking to speed the delivery of new communications services to US airline passengers, the government yesterday paved the way for at least one company to compete 	CONTRADICTION
2271	This example is Sci/Tech	Business India Los Angeles, Sep 24 : After months of wrangling, a consortium led by Sony Corp has signed a definitive deal to buy the famous Hollywood studio MGM, Xinhua reports.	CONTRADICTION
2272	This example is Sports	A surprising number of items on eBay are available for just one cent. So where is the profit? (Hint: Watch those shipping charges.)	CONTRADICTION
2273	This example is World	Four consumer electronics companies are moving into production of a new 64-bit chip for non-PC devices in a bid to address the next generation of broadband services piped into the home.	CONTRADICTION
2274	This example is Sports	The nation's cellular companies have agreed on a common standard for multimedia messaging that should enable mobile phone users to exchange photos, video and audio clips just as they do e-mail, regardless of their wireless carrier.	CONTRADICTION
2275	This example is Business	AFP - British pop music stars gathered at a studio in north London on Sunday for a re-recording of  quot;Do they Know its Christmas, quot; the hit song that raised money for famine-hit people in Ethiopia 20 years ago.	CONTRADICTION
2276	This example is Sci/Tech	TORONTO -- Last night, Doug Mientkiewicz was on call as the Red Sox' emergency catcher in case calamity befell Doug Mirabelli , raising the uncomfortable specter of the one-time minor league catcher trying to corral Tim Wakefield's knuckleball. He escaped that duty, serving only as a pinch runner and defensive replacement at first base for Kevin Millar in last night's ...	CONTRADICTION
2277	This example is Business	Google has announcing five new content partners and a massive scanning project that will bring millions of volumes of printed books into the Google Print database. 	CONTRADICTION
2278	This example is World	As far as keeping their customers satisfied, Web portals, search engines, and news and information sites in the U.S. continue to improve but still have work to do, according to a report released Tuesday.	CONTRADICTION
2279	This example is Business	Netflix and TiVo have signed an agreement to let TiVo subscribers access Netflix #39;s library of movies over broadband Internet connections, the two companies announced Thursday.	CONTRADICTION
2280	This example is World	LCOS technology sandwiches a layer of liquid crystal between a cover glass and a highly reflective, mirror-like surface patterned with pixels that sits on top of a silicon chip. These layers form a microdisplay that can be used in projection displays such ...	CONTRADICTION
2281	This example is Sports	Toshiba will provide replacements for defective parts used in some 650,000 notebook PCs.  quot;Under certain conditions and when used in combination with certain other components, quot; Toshiba says,  quot;the 	CONTRADICTION
2282	This example is Sci/Tech	Company cites weak Wall Street Journal ads, analysts predict weak results at other newspaper chains. NEW YORK (Reuters) - Dow Jones  amp; Co.	CONTRADICTION
2283	This example is Sports	A new digital authentication technique supplies forensic art experts with a new tool to distinguish paintings by masters from those by imitators, scientists say.	CONTRADICTION
2284	This example is Business	VIENTIANE : Myanmar Prime Minister Soe Win could not confirm reports that his government had extended democracy leader Aung San Suu Kyi #39;s period of house arrest by a year, Thailand #39;s prime minister said.	CONTRADICTION
2285	This example is Business	Explore powerful options available to mid-sized companies	CONTRADICTION
2286	This example is Business	As cell phones turn into mobile handheld data devices, companies are exploring ways to protect them from being hacked by a growing number of sophisticated viruses designed specifically to attack the wireless world.	CONTRADICTION
2287	This example is World	Blog Search Engine Adds MoBlog Search\\Blog Search Engine and IceRocket Search have partnered to bring cell phone pic blogs, or MoBlogs, into the search engine world with a new search feature which produces image results of the latest MoBlogs images available. Blog Search Engine has over 10,000 blogs indexed in ...	CONTRADICTION
2288	This example is World	The test program that allows pre-screened travelers to zip through airport security is being extended. The Registered Traveler Program had been scheduled to run for 90 days at each of five big airports.	CONTRADICTION
2289	This example is Sports	blinkx 2.0 with Smart Folders Available Today\\blinkx, today announced the release of blinkx 2.0, introducing the world's first Smart Folders and enhancing the functionality currently available to over 1 million users. blinkx, which is free to download at www.blinkx.com, changes the way consumers interact with information. blinkx reads the content ...	CONTRADICTION
2290	This example is Business	 Technology lobbying groups are stepping up their push for lawmakers to pass several pieces of legislation.	CONTRADICTION
2291	This example is Business	Gyroscopically balanced scooters have given disabled people a new grasp on mobility.	CONTRADICTION
2292	This example is Sports	The results for the current quarter came in slightly below expectations and the company sounded a note of caution on the global economy.	CONTRADICTION
2293	This example is Sports	Nokia (NYSE: NOK) announced that it has shipped its one millionth game deck globally since the sales of the N-Gage platform started eleven months ago.	CONTRADICTION
2294	This example is Sports	Canadian Press - KHARTOUM, Sudan (AP) - In a goodwill gesture on the eve of peace talks in Nigeria, Sudan said Sunday it will cut the number of paramilitary forces operating in Darfur by 30 per cent in a bid to ease tensions in the troubled region, where an 18-month conflict has claimed the lives of an estimated 30,000 people.	CONTRADICTION
2295	This example is Business	Sun adds several business partners to a plan to offer supercomputing centers that customers can pay to use according power consumed.	CONTRADICTION
2296	This example is World	Reuters - U.S. Food and Drug Administration\staff reviewers on Tuesday questioned clinical data for\non-Hodgkin's lymphoma drug Marqibo, made by Inex\Pharmaceuticals Corp. and Enzon Pharmaceuticals Inc..	CONTRADICTION
2297	This example is Business	A conference dedicated to online journalism explores the effect blogs have on news reporting. Some say they draw attention to under-reported stories. Others struggle to establish the credibility enjoyed by professionals.	CONTRADICTION
2298	This example is World	A synchrotron acts like a gigantic microscope that generates intense beams of brilliant light to view the microstructure of materials.	CONTRADICTION
2299	This example is Sci/Tech	Microsoft has introduced a package of tools, training and technical support designed to lure users away from Novell #39;s Netware, to Windows Server 2003.	CONTRADICTION
2300	This example is Sports	DreamWorks, Pixar and Disney have each rescheduled high-profile films in ways that could dramatically affect their earnings flow and status in 	CONTRADICTION
2301	This example is World	If you're under 40 and smoke, your risk of having a heart attack is significantly greater than someone your age who doesn't, a new study finds. According to the report, male smokers between the ages of 35 and 39 were almost five times as likely to have a nonfatal heart attack as were nonsmokers.	CONTRADICTION
2302	This example is Sports	Future of television is coming into focus, revealing new vistas for the industry--but also some zits.	CONTRADICTION
2303	This example is Business	The crude oil price, based on the average price package of seven market-monitored crudes, fell to 38.89 dollars a barrel last week, down 2.46 dollars of the price in the previous 	CONTRADICTION
2304	This example is Sports	TORONTO - The next phase of winning, after you #39;ve won at home and on the road, after you #39;ve blown out teams, captured nail-biters and overcome large fourth-quarter deficits, is to beat an opponent more than once.	CONTRADICTION
2305	This example is Business	The impact radio-frequency identification has throughout an entire supply chain is top of mind for a number of companies experimenting with the technology.	CONTRADICTION
2306	This example is Business	Juniper Networks is making a big push into SSL security. The company on Monday updated its NetScreen Secure Access SSL VPNsecurity appliance that further integrates it with end-point security software packages. Juniper also announced a new initiative with several companies to provide better security across a network.	CONTRADICTION
2307	This example is Business	Judging by yesterday #39;s trading action in shares of sporting goods and apparel company Russell (NYSE: RML) -- the shares were about flat on volume not terribly different than its recent 	CONTRADICTION
2308	This example is Sports	The PC industry is doing a better job of satisfying its US customers than in recent years, and improvements to technical support seem to have done the trick, according to the 	CONTRADICTION
2309	This example is World	Chip giant says it will move to new design by next year, but leaves many questions unanswered.	CONTRADICTION
2310	This example is Business	Radio Frequency Identification (RFID) is in news these days. And it is the middleware that gives meaning to the collection activity of radio frequency identification (RFID) readers, turning the data for usable purposes.	CONTRADICTION
2311	This example is World	Google Inc. has partnered with five of the world #39;s leading libraries, including those at Stanford and Harvard, to digitally scan their collections so that the books can be searched, and in many cases read, online free of charge.	CONTRADICTION
2312	This example is Sci/Tech	BT may be fined if found to have broken competition rules, Ofcom says, but BT says it has been cleared.	CONTRADICTION
2313	This example is Sports	On 14 December 2004, Google announced an agreement with five major libraries - those at Stanford, Harvard, the University of Michigan and Oxford, as well as the New York Public Library -o create digital copies of books that can be searched using 	CONTRADICTION
2314	This example is Business	The company expands its server software for creating slick interfaces for Web applications.	CONTRADICTION
2315	This example is Sci/Tech	Company debuts new products that let businesspeople shuttle data from databases to mobile gadgets.	CONTRADICTION
2316	This example is World	Major attacks have continued in recent days, including several apparent efforts to sow divisions between groups.	CONTRADICTION
2317	This example is Business	com October 21, 2004, 10:50 AM PT. A stolen copy of the latest sequel in one of the top-selling video game series of all time began circulating on the Web late Wednesday, the second high-profile game theft in a week.	CONTRADICTION
2318	This example is World	WASHINGTON -- A group of technology companies Tuesday renewed pressure on accounting rule makers to drop a stock-options expensing rule, unveiling an alternative that they say is easier and less expensive to adopt.	CONTRADICTION
2319	This example is Business	CUPERTINO, Calif. -- Downloading music continues to drive strong sales and revenue at Apple Computer as the Cupertino-based company announced Thursday that 150 million songs have been downloaded from its iTunes service.	CONTRADICTION
2320	This example is World	Canadian Press - ROSTOV-ON-DON, Russia (AP) - Hundreds of protesters ransacked and occupied the regional administration building in a southern Russian province Tuesday, demanding the resignation of the region's president, whose former son-in-law has been linked to a multiple slaying.	CONTRADICTION
2321	This example is Sci/Tech	Patients with degenerative disc disease in their spines may have an alternative to getting their vertebrae fused, which alleviates pain but limits motion.	CONTRADICTION
2322	This example is World	Although companies need to protect against the flaws, many of the related information security risks and costs could be removed if businesses forced vendors to test systems before rollout, according 	CONTRADICTION
2323	This example is Business	"Reuters - Brad Grey, executive producer of the\hit television show ""The Sopranos"" and chairman of a top\Hollywood talent management firm, has emerged as the leading\candidate to succeed Sherry Lansing as head of Viacom Inc.'s\(VIAb.N) Paramount Pictures, the Wall Street Journal reported\on Sunday."	CONTRADICTION
2324	This example is Sports	Lesa Martin and Jaunee Perry work for different school districts, but they have two things in common. Both women are dedicated teachers who strive to inspire and enrich the lives 	CONTRADICTION
2325	This example is World	Web sites have converted the mischievous idea of a few alumni into an odd form of futures market for betting on a college football coach's career.	CONTRADICTION
2326	This example is World	Sony plans to launch a new camcorder in November that can record and play back high-definition video. The device, part of the company #39;s Handycam line, records and plays back video with a resolution of 1,440 	CONTRADICTION
2327	This example is Sci/Tech	ATHENS, 20 August - Slovakian twins Pavol and Peter HOCHSCHORNER won their second consecutive gold medal in the Men #39;s C2. 	CONTRADICTION
2328	This example is Sports	The worldwide server market continued to expand in the second quarter, analyst firm IDC said in a report Friday that mirrored findings by Gartner Inc.	CONTRADICTION
2329	This example is World	By 2006 you will be able to watch television on your Nokia phone. Within two years as many as 20 different TV channels will be made available, Anssi Vanjoki, Nokia #39;s general manager of Multimedia, told the 	CONTRADICTION
2330	This example is Sports	Some shoddy reports trickling in Thursday night threw a wrench into an otherwise uneventful second-quarter earnings season for retailers. At least one analyst thinks its a harbinger, as consumers get cautious about spending money on anything that isn #39;t ...	CONTRADICTION
2331	This example is Business	RUPERT Murdoch has to win four key votes to shift The News Corporation Ltd to New York and into the S amp;P 500 share index. The votes of the Australian institutions - where the greatest opposition to the move resides - are critical in only one of the four.	CONTRADICTION
2332	This example is Business	Since April, baseball fans attending San Francisco Giants home games at SBC Park have enjoyed wireless internet access if they bring a portable computer with them.	CONTRADICTION
2333	This example is Sci/Tech	AP - The total cost of the Athens Olympics may exceed  #36;14.6 billion, according to Greece's 2005 budget submitted to parliament Thursday.	CONTRADICTION
2334	This example is Sports	Still in beta form, new browser allows you to view pages as they would appear in IE.	CONTRADICTION
2335	This example is World	A few months ago I wrote about Web browser hijacking. It #39;s a problem a lot of computer users are facing these days. You open your Internet Explorer, but instead of being directed to your homepage, you #39;re sent to some search engine you #39;ve never heard of.	CONTRADICTION
2336	This example is Business	Fifty new areas which will get special help in fighting anti-social behaviour are being named on Wednesday.	CONTRADICTION
2337	This example is Sports	New chip will cut the time required to transfer content onto those devices.	CONTRADICTION
2338	This example is World	The U.S. information tech sector lost 403,300 jobs between March 2001 and April 2004, and the market for tech workers remains bleak, according to a new report.	CONTRADICTION
2339	This example is World	Over the years, the ground has produced some of the most endearing moments between the two countries. In the 1969-70 series, the match produced a shoot-out between two of the best post-war 	CONTRADICTION
2340	This example is Sci/Tech	AP - The shares of e-commerce comparison site Shopping.com Ltd. surged 60 percent in their stock market debut Tuesday amid signs investors may have renewed affection for Internet companies.	CONTRADICTION
2341	This example is Sports	They're on a list, and they want to tell us all about it	CONTRADICTION
2342	This example is World	Enterprises are opening up to open source alternatives to commercial software, panelists said at the SDForum conference Open Source Entering the Mainstream, held in Santa Clara, Calif., last week.	CONTRADICTION
2343	This example is Sci/Tech	The BBC's teletext service, Ceefax, celebrates 30 years as tributes pour in from the worlds of news and sport.	CONTRADICTION
2344	This example is Business	Internet giant Yahoo is introducing new search engine tools that will enable users to create personal folders and share their favorite links with others.	CONTRADICTION
2345	This example is Sci/Tech	The following activities will take place in the area this week. Events are listed as space allows.	CONTRADICTION
2346	This example is World	With just six business days remaining in the current calendar quarter, it's easy to spot the investors holding lots of technology stocks. They're the ones holding their breath.	CONTRADICTION
2347	This example is Sports	3Com Corp. , a maker of switches for corporate data networks, and PC-Tel Inc. agreed to end patent-infringement lawsuits. Each agreed to license the other's modem-related patents that were part of the litigation, which began in March 2003. PC-Tel also will supply wireless software and antennas to 3Com. PC-Tel will record as revenue during this quarter \$3.2 million it had ...	CONTRADICTION
2348	This example is Sci/Tech	We try not to make assumptions, but can we all agree that Mariano Rivera's commute to work yesterday was a little bit easier and decidedly less stressful than the one the day before?	CONTRADICTION
2349	This example is Business	NCAA president Myles Brand is urging athletic directors to take a closer look at minority coaching candidates this year.	CONTRADICTION
2350	This example is Sports	It is with the greatest pleasure that I write to you today. Our successes of late have been many and profound, and your advice has helped further our cause immensely. As Our Father Below requested, I have compiled a list of our recent successes and victories. It is difficult to express in words how excited I am at our prospects. 	CONTRADICTION
2351	This example is Sci/Tech	I have developed a tool to assist in evaluating the effects of BPL on a radio receiving installation. The tool allows you to determine using your own Antenna and receiver installation parameters, the effect that BPL might have on your installation.	CONTRADICTION
2352	This example is Sports	Some advocates involved in the case were arguing that even though their legal argument may fail, the entertainment industry will actually win in the long run, as P2P networks will evolve, as 	CONTRADICTION
2353	This example is World	Soon you'll have the ability to pinpoint a car's or a person's location to within less than three inches using handheld devices.	CONTRADICTION
2354	This example is Business	In one fell swoosh. Nike (nyse: NKE - news - people ) said its President and Chief Executive Phil Knight, 66, will relinquish those posts.	CONTRADICTION
2355	This example is Sci/Tech	XM Satellite Radio Holdings Inc. will soon begin broadcasting some of its stations to subscribers over the Internet, fresh on the heels of the company #39;s discontinuation of a receiver for PCs that some users 	CONTRADICTION
2356	This example is Business	IBM aims to gain more gain insight and information in this arena, as many companies have implemented numerous content management systems.	CONTRADICTION
2357	This example is Business	AFP - The death toll from Russia's school hostage crisis climbed to at least 394 as grieving relatives prepared to bury the first victims while others sifted through overwhelmed morgues for their lost loved ones.	CONTRADICTION
2358	This example is Sci/Tech	Reuters - A Russian supply ship docked with the\International Space Station on Saturday, delivering food and\fuel to the two astronauts living there, mission control said.	CONTRADICTION
2359	This example is Sports	Pollen from a genetically modified grass has blown on the wind and pollinated other grasses up to 21 kilometres away, says a new study.	CONTRADICTION
2360	This example is World	Soon you could be using your mobile phone on flights as easily as you do on the High Street. A two-year investigation has shown that mobiles can be used on planes without interfering with navigation systems.	CONTRADICTION
2361	This example is Sports	IBM on Friday is scheduled to make available early versions of three grid-based technologies intended to help corporate and third-party developers better manage grid-based resources as a way to solve large and compute-intensive problems.	CONTRADICTION
2362	This example is World	Scientists have unearthed the remains of a perfectly preserved 130 million-year-old new species of dinosaur which provide a first-ever look at how the prehistoric creatures slept.	CONTRADICTION
2363	This example is Business	Microsoft has started to send out its latest major security patch to home PCs--but some people won #39;t get it for a while. 	CONTRADICTION
2364	This example is World	In a judicial blow to the entertainment industry, a federal appeals court ruled that makers of two leading file-sharing programs are not legally liable for the songs, movies and other copyright works their users swap online. 	CONTRADICTION
2365	This example is Sports	washingtonpost.com - Again this year, we offer the video-game shopper a cheat sheet identifying some of the top titles of the holiday season. Keep in mind that weird tastes abound and some are reflected on this list, which is culled from hundreds of games released in time for the holidays.	CONTRADICTION
2366	This example is Sports	Usually when a trade involving a high-priced player of a small market team gets consummated, there is generally the sense that the small market team is being taken advantage of.	CONTRADICTION
2367	This example is Business	New products include 802.11g/a cards for both notebooks and desktops.	CONTRADICTION
2368	This example is Sci/Tech	NewsFactor - Yahoo (Nasdaq: YHOO) is rolling out wireless search capabilities, extending the Internet portal's desktop services to the mobile masses and attempting to hold off the challenge from search-engine giant Google.	CONTRADICTION
2369	This example is Sci/Tech	TWO FILE SHARING companies have been told by a court that they are not liable for people in their networks swapping illegal content. 	CONTRADICTION
2370	This example is Business	Hackers take advantage of a flaw in various Microsoft programs that leaves PCs vulnerable to remote attacks. Security experts expect the threat to grow.	CONTRADICTION
2371	This example is Sports	One in five people using the new chip and pin credit and debit cards is still signing rather than using a pin number, research suggests.	CONTRADICTION
2372	This example is Business	As part of a crackdown on false and deceptive diet claims, the Federal Trade Commission sent letters to nine media companies yesterday, reminding them to stop publishing ads for bogus weight-loss products.	CONTRADICTION
2373	This example is Business	Under American encouragement and, in some cases, pressure, Israel has quietly taken steps aimed at strengthening the standing of Palestinian moderates.	CONTRADICTION
2374	This example is Sci/Tech	It was three plays that stood out like Howard Stern in a crowd of pre-schoolers. Three plays that made your eyes bulge and mouth flap in disbelief.	CONTRADICTION
2375	This example is Business	The Chandra telescope has seen huge gas clouds in space in the act of merging to form a massive galaxy cluster.	CONTRADICTION
2376	This example is Business	Some of the nations more than 8,000 mutual funds are shutting their doors, as their manag- ers confront a lackluster stock market, great- er regulatory scrutiny and higher costs.	CONTRADICTION
2377	This example is Sports	As infected images plant back doors on PCs, experts see possibility of virus too.	CONTRADICTION
2378	This example is Sci/Tech	By ALEX VEIGA    LOS ANGELES (AP) -- Despite evidence that sharing music and movies online remains popular, a report issued Tuesday by a committee of entertainment and university leaders says universities have made strides the past year to curtail online piracy.    The report, submitted to Congress by the Joint Committee of the Higher Education and Entertainment Communities, highlights steps taken by the universities to tackle Internet piracy but offers few details of their effectiveness...	CONTRADICTION
2379	This example is Sports	Link Exchange Scams\\Do you ever exchange links with other Web sites? I am sure most of you that do this, look to see if your links are actually on the pages that you exchanged with. In addition, I assume that you check to make sure that the links do not ...	CONTRADICTION
2380	This example is World	Reuters - African leaders put final touches\on a new, U.N.-backed peace plan for the troubled Great Lakes\countries on Saturday amid fresh allegations of gun-running,\abuse and violence in the vast, volatile region.	CONTRADICTION
2381	This example is Sports	A corporate executive goes on the lam after being charged with paying hackers to virtually rub out the competition.  	CONTRADICTION
2382	This example is Business	Now, of course, the question jumps right off the page: Is it possible for a player to continue to excel while plying his trade directly in front of a sign that compares him with the immortals of his industry?	CONTRADICTION
2383	This example is Sci/Tech	"By ELLEN SIMON    NEW YORK (AP) -- Need any proof that traditional media can send readers to the Web? Look no further than this week's Doonesbury.    The cartoon, which is in about 1,400 daily and Sunday newspapers and appears online at ""Slate,"" this week features character Mark Slackmeyer as Mr..."	CONTRADICTION
2384	This example is Sci/Tech	SAN FRANCISCO - Internet users are getting more Web browser choices. On the heels of a new Netscape preview release and the launch of Firefox 1.0, a U.K. company on Thursday released a Web browser it claims is more secure than Internet Explorer (IE) or Firefox.	CONTRADICTION
2385	This example is Sports	The new product incorporates commercial and open source networking platforms with integrated management tools and identity-based services.	CONTRADICTION
2386	This example is Sci/Tech	Katie Achille grew up with the Internet. She was 9 when she first tapped into it - and quickly became an avid e-mailer, Web surfer and sender of instant messages. But when recent computer troubles left her without regular Web access, something unexpected happened: To her surprise, she suddenly felt free.	CONTRADICTION
2387	This example is World	MediaCoat unlocks the potential for placing targeted advertising messages that are certain to be noticed on the play side of motion picture, music, gaming and software discs.	CONTRADICTION
2388	This example is World	After cutting trading commissions for bigger and moreactive customers in mid-June, Charles Schwab Corp. said Monday it will cut them for the rest of its customers effective Nov. 1. Schwab will reduce its standard online stock-trading commission from \$29.	CONTRADICTION
2389	This example is Business	Google Inc. is trying to establish an online reading room for five major libraries by scanning stacks of hard-to-find books into its widely used Internet search engine.	CONTRADICTION
2390	This example is World	ATHENS, Greece - With the quest to surpass Mark Spitz out of the way, Michael Phelps could savor one of the greatest races in swimming history. Phelps claimed his second and third gold medals of the Athens Games on Tuesday, winning the ...	CONTRADICTION
2391	This example is Sports	\Smoking killed almost 5 million people around the world in 2000, researchers have calculated.	CONTRADICTION
2392	This example is Business	For the first time, data were transferred in real time via mobile communication at a speed of one gigabit per second (Gbit/s), or 1,000 megabits per second (Mbit/s).	CONTRADICTION
2393	This example is Sports	The Mobile Security provides anti-virus and anti-spam protection for users of data-centric mobile phones and PDAs. Data-centric mobile devices, according to industry analysts, have become an attractive target 	CONTRADICTION
2394	This example is World	In a series of continuing twists, Microsoft has now announced that their Internet release of Service Pack 2 will be delayed in light of serious complaints from current users who have installed it. 	CONTRADICTION
2395	This example is Business	Q1 Labs this week plans to release the latest version of its flagship software as well as add-on software that the company says enables its security management tool to not only detect security issues but also prevent them.	CONTRADICTION
2396	This example is Business	Aug. 18 (Bloomberg) -- Road traffic to Nepal #39;s capital, Kathmandu, stopped as communist rebels began a blockade of the city to demand the release of insurgents, Reuters reported. 	CONTRADICTION
2397	This example is World	A race to pursue DNA-based indictments has made apparent that no matter how sophisticated the science of DNA, a genetic profile is less than half the battle.	CONTRADICTION
2398	This example is World	Do-it-yourself phishing kits are being made available for download free of charge from the internet, security watchers have warned. 	CONTRADICTION
2399	This example is Business	Goldman Sachs today posted a 30 percent jump in profit for its latest quarter, helped by strong growth across its segments.	CONTRADICTION
