textid	pair	text	label
0	This example is Sports	Madrid, Spain (Sports Network) - Real Madrid #39;s  #39;galacticos #39; dominated Sunday at the Bernabeu in a 5-0 demolition of Levante.	ENTAILMENT
1	This example is Sports	 DALLAS (Sports Network) - Dirk Nowitzki scored 25 points  and grabbed 10 rebounds as the Dallas Mavericks overcame an  early 17-point deficit for a 101-98 overtime victory against  Golden State at American Airlines Center.	ENTAILMENT
2	This example is Sports	Phoenix, AZ (Sports Network) - Quentin Richardson hit six of Phoenix #39;s 13 three-pointers on his way to a 26-point effort, as the Suns ran away from the Orlando Magic, 121-100, at America West Arena.	ENTAILMENT
3	This example is Sports	 ORLANDO, Fl. (Sports Network) - Hedo Turkoglu came off the  bench to contribute 19 points and Dwight Howard netted 15  points with 11 rebounds, leading the Orlando Magic over the  Dallas Mavericks, 94-84, at TD WaterHouse Center. Steve Francis  fell just shy of a triple-double, finishing with 16 points, 10  boards and nine assists while Grant Hill collected 17 points  with nine rebounds for Orlando, which handed the Mavericks  their first loss of the 2004 season.	ENTAILMENT
4	This example is Sports	 ORLANDO, Fl. (Sports Network) - Hedo Turkoglu came off the  bench to contribute 19 points and Dwight Howard netted 15  points with 11 rebounds, leading the Orlando Magic over the  Dallas Mavericks, 94-84, at TD WaterHouse Center. Steve Francis  fell just shy of a triple-double, finishing with 16 points, 10  boards and nine assists while Grant Hill collected 17 points  with nine rebounds for Orlando, which handed the Mavericks  their first loss of the 2004 season.	ENTAILMENT
5	This example is Sports	DALLAS (Sports Network) - Dirk Nowitzki scored 25 points and grabbed 10 rebounds as the Dallas Mavericks overcame an early 17-point deficit for a 101-98 overtime victory against Golden State at American Airlines Center.	ENTAILMENT
6	This example is Sports	(Sports Network) - Johan Santana continues his push for the American League Cy Young Award, as he takes the ball for the Minnesota Twins in the opener of a three-game series against the visiting Chicago White Sox.	ENTAILMENT
7	This example is Sports	CBC SPORTS ONLINE - Seattle Mariners outfielder Ichiro Suzuki is the new single-season singles king of Major League Baseball. Suzuki broke the 77-year-old record with his 199th single of the year.	ENTAILMENT
8	This example is Sports	Rotterdam, the Netherlands (Sports Network) - A top of the table clash between Schalke of the German Bundesliga and Dutch power Feyenoord highlights Matchday 4 of the UEFA Cup group stage.	ENTAILMENT
9	This example is Sports	COLUMBUS, Ohio (Sports Network) - Troy Smith threw for 241 yards and two touchdowns and ran for 145 yards and a score to lead the Ohio State Buckeyes to a 37-21 victory over No.	ENTAILMENT
10	This example is Sports	Cleveland, OH (Sports Network) - Jeff Garcia completed 15-of-24 passes for 180 yards, including a 46-yard touchdown pass to Quincy Morgan, leading Cleveland over Baltimore, 20-3, in the season-opener for both teams at Cleveland Browns Stadium.	ENTAILMENT
11	This example is Sports	CHAMPAIGN, Ill. (Sports Network) - Roger Powell Jr. scored 19 points and grabbed seven rebounds to lead fifth-ranked Illinois to a lopsided 91-73 win over No.	ENTAILMENT
12	This example is Sports	Indianapolis, IN (Sports Network) - Peyton Manning threw four touchdown passes and Mike Vanderjagt kicked a 35-yard field goal with two seconds remaining in the fourth quarter to give the Indianapolis Colts a 31-28 victory over the Minnesota Vikings at 	ENTAILMENT
13	This example is Sports	SPORTS NETWORK - Oakland Raiders offensive lineman Frank Middleton is expected to miss the remainder of the season because of a torn left quadriceps muscle that will require surgery.	ENTAILMENT
14	This example is Sports	 CHAMPAIGN, Ill. (Sports Network) - Roger Powell Jr. scored  19 points and grabbed seven rebounds to lead fifth-ranked  Illinois to a lopsided 91-73 win over No. 1 Wake Forest in the  ACC/Big Ten Challenge at Assembly Hall.	ENTAILMENT
15	This example is Sports	 NEW ORLEANS, La. (Sports Network) - New Orleans Hornets  center Jamaal Magloire is expected to be sidelined for up to  three months because of a dislocated right ring finger.	ENTAILMENT
16	This example is World	PC World - Here's a hands-on look at the moderately priced, multiformat DV-CP802.	ENTAILMENT
17	This example is Sports	Minneapolis, MN (Sports Network) - Gary Sheffield tied the game in the ninth inning with his second homer of the game and Hideki Matsui singled home Alex Rodriguez with the go-ahead run, as the New York Yankees rallied for a 13-10 victory over the ...	ENTAILMENT
18	This example is Sports	 AUBURN HILLS, Mich. (Sports Network) - Rasheed Wallace  racked up 23 points and 12 rebounds and five other Detroit  players scored in double-figures as the Pistons cruised to a  100-88 victory over Boston at the Palace at Auburn Hills.	ENTAILMENT
19	This example is Sports	(Sports Network) - Jerome Williams will take the mound for the first time in two months tonight, as the playoff-hopeful San Francisco Giants conclude their three-game series with the San Diego Padres at Petco Park.	ENTAILMENT
20	This example is Sports	Champaign, IL (Sports Network) - Taylor Stubblefield #39;s third touchdown catch of the day early in the fourth quarter sealed 15th-ranked Purdue #39;s 38-30 win over Illinois in the Big Ten opener for both schools at Memorial Stadium.	ENTAILMENT
21	This example is Sports	 EDEN PRAIRIE, Minn. (Sports Network) - Minnesota Vikings  wide receiver Randy Moss is listed as doubtful for Sunday's  game against the Jacksonville Jaguars with a right hamstring  injury.	ENTAILMENT
22	This example is Sports	Final Score: Connecticut 61, New York 51 New York, NY (Sports Network) - Nykesha Sales scored 15 points to lead Connecticut to a 61-51 win over New York in Game 1 of their best-of-three Eastern Conference Finals series at Madison Square Garden.	ENTAILMENT
23	This example is Sports	 MIAMI (Sports Network) - Frank Gore scored from one yard  out in the final minute to lift the third-ranked Miami  Hurricanes to a 41-38 victory over No. 18 Louisville in a  non-conference thriller at the Orange Bowl.	ENTAILMENT
24	This example is Sports	Alkmaar, the Netherlands (Sports Network) - Rangers #39; 16-match unbeaten run came to an end Thursday as it lost at AZ Alkmaar, 1-0, in a UEFA Cup encounter.	ENTAILMENT
25	This example is Sports	 AUBURN HILLS, Mich. (Sports Network) - Ron Artest scored 24  points, as Indiana defeated Detroit 97-82 in a game that was  stopped late in the fourth quarter due to a fight on the court  that spilled into the stands and included the fans.	ENTAILMENT
26	This example is Sports	Cleveland, OH (Sports Network) - LeBron James poured in a career-high 43 points to lead Cleveland to an easy 92-76 win over Detroit at Gund Arena.	ENTAILMENT
27	This example is Sports	(Sports Network) - The New York Knicks hope to get back to .500 this evening when they conclude a four-game road trip against the Dallas Mavericks at the AmericanAirlines Center.	ENTAILMENT
28	This example is Sports	(Sports Network) - Roger Clemens tries to win his seventh straight decision and possibly vault the Houston Astros into the lead in the National League wild card standings, as they go for a three-game sweep of the NL Central champion St.	ENTAILMENT
29	This example is Sports	Paris, France (Sports Network) - French favorite Sebastien Grosjean and three- time Roland Garros champion Gustavo Kuerten of Brazil will not play in next month #39;s Paris Masters due to injuries.	ENTAILMENT
30	This example is Sports	(Sports Network) - Dwyane Wade followed up his career-high 37-point effort on Monday night with 22 points and nine assists to lead the Miami Heat to a 103-93 victory over the Washington Wizards in the back end of a home-and-home set on Tuesday at 	ENTAILMENT
31	This example is Sports	KNOXVILLE, Tennessee (Sports Network) - Mike Goolsby #39;s interception return for a touchdown gave Notre Dame the lead and the Fighting Irish held on for a 17-13 win over ninth-ranked Tennessee at Neyland Stadium.	ENTAILMENT
32	This example is Sports	 ATHENS, Ga. (Sports Network) - David Greene threw a  school-record five touchdown passes to lift the No. 3 Georgia  Bulldogs to a 45-16 rout of the 13th-ranked LSU Tigers in a  Southeastern Conference matchup at Sanford Stadium.	ENTAILMENT
33	This example is Sports	(Sports Network) - The Heat suffered a 93-84 loss to the San Antonio Spurs on Friday night at the SBC Center. Shaquille O #39;Neal had 23 points and 21 rebounds for Miami, which played without star guard Dwyane 	ENTAILMENT
34	This example is Sports	(Sports Network) - Matt Ginter will get the start for an injured Victor Zambrano this afternoon when the New York Mets conclude their three-game series with the San Francisco Giants at SBC Park.	ENTAILMENT
35	This example is Sports	 ANAHEIM, Calif. (Sports Network) - The Anaheim Angels have  reportedly traded outfielder Jose Guillen to the  Washington-bound Expos in exchange for outfielder Juan Rivera  and a prospect.	ENTAILMENT
36	This example is Sports	(Sports Network) - Brad Miller had 26 points and nine rebounds and Peja Stojakovic chipped in 22 points to lead the Sacramento Kings to a 101-89 victory over the Denver Nuggets on Sunday.	ENTAILMENT
37	This example is Sports	(Sports Network) - The New York Yankees try to move one step closer to a division title when they conclude their critical series with the Boston Red Sox at Fenway Park.	ENTAILMENT
38	This example is Sports	(Sports Network) - The suddenly struggling Los Angeles Clippers attempt to put an end to a three-game skid tonight, when they battle the Minnesota Timberwolves at the Target Center.	ENTAILMENT
39	This example is Sports	(Sports Network) - The San Francisco Giants not only have wild card apsirations, but they can possibly win the NL West. San Francisco will play the middle contest of a three-game series versus the Los Angeles Dodgers today in southern California.	ENTAILMENT
40	This example is Sports	(Sports Network) - Los Angeles will try to win the NL West title tonight, while hampering San Francisco #39;s playoff chances, as the Dodgers and Giants open a three-game series at Dodger Stadium.	ENTAILMENT
41	This example is Sports	 EAST RUTHERFORD, N.J. (Sports Network) - The Toronto  Raptors have traded All-Star swingman Vince Carter to the New  Jersey Nets in exchange for center Alonzo Mourning, forward  Eric Williams, center/forward Aaron Williams and two first-  round draft picks.	ENTAILMENT
42	This example is Sports	San Francisco, CA (Sports Network) - Dustan Mohr dropped a fly ball with two outs and the bases loaded in the top of the 12th inning to allow two runs to score, and the New York Mets went on to defeat the San Francisco Giants 11-9 in the see-saw middle 	ENTAILMENT
43	This example is Sports	Anaheim, CA (Sports Network) - The Washington Nationals have signed free-agent first baseman Wil Cordero to a one-year contract, and also agreed to terms with outfielder Jeffrey Hammonds on a minor league deal with an invitation to spring training.	ENTAILMENT
44	This example is Sports	 INDIANAPOLIS, Ind. (Sports Network) - The Toronto Raptors  have traded All-Star swingman Vince Carter to the New Jersey  Nets in exchange for center Alonzo Mourning, forward Eric  Williams, center/forward Aaron Williams and two conditional  first-round draft picks. The trade cannot be announced until  the NBA approves it for salary-cap purposes.	ENTAILMENT
45	This example is Sports	(Sports Network) - The winless Golden State Warriors start a five-game road trip tonight, as they visit the undefeated Dallas Mavericks at American Airlines Center.	ENTAILMENT
46	This example is Sports	 COLUMBUS, Ohio (Sports Network) - Troy Smith threw for 161  yards and two touchdowns, leading the Ohio State Buckeyes to a  commanding 30-7 victory over the Indiana Hoosiers in Big Ten  action from Ohio Stadium.	ENTAILMENT
47	This example is Sports	(Sports Network) - The Colorado Rockies continue a four-game series versus the NL West-leading Los Angeles Dodgers tonight at Dodger Stadium.	ENTAILMENT
48	This example is Sports	Eindhoven, the Netherlands (Sports Network) - PSV Eindhoven will be without striker Jan Vennegoor of Hesselink for up to six weeks due to a shoulder injury.	ENTAILMENT
49	This example is Sports	SPORTS NETWORK - Tampa Bay Buccaneers defensive tackle Anthony McFarland is likely sidelined the rest of this season because of a torn triceps muscle.	ENTAILMENT
50	This example is Sports	 EAST RUTHERFORD, New Jersey (Sports Network) - Retired NBA  center and seven-time All- Star Alonzo Mourning is going to  give his playing career one more shot.	ENTAILMENT
51	This example is Sports	 MIAMI (Sports Network) - Frank Gore scored on an 18-yard  touchdown run in overtime, as No. 5 Miami-Florida outlasted  fourth-ranked and arch-rival Florida State, 16-10, at the  Orange Bowl in the season-opener for both teams.	ENTAILMENT
52	This example is Sports	(Sports Network) - The Detroit Pistons will try to avoid their first three- game losing streak of the season when they head to Madison Square Garden to battle the New York Knicks.	ENTAILMENT
53	This example is Sports	 LEXINGTON, Ky. (Sports Network) - Kelenna Azubuike poured  in a game-high 21 points, Shagari Alleyne added 11 points and  Kentucky rolled past Morehead State, 71-40, in non-conference  play at Rupp Arena.	ENTAILMENT
54	This example is Sports	WEST LAFAYETTE, Indiana (Sports Network) - Garrett Rivas kicked a 35-yard field goal with 2:45 left in the fourth quarter to lead 13th-ranked Michigan to a 16-14 win over No.	ENTAILMENT
55	This example is Sports	CBC SPORTS ONLINE - Free-agent first baseman Richie Sexson is the newest member of the Seattle Mariners. The four-year deal, which was contingent on Sexson passing a physical, was announced Wednesday and is reportedly worth \$10 million US per season.	ENTAILMENT
56	This example is Sports	 ST. LOUIS (Sports Network) - St. Louis Cardinals starting  pitcher Chris Carpenter is expected to miss the first round of  the playoffs next week with an injury to his right arm.	ENTAILMENT
57	This example is Sports	 NEW ORLEANS (Sports Network) - Dustin Almond passed for 299  yards with a touchdown and rushed for another score to lead the  Southern Mississippi Golden Eagles to a 31-10 victory over the  North Texas Mean Green in the New Orleans Bowl at the  Superdome.	ENTAILMENT
58	This example is Sports	 CHAPEL HILL, N.C. (Sports Network) - Rashad McCants scored  a game-high 28 points to lead No. 9 North Carolina over  eighth-ranked Kentucky, 91-78, as the nation's two winningest  programs battled at Dean Smith Center.	ENTAILMENT
59	This example is Sports	(Sports Network) - The Toronto Raptors continues its Western Conference road trip tonight when they play the Utah Jazz at the Delta Center.	ENTAILMENT
60	This example is Sports	COLUMBUS, Ohio (Sports Network) - Troy Smith threw for 161 yards and two touchdowns, leading the Ohio State Buckeyes to a commanding 30-7 victory over the Indiana Hoosiers in Big Ten action from Ohio Stadium.	ENTAILMENT
61	This example is Sports	Sports India, Cricket: Kolkata, Nov 27 : With the revocation of captain Sourav Ganguly #39;s two-match suspension, a resurgent Indian team is looking forward to the second and final Test against South Africa beginning at the Eden Gardens here Sunday.	ENTAILMENT
62	This example is Sports	(Sports Network) - The Toronto Blue Jays posted a blowout victory over the Oakland Athletics on Sunday afternoon. Gabe Gross hit his first career grand slam and Russ Adams added his first career homer in a 	ENTAILMENT
63	This example is Sports	New York, NY (Sports Network) - The one-year deal between Eddie Robinson and the New York Knicks is off after the free agent forward failed a physical.	ENTAILMENT
64	This example is Sports	 TOKYO (Sports Network) - Roger Clemens pitched four-plus  solid innings and David Ortiz had a two-run single to highlight  a three-run sixth inning, as the MLB All-Stars downed the  Japanese All-Stars, 7-2, at the Tokyo Dome.	ENTAILMENT
65	This example is Sports	 STARKVILLE, Miss. (Sports Network) - Lawrence Roberts  scored 19 points and pulled down 13 rebounds to lead  15th-ranked Mississippi State to a 66-52 victory over South  Alabama at Humphrey Coliseum.	ENTAILMENT
66	This example is Sports	(Sports Network) - Anaheim registered a narrow 2-1 win over the Cleveland Indians at Jacobs Field Sunday night. John Lackey pitched 7 1/3 solid innings to lead the Angels to the victory.	ENTAILMENT
67	This example is Sports	(Sports Network) - The Oakland Athletics try to strengthen their hold atop the American League West this evening when they start a four-game series with the Texas Rangers at the Coliseum.	ENTAILMENT
68	This example is Sports	 DENVER (Sports Network) - Carmelo Anthony of the Denver  Nuggets was cited for possession of marijuana before boarding a  team flight, but the star forward said the drug was left in his  bag by a friend.	ENTAILMENT
69	This example is Sports	(Sports Network) - Rashard Lewis scored 22 points to lead the Seattle SuperSonics to a 103-95 win over the Indiana Pacers at KeyArena.	ENTAILMENT
70	This example is Sports	(Sports Network) - Ryan Drese attempts win No. 15 this afternoon when the Texas Rangers conclude their three-game set with the Seattle Mariners at Ameriquest Field.	ENTAILMENT
71	This example is Sports	 SHAWNEE, Oklahoma (Sports Network) - Former heavyweight  champion Riddick Bowe is eyeing a return to the ring after  hanging up the gloves in 1996.	ENTAILMENT
72	This example is Sports	Lyon, France (Sports Network) - Lyon will head into the winter break on top of the Ligue 1 table and unbeaten after a 1-1 draw against Marseille Friday at the Stade Gerland.	ENTAILMENT
73	This example is Sports	Sports #39; highest court rejected an appeal from a South Korean gymnast on Thursday, ruling that Hamm is the rightful champion in the men #39;s all-around competition at the Athens Games.	ENTAILMENT
74	This example is Sports	KANSAS CITY, Mo. (Sports Network) - Adrian Peterson rushed for 171 yards and three scores, as the second-ranked Oklahoma Sooners likely punched their ticket to the Orange Bowl with a 42-3 pasting of the Colorado Buffaloes in the Big 12 championship game.	ENTAILMENT
75	This example is Sports	CBC SPORTS ONLINE - AC Milan striker Andriy Shevchenko was named the Ballon d #39;Or (Golden Ball) award winner on Monday as European soccer player of the year.	ENTAILMENT
76	This example is Sports	Miami, FL (Sports Network) - Frank Gore scored from one yard out in the final minute to lift the third-ranked Miami Hurricanes to a 41-38 victory over No.	ENTAILMENT
77	This example is Sports	Louisville, KY (Sports Network) - Stefan LeFors threw three touchdown passes to lead 12th-ranked Louisville to a 55-28 rout over TCU at Papa John #39;s Cardinal Stadium.	ENTAILMENT
78	This example is Sports	(Sports Network) - The Dallas Mavericks were knocked off by the Seattle SuperSonics, 107-102, at American Airlines Center. Dirk Nowitzki tallied 27 points and seven rebounds for the Mavs, who have dropped two of three.	ENTAILMENT
79	This example is Sports	Chicago, IL (Sports Network) - A two-run triple by JD Drew keyed a three-run rally in the top of the eighth inning as the Atlanta Braves eliminated the Chicago Cubs from playoff contention with an 8-6 comeback victory at Wrigley Field.	ENTAILMENT
80	This example is Sports	Lecce, Italy (Sports Network) - Alessandro Del Piero led Juventus to a 1-0 victory in the rain over Lecce Sunday. The win allowed Juve to maintain a six point cushion on top of the table.	ENTAILMENT
81	This example is Sports	Pro baseball: New York Yankees vs. Red Sox at Fenway Park, 7 p.m. College field hockey: Fairfield at Sacred Heart, 4 p.m.; Castleton St. at Becker, 4 p.m.; UMBC at Maine, 5 p.m.; Providence at UNH, 7 p.m.	ENTAILMENT
82	This example is Sports	(Sports Network) - The Reds begin a four-game set against the Chicago Cubs at Great American Ball Park today. Cincinnati will rely on righthander Josh Hancock to get the job done on the mound tonight.	ENTAILMENT
83	This example is Sports	ANN ARBOR, Michigan (Sports Network) - Braylon Edwards caught a 24-yard touchdown pass in the third overtime to lead 12th-ranked Michigan to a 45-37 win over Michigan State in Big Ten action at Michigan Stadium.	ENTAILMENT
84	This example is Sports	 PHOENIX (Sports Network) - Free agent third baseman Troy  Glaus is reportedly headed to the Arizona Diamondbacks.	ENTAILMENT
85	This example is Sports	Liverpool, England (Sports Network) - Antonio Nunez arrived at Liverpool Tuesday as part of the deal that sent Michael Owen to Spanish giant Real Madrid. 	ENTAILMENT
86	This example is Sports	 ORLANDO, Fla. (Sports Network) - Hedo Turkoglu came off the  bench to contribute 19 points and Dwight Howard netted 15  points with 11 rebounds, leading the Orlando Magic over the  Dallas Mavericks, 94-84, at TD WaterHouse Center.	ENTAILMENT
87	This example is Sports	St. Louis, MO (Sports Network) - John Carney #39;s 31-yard field goal 7:04 into overtime handed the New Orleans Saints a dramatic 28-25 victory over the St.	ENTAILMENT
88	This example is Sports	Munich, Germany (Sports Network) - Bayern Munich will try to avenge a 1-0 loss to Juventus from two weeks ago when it hosts the Italian side Wednesday in a Champions League Matchday 4 encounter.	ENTAILMENT
89	This example is Sports	CBC SPORTS ONLINE - Gary Sheffield of the New York Yankees underwent successful arthroscopic surgery on his left shoulder Tuesday.	ENTAILMENT
90	This example is Sports	Monaco, France (Sports Network) - Auxerre and its potent strike force of Benjani Mwaruwari and Bonaventure Kalou have a difficult challenge Sunday when they travel to Monaco for an important French Ligue 1 match.	ENTAILMENT
91	This example is Sports	(Sports Network) - The Suns fell in overtime to the Cleveland Cavaliers, 114-109, on Wednesday at Gund Arena. Shawn Marion paced six Phoenix players in double figures with 22 points and Quentin Richardson had 21.	ENTAILMENT
92	This example is Sports	 CHICAGO (Sports Network) - Peyton Manning threw four  touchdown passes and Edgerrin James ran for 204 yards with a  score, as the Indianapolis Colts rolled to a 41-10 victory over  the Chicago Bears at Soldier Field.	ENTAILMENT
93	This example is Sports	PHILADELPHIA (Sports Network) - Kyle Eckel rushed for a career-high 179 yards and a touchdown to lead the Navy Midshipmen to a 42-13 rout of the Army Black Knights in the 105th meeting of the storied rivalry between the service academies from Lincoln 	ENTAILMENT
94	This example is Sports	(Sports Network) - Two of the top teams in the American League tangle in a possible American League Division Series preview tonight, as the West-leading Oakland Athletics host the wild card-leading Boston Red Sox for the first of a three-game set at the 	ENTAILMENT
95	This example is Sports	(Sports Network) - The struggling Cleveland Indians try to halt a season-high eight-game losing streak tonight, as they host the New York Yankees in the second of a three-game series at Jacobs Field.	ENTAILMENT
96	This example is Sports	Syracuse, NY (Sports Network) - Syracuse junior point guard Billy Edelin has been granted the academic waiver petition by the NCAA, making him eligible to play immediately for the Orange.	ENTAILMENT
97	This example is Sports	Sapporo, Japan (Sports Network) - Daisuke Matsuzaka went the distance on a five-hitter to lead Japan to a 5-1 victory over the Major League Baseball All- Stars in the sixth of an eight-game exhibition series.	ENTAILMENT
98	This example is Sports	 PHOENIX (Sports Network) - Randy Johnson became the  all-time major league strikeout leader among left-handed  pitchers on a night he led the Arizona Diamondbacks to a 3-2  win over the Colorado Rockies in the third of a four- game set  at Bank One Ballpark.	ENTAILMENT
99	This example is Sports	 PHOENIX (Sports Network) - Randy Johnson became the  all-time major league strikeout leader among left-handed  pitchers on a night he led the Arizona Diamondbacks to a 3-2  win over the Colorado Rockies in the third of a four- game set  at Bank One Ballpark.	ENTAILMENT
100	This example is World	World News New York, Sep 24, : Sanjay Kumar, former CEO of New York-based software giant Computer Associates, has pleaded not guilty to charges of defrauding investors by fudging records.	ENTAILMENT
101	This example is Sports	(Sports Network) - Ichiro Suzuki will try to add to his new single-season hits record, as he takes the field for the Seattle Mariners in the middle test of a season-ending three-game series against the visiting Texas Rangers.	ENTAILMENT
102	This example is Sports	(Sports Network) - The Mariners will try to get back on the winning track tonight, when they battle the Anaheim Angels in the middle test of a three- game series.	ENTAILMENT
103	This example is Sports	CBC SPORTS ONLINE - Scott Gomez has headed home to Alaska to play some hockey during the lockout. Gomez, a 24-year-old Anchorage native, skated Monday with the Alaska Aces of the ECHL and could debut in Friday #39;s home opener against the San Diego Gulls.	ENTAILMENT
104	This example is Sports	(Sports Network) - The Anaheim Angels and Texas Rangers will continue their battle for the division crown this evening, as they continue a four-game series at Ameriquest Field.	ENTAILMENT
105	This example is Sports	Houston, TX (Sports Network) - JD Drew singled home Rafael Furcal with the go-ahead run in the top of the ninth and John Smoltz pitched out of a jam in the bottom of the inning, as the Atlanta Braves forced a decisive fifth game of the National League 	ENTAILMENT
106	This example is Sports	Houston, TX (Sports Network) - JD Drew singled home Rafael Furcal with the go-ahead run in the top of the ninth and John Smoltz pitched out of a jam in the bottom of the inning, as the Atlanta Braves forced a decisive fifth game of the National League 	ENTAILMENT
107	This example is Sports	SPACE.com -  quot;My heart stopped \  here on the ground. quot;\  -- Erik Lindbergh	ENTAILMENT
108	This example is Sports	Anaheim, CA (Sports Network) - Anaheim Angels outfielder Vladimir Guerrero was drilled on the left side of his head by a pitch from Mariners pitcher Ryan Franklin, forcing him out of Monday #39;s game in the first inning.	ENTAILMENT
109	This example is Sports	Lyon, France (Sports Network) - Juventus and French international striker David Trezeguet underwent surgery Tuesday on his injured left shoulder.	ENTAILMENT
110	This example is Sports	Southampton, England (Sports Network) - Southampton and manager Paul Sturrock have agreed to an amicable separation, effective immediately.	ENTAILMENT
111	This example is Sports	Liverpool, England (Sports Network) - Former English international and Liverpool great Emlyn Hughes passed away Tuesday from a brain tumor.	ENTAILMENT
112	This example is Sports	CBC SPORTS ONLINE - New York Yankees right-fielder Gary Sheffield will undergo arthroscopic shoulder surgery Tuesday. Sheffield, runner-up to Anaheim #39;s Vladimir Guerrero for most valuable player honours in 	ENTAILMENT
113	This example is Sports	Baltimore, MD (Sports Network) - The Baltimore Orioles have agreed to terms with veteran first baseman/designated hitter Rafael Palmeiro Wednesday to a one-year contract.	ENTAILMENT
114	This example is Sports	Las Vegas, NV (Sports Network) - Brian Grant had 22 points and Chris Mihm added 15, as the Los Angeles Lakers downed the Phoenix Suns, 111-103.	ENTAILMENT
115	This example is Sports	Los Angeles, CA (Sports Network) - Steve Finley #39;s two-run single capped a five-run ninth inning, leading the Los Angeles Dodgers to a 5-4 victory over the Colorado Rockies at Dodger Stadium in the second contest of a four-game series.	ENTAILMENT
116	This example is Sports	 NORMAN, Okla. (Sports Network) - True freshman Adrian  Peterson rushed for 183 yards and two touchdowns as the No. 2  Oklahoma Sooners downed the Oregon Ducks, 31-7, at Memorial  Stadium.	ENTAILMENT
117	This example is World	Reuters - EarthLink Inc. on Thursday\posted a higher third-quarter profit, helped by subscriber\growth, but it forecast revenue below analysts' consensus\target for the current quarter, which dragged down shares 9\percent.	ENTAILMENT
118	This example is Sports	Jacksonville, FL (Sports Network) - According to Tuesday #39;s edition of the Florida Times-Union, Jacksonville Jaguars starting quarterback Byron Leftwich will miss at least four weeks and perhaps the rest of the season with a left knee injury.	ENTAILMENT
119	This example is Sports	(Sports Network) - The New York Yankees will try to strengthen their hold on first place in the American league East this evening when they continue their three- game series with the Toronto Blue Jays at Yankee Stadium.	ENTAILMENT
120	This example is Sports	(Sports Network) - The Anaheim Angels will try to get back on the winning track and break an 18-inning scoreless drought when they open up a crucial three-game set against the Seattle Mariners tonight at Angel Stadium.	ENTAILMENT
121	This example is Sports	 PHILADELPHIA (Sports Network) - Offensive lineman Shawn  Andrews, Philadelphia's No. 1 draft pick this year, suffered a  fractured right leg in Sunday's game against the New York  Giants. Head coach Andy Reid said after the Eagles' 31-17  victory that Andrews will miss the rest of the season.	ENTAILMENT
122	This example is Sports	 OAKLAND, Calif. (Sports Network) - Texas Rangers second  baseman Alfonso Soriano left Thursday's 5-4 loss to Oakland  after he injured his left leg, and he might miss the rest of  the season.	ENTAILMENT
123	This example is Sports	STARKVILLE, Mississippi (Sports Network) - Jerious Norwood #39;s 37-yard touchdown run with 32 seconds remaining in the fourth quarter lifted Mississippi State to a shocking 38-31 victory over 20th-ranked Florida.	ENTAILMENT
124	This example is Sports	 COLUMBUS, Ohio (Sports Network) - Mike Nugent's 55-yard  field goal as time expired lifted the ninth-ranked Ohio State  Buckeyes to a dramatic 24-21 win over the pesky Marshall  Thundering Herd in the first-ever meeting between the teams.	ENTAILMENT
125	This example is Business	The story of Baiji power station, which can produce more electricity than any plant in Iraq, helps explain why power generation remains one of the most vexing reconstruction challenges in the country.	ENTAILMENT
126	This example is Business	BOMBAY -- For centuries, this city has been the citadel where Zoroastrianism, one of the world's oldest religions, has persevered in the face of overwhelming odds.	ENTAILMENT
127	This example is Sports	(Sports Network) - Curt Schilling will try to become the first pitcher in the major leagues to reach 19 wins, as he heads to the mound for the Boston Red Sox in the second test of a four-game series against the Seattle Mariners.	ENTAILMENT
128	This example is Sports	Brescia, Italy (Sports Network) - New acquisition Zlatan Ibrahimovic scored in his debut as Juventus dominated Brescia 3-0 Sunday.	ENTAILMENT
129	This example is Sports	 ANAHEIM, Calif. (Sports Network) - Anaheim Angels  outfielder Vladimir Guerrero was drilled on the left side of  his head by a pitch from Mariners pitcher Ryan Franklin,  forcing him out of Monday's game in the first inning.	ENTAILMENT
130	This example is Sports	(Sports Network) - The Los Angeles Lakers begin a season-high six-game homestand tonight against the Washington Wizards at the Staples Center.	ENTAILMENT
131	This example is Sports	Athens, Greece (Sports Network) - Greek weightlifter Leonidas Sampanis on Sunday was stripped of the bronze medal he won last week and banished from the Athens Games for failing an antidoping test.	ENTAILMENT
132	This example is Sports	(Sports Network) - Pedro Martinez will try to win his fourth consecutive decision, as he takes the hill for the Boston Red Sox in the middle test of a three-game series against the visiting Toronto Blue Jays. 	ENTAILMENT
133	This example is Sports	Minneapolis, MN (Sports Network) - The Minnesota Twins have come to terms with veteran pitcher Terry Mulholland on a minor league contract.	ENTAILMENT
134	This example is Sports	Philadelphia, PA (Sports Network) - Donovan McNabb threw four touchdown passes, including three to Terrell Owens, to lead the Philadelphia Eagles to a 31-17 victory over the New York Giants in the season-opener for both teams at Lincoln Financial Field.	ENTAILMENT
135	This example is Sports	 COLUMBUS, Ohio (Sports Network) - Troy Smith threw for 241  yards and two touchdowns and ran for 145 yards and a score to  lead the Ohio State Buckeyes to a 37-21 victory over No. 7  Michigan in the final game of the regular season for both  teams.	ENTAILMENT
136	This example is Sports	Athens, Greece (Sports Network) - Ellen Estes scored the game-winning goal with just 2:20 remaining, leading the United States women #39;s water polo team to a 6-5 victory over Australia in the bronze medal match Thursday.	ENTAILMENT
137	This example is Sports	DIVISION 1-AA POLL Balloting conducted by the Sports Network, with first-place votes in parentheses, records, total points and last week's ranking. W-L Pts LW 1. Southern Ill. (85) 5-1 2,620 1 2. Ga. Southern (17) 5-1 2,523 3 3. Delaware (1) 4-1 2,342 4 4. Western Ky. (2) 4-1 2,277 6 5. Montana 5-1 2,081 7 6. Wofford 4-1 1,932 ...	ENTAILMENT
138	This example is Sports	 CHAMPAIGN, Ill. (Sports Network) - Luther Head had a  game-high 17 points and Dee Brown added 15 along with nine  assists as top-ranked Illinois cruised to a 78-59 victory over  in-state foe Chicago State at Assembly Hall.	ENTAILMENT
139	This example is Sports	New York, NY (Sports Network) - Great Britain #39;s Paula Radcliffe captured the New York City marathon in the closest-ever women #39;s finish in the history of the race, while Hendrik Ramaala of South Africa won the men #39;s side.	ENTAILMENT
140	This example is Sports	(Sports Network) - Barry Zito has been in excellent form over his last few starts, and the Oakland Athletics need him to continue in that direction tonight when they battle the Texas Rangers in the middle test of an important three-game series at 	ENTAILMENT
141	This example is Sports	 NORMAN, Okla. (Sports Network) - Jason White completed  29-of-35 passes for 383 yards and three touchdowns as No. 2  Oklahoma dominated Nebraska, 30-3, in Big 12 action at Memorial  Stadium.	ENTAILMENT
142	This example is World	WORLD Trade Organisation (WTO) members have finally established a framework for negotiations to conclude the Doha Round. This is good news.	ENTAILMENT
143	This example is Sports	SPORTS NETWORK - Chicago Bears Pro Bowl linebacker Brian Urlacher is sidelined 4-6 weeks because of a lower left leg injury. Urlacher, 26, hurt the leg during Sunday #39;s 19-17 overtime win at Tennessee and underwent 	ENTAILMENT
144	This example is Sports	(Sports Network) - Jose Contreras tries to stay perfect in a Chicago uniform this evening when the White Sox continue their three-game set against the Detroit Tigers at US Cellular Field. 	ENTAILMENT
145	This example is Sports	(Sports Network) - The Yankees will try to get back on the winning track this afternoon, when they try to avoid a three-game sweep at the hands of the Baltimore Orioles at Yankee Stadium.	ENTAILMENT
146	This example is Sports	 LOS ANGELES (Sports Network) - The Los Angeles Clippers  placed rookie guard Shaun Livingston on the injured list  Tuesday with a dislocated right kneecap.	ENTAILMENT
147	This example is Sports	(Sports Network) - The Toronto Blue Jays look to rebound from a tough loss as they host the New York Yankees for the third of a four-game set at SkyDome.	ENTAILMENT
148	This example is Sports	 ALAMEDA, Calif. (Sports Network) - Oakland Raiders  quarterback Rich Gannon is expected to be sidelined for at  least six weeks after sustaining fractured vertebrae in his  neck.	ENTAILMENT
149	This example is Sports	Raleigh, NC (Sports Network) - Julius Hodge scored 22 points and pulled down eight rebounds to lead 16th-ranked North Carolina State to a 60-53 victory over Purdue in the ACC/Big Ten Challenge at the RBC Center.	ENTAILMENT
150	This example is Sports	Bronx, NY (Sports Network) - The Toronto Blue Jays activated pitcher Roy Halladay from the 15-day disabled list and he is expected to start Tuesday #39;s game against the New York Yankees.	ENTAILMENT
151	This example is Sports	 MIAMI (Sports Network) - The Florida Marlins have signed  pitcher Al Leiter to a one-year contract, one day after the New  York Mets decided not to offer the lefthander arbitration.	ENTAILMENT
152	This example is World	World News, HO CHI MINH CITY, A United Airlines plane has landed in Vietnam #39;s Ho Chi Minh City, the first commercial American airliner to fly to the country since the Vietnam War.	ENTAILMENT
153	This example is Sports	(Sports Network) - The San Antonio Spurs begin a stretch of five road contests in six games this evening, when they tangle with the Atlanta Hawks at Philips Arena.	ENTAILMENT
154	This example is Sports	 CHARLOTTE, N.C. (Sports Network) - LeBron James, playing  his first game since suffering a facial fracture, scored a  game-high 26 points, grabbed eight rebounds and dished out six  assists to lead Cleveland to a 94-83 win over the Bobcats at  Charlotte Coliseum.	ENTAILMENT
155	This example is Sports	 NEW YORK, (Sports Network) - The New York Yankees and New  York Mets swapped lefthanded relievers on Friday, with the  Yankees shipping Felix Heredia across the East River in  exchange for Mike Stanton and cash considerations.	ENTAILMENT
156	This example is Sports	SPORTS NETWORK - New York Jets quarterback Chad Pennington suffered a rotator cuff injury during Sunday #39;s game against the Buffalo Bills and is expected to miss the next two to four weeks.	ENTAILMENT
157	This example is Sports	Oakland, CA (Sports Network) - Bartolo Colon hurled seven shutout innings of three-hit ball as the Anaheim Angels drew first blood in this three-game series for the American League West title with a 10-0 victory over the Oakland Athletics at Network 	ENTAILMENT
158	This example is Sports	(Sports Network) - The Utah Jazz and Denver Nuggets play the first of a home- and-home set tonight, as the squad meet at the Pepsi Center.	ENTAILMENT
159	This example is Sports	Sports India, Cricket Southampton, Sep 22 : The West Indies Wednesday beat Pakistan by seven wickets in the second semi-final to set up the title clash with England in the Champions Trophy Saturday.	ENTAILMENT
160	This example is Sports	 KANSAS CITY, Mo. (Sports Network) - Kansas City Chiefs  running back Priest Holmes is listed as doubtful for Sunday's  game against New Orleans because of a knee injury.	ENTAILMENT
161	This example is Sports	 ANN ARBOR, Mich. (Sports Network) - Dion Harris dropped in  a game-high 24 points in helping to lead the Michigan  Wolverines to a 69-60 victory over the Colorado Buffaloes in  the second round of the Preseason NIT from Crisler Arena.	ENTAILMENT
162	This example is Sports	Bronx, NY (Sports Network) - Johan Santana threw seven shutout innings and Jacque Jones homered to lead the Minnesota Twins to a 2-0 victory over New York in the opener of a best-of-five American League Division Series at Yankee Stadium.	ENTAILMENT
163	This example is Sports	Listen up sports fans, ESPN #39;s about to bring its news, stats, scores, and video - to cell phones. The Disney-owned cable TV powerhouse has inked a deal with Sprint to launch the first ESPN-branded cell phone.	ENTAILMENT
164	This example is Sports	Salt Lake City, UT (Sports Network) - Lee Nailon finished with 16 points, hitting a pair of free throws to put the Hornets ahead with 1:42 remaining, lifting New Orleans to its first win of the season, 76-75, over the Utah Jazz at the Delta Center.	ENTAILMENT
165	This example is Business	PHILADELPHIA - Larry Bowa #39;s fiery personality was a perfect fit as a player on Philadelphia #39;s 1980 championship team. It was too much for the Phillies he managed, though, and it was one reason he was fired 	ENTAILMENT
166	This example is Sports	Madrid, Spain (Sports Network) - Villarreal midfielder Marcos Senna was suspended Thursday by UEFA after failing a drug test back in August.	ENTAILMENT
167	This example is Sports	 TORONTO (Sports Network) - Toronto Raptors All-Star  swingman Vince Carter was placed on the injured list Friday  after tests revealed a mild strain of his left Achilles'  tendon.	ENTAILMENT
168	This example is Sports	 TORONTO (Sports Network) - Toronto Raptors All-Star  swingman Vince Carter was placed on the injured list Friday  after tests revealed a mild strain of his left Achilles'  tendon.	ENTAILMENT
169	This example is Sports	Bologna, Italy (Sports Network) - Czech striker Pavel Nedved scored off a free kick in the 86th minute Sunday to give Juventus a 1-0 win at Bologna.	ENTAILMENT
170	This example is Sports	East Rutherford, NJ (Sports Network) - Dwyane Wade paced a balanced attack with 21 points and Shaquille O #39;Neal added 16 in his Heat debut, leading Miami to an easy 100-77 win over the New Jersey Nets at the Meadowlands.	ENTAILMENT
171	This example is Sports	Prague, Czech Republic (Sports Network) - Juventus star and Czech national team captain Pavel Nedved will sit out international matches until he completely recovers from a knee injury, even though he is still playing for his club team Juventus.	ENTAILMENT
172	This example is Sports	 ORCHARD PARK, N.Y. (Sports Network) - Jeff Reed kicked five  field goals and James Harrison returned a fumble for a  touchdown, as the Pittsburgh Steelers completed the best season  in franchise history and knocked the Buffalo Bills out of  playoff contention with a 29-24 victory at Ralph Wilson  Stadium.	ENTAILMENT
173	This example is Sports	CBC SPORTS ONLINE - The Buffalo Sabres agreed to terms with former first-round draft choice Thomas Vanek on Friday. The Sabres signed the left-winger, the fifth overall selection in the 2003 NHL Entry Draft, to a three-year entry-level contract.	ENTAILMENT
174	This example is Sports	 HOUSTON (Sports Network) - The Houston Rockets exercised  the fourth-year option on center Yao Ming's contract on  Thursday.	ENTAILMENT
175	This example is Sports	 NEW YORK, (Sports Network) - Minnesota Vikings quarterback  Daunte Culpepper is ahead of all players in voting for the 2005  Pro Bowl, while Philadelphia's Donovan McNabb is one of three  Eagles in the top-10.	ENTAILMENT
176	This example is Sports	Sports India, Cricket: London, Nov 16 : New Zealand barrister Tim Castle was Tuesday appointed to hear India captain Sourav Ganguly #39;s appeal against his two-Test suspension, the International Cricket Council (ICC) announced here.	ENTAILMENT
177	This example is Sports	Mallorca, Spain (Sports Network) - Simon Khan stands at five-under par through 13 holes and holds a share of the lead during the first round of the Mallorca Classic.	ENTAILMENT
178	This example is Sports	CBC SPORTS ONLINE - Roy Halladay was determined to end a difficult season on a high note. The Toronto Blue Jays #39; ace was back in his Cy Young form, throwing eight innings of one-run ball in a 4-2 victory over the New York Yankees on Saturday afternoon.	ENTAILMENT
179	This example is Sports	 CHICAGO (Sports Network) - The Chicago Cubs Thursday  declined to pick up the 2005 options on outfielder Moises Alou  and second baseman Mark Grudzielanek, making the two veterans  free agents.	ENTAILMENT
180	This example is Sports	(Sports Network) - The Tampa Bay Devil Rays are trying to close out what could be the most successful season in franchise history, as they host the Kansas City Royals in the rubber match of a three-game series today at Tropicana Field.	ENTAILMENT
181	This example is Sports	Madrid, Spain (Sports Network) - Real Madrid #39;s powerful offense was held in check during a scoreless draw with Villarreal Sunday.	ENTAILMENT
182	This example is Sports	Athens, Greece (Sports Network) - Alexandre Despatie of Canada was the top qualifier as he moved into the semifinals of the men #39;s 3-meter springboard diving competition on Monday.	ENTAILMENT
183	This example is Sports	Chicago, IL (Sports Network) - Tony Parker scored 17 points and had five assists to lead a balanced San Antonio attack that handed the Spurs a 91-75 victory over the Chicago Bulls at the United Center.	ENTAILMENT
184	This example is Sports	 SOUTH BEND, Indiana (Sports Network) - True freshman Darius  Walker ran for 115 yards and a pair of fourth-quarter  touchdowns, leading Notre Dame to a 28-20 victory over  eighth-ranked Michigan at Notre Dame Stadium.	ENTAILMENT
185	This example is Sports	Amsterdam, the Netherlands (Sports Network) - Ajax defender Hatem Trabelsi finally ended his holdout by signing a new two-year contract on Friday.	ENTAILMENT
186	This example is Sports	Lyon, France (Sports Network) - Olympique Lyon #39;s start to the season could not have been much better, until it came to a screeching halt Saturday in a French Ligue 1 match against Strasbourg.	ENTAILMENT
187	This example is Sports	Cincinnati, OH (Sports Network) - The Cincinnati Reds have scheduled a press conference for 4 pm (et) today, at which time the club is expected to announce that shortstop Barry Larkin will not be re-signed.	ENTAILMENT
188	This example is Sports	Cincinnati, OH (Sports Network) - The Cincinnati Reds have scheduled a press conference for 4 pm (et) today, at which time the club is expected to announce that shortstop Barry Larkin will not be re-signed.	ENTAILMENT
189	This example is Sports	Minneapolis, MN (Sports Network) - Minnesota Vikings wide receiver Randy Moss was in the starting lineup during Sunday #39;s 20-3 victory over the Tennessee Titans despite having a hamstring injury, but the All-Pro was removed from the game after the team #39;s 	ENTAILMENT
190	This example is Sports	Munich, Germany (Sports Network) - Bayern Munich will be without striker Roque Santa Cruz for up to six weeks due to knee surgery.	ENTAILMENT
191	This example is Sports	 MAUI, Hawaii (Sports Network) - Jeff Horner scored 18  points and Pierre Pierce added 16, as Iowa knocked off  12th-ranked Louisville, 76-71, in the opening round of the Maui  Invitational at the Lahaina Civic Center.	ENTAILMENT
192	This example is Sports	(Sports Network) - The Florida Marlins continue their pursuit of the National League wild card spot, as they continue a five-game series against the Montreal Expos.	ENTAILMENT
193	This example is Sports	(Sports Network) - The Florida Marlins continue their pursuit of the National League wild card spot, as they continue a five-game series against the Montreal Expos.	ENTAILMENT
194	This example is Sports	 NEW YORK (Sports Network) - The New York Jets and  quarterback Chad Pennington are close to a deal that would make  the quarterback the highest- paid player in franchise history.	ENTAILMENT
195	This example is Sports	 ATLANTA (Sports Network) - The Atlanta Braves have acquired  standout righthander Tim Hudson from the Oakland Athletics in  exchange for outfielder Charles Thomas, right-handed pitcher  Juan Cruz and left-handed pitcher Dan Meyer.	ENTAILMENT
196	This example is Sports	CBC SPORTS ONLINE - Tiger Woods is on the verge of winning his first stroke-play golf tournament in over a year. Woods fired a 5-under-par 65 Saturday to stretch his commanding lead to 10 strokes after three 	ENTAILMENT
197	This example is Sports	Muncie, IN (Sports Network) - Randy Holcomb #39;s tip-in at the final buzzer enabled Indiana to record an 85-84 victory over Washington in the preseason opener for both teams at Ball State University #39;s Worthen Arena.	ENTAILMENT
198	This example is Sports	 PHILADELPHIA (Sports Network) - Kyle Eckel rushed for a  career-high 179 yards and a touchdown to lead the Navy  Midshipmen to a 42-13 rout of the Army Black Knights in the  105th meeting of the storied rivalry between the service  academies from Lincoln Financial Field.	ENTAILMENT
199	This example is Sports	CBC SPORTS ONLINE - Ottawa Senators right-winger Marian Hossa is joining younger brother Marcel and Slovak countryman Rastislav Pavlikovsky with Mora of the Swedish Elite League.	ENTAILMENT
200	This example is Sports	CBC SPORTS ONLINE - John Smoltz will open Spring Training 2005 in the Atlanta Braves #39; rotation and armed with a new contract. General manager John Schuerholz spent a busy Thursday coming to terms on a two-year pact with his former closer.	ENTAILMENT
201	This example is Sports	 WINSTON-SALEM, North Carolina (Sports Network) - Xavier  Beitia's 22-yard field goal with 1:03 left to play lifted  fifth-ranked Florida State to a 20-17 victory over Atlantic  Coast Conference rival Wake Forest at Groves Stadium.	ENTAILMENT
202	This example is Sports	(Sports Network) - The Seattle Mariners host the Tampa Bay Devil Rays tonight in the the middle contest of a three-game set at Safeco Field.	ENTAILMENT
203	This example is Sports	(Sports Network) - The Dodgers will try to win their three-game series against arch-rival San Francisco and increase their narrow 1 1/2-contest lead in the standings today at SBC Park.	ENTAILMENT
204	This example is Sports	 NEW YORK (Sports Network) - New York Yankees outfielder  Gary Sheffield will have arthroscopic surgery Tuesday on his  ailing left shoulder.	ENTAILMENT
205	This example is Sports	 WASHINGTON (Sports Network) - Dwyane Wade continued his hot  start to the 2004-05 campaign with a career-high 37 points, as  the Miami Heat improved to 3-0 on the young season with a  118-106 win over the Washington Wizards.	ENTAILMENT
206	This example is World	PC World -  #36;300 Cyber-shot squeezes high-end performance into its small package.	ENTAILMENT
207	This example is Sports	 ANAHEIM, Calif. (Sports Network) - Anaheim Angels  outfielder Vladimir Guerrero was drilled on the left side of  his head by a pitch from Mariners pitcher Ryan Franklin,  forcing him out of Monday's 5-2 win in the first inning.	ENTAILMENT
208	This example is Sports	CBC SPORTS ONLINE - Soccer legend Diego Maradona will return to Cuba to continue his drug rehabilitation with the permission of a federal judge.	ENTAILMENT
209	This example is Sports	 HATTIESBURG, Miss. (Sports Network) - Thomas Decod blocked  a potential game-tying point after touchdown and Wendell Hunter  returned it for a two-point conversion as fourth-ranked  California hung on for a 26-16 win over Southern Mississippi at  M.M. Roberts Stadium.	ENTAILMENT
210	This example is Sports	(Sports Network) - The anticipation has been building for a year, and finally tonight the rematch will begin, as the Boston Red Sox battle the New York Yankees in Game 1 of the American League Championship Series.	ENTAILMENT
211	This example is Sports	Birmingham, England (Sports Network) - Aston Villa striker Darius Vassell will be out for an  quot;extended period quot; due to a fractured ankle.	ENTAILMENT
212	This example is Sports	Indianapolis, IN (Sports Network) - Josh Scobee hit a 53-yard field goal with 38 seconds left and Byron Leftwich threw for 300 yards and two touchdowns, as Jacksonville defeated Indianapolis 27-24 at the RCA Dome.	ENTAILMENT
213	This example is Sports	(Sports Network) - The Washington Wizards lost to the Dallas Mavericks, 122-113, on Sunday at the MCI Center. Antawn Jamison netted 23 points and grabbed nine boards for the Wizards, who have dropped four of their last five contests.	ENTAILMENT
214	This example is Sports	 ALAMEDA, Calif. (Sports Network) - Oakland Raiders wide  receiver Ronald Curry suffered a torn left Achilles' tendon  during Sunday's loss to Kansas City and will miss the remainder  of the season.	ENTAILMENT
215	This example is Sports	 IOWA CITY, Iowa (Sports Network) - Drew Tate completed  15-of-24 passes for 186 yards with three touchdowns and three  interceptions to lead No. 17 Iowa over ninth-ranked Wisconsin,  30-7, in the regular season finale for both squads with the Big  Ten championship on the line at Kinnick Stadium.	ENTAILMENT
216	This example is Sports	Kansas City, MO (Sports Network) - New York Yankees first baseman Jason Giambi will make his first appearance since late July, as the former American League MVP was inserted in the starting lineup for Tuesday night #39;s game against the Kansas City Royals at 	ENTAILMENT
217	This example is Sports	(Sports Network) - The Minnesota Twins will try to lock up their third consecutive AL Central title tonight, when they begin a three-game set against the second-place Chicago White Sox at US Cellular Field.	ENTAILMENT
218	This example is Sports	CBC SPORTS ONLINE - Corey Dillon rushed for a pair of touchdowns as the visiting New England Patriots clipped the Kansas City Chiefs 27-19 before a crowd of 78,431 at Arrowhead Stadium on Monday.	ENTAILMENT
219	This example is Sports	 PHILADELPHIA (Sports Network) - Eric Williams scored 17  points on 7-of-10 shooting from the field to lead sixth-ranked  Wake Forest to a 67-64 win over Temple at the Liacouras Center.	ENTAILMENT
220	This example is Sports	Barcelona, Spain (Sports Network) - Real Madrid coach Jose Antonio Camacho tried to shake things up with some major changes to his lineup.	ENTAILMENT
221	This example is Sports	 EAST RUTHERFORD, N.J. (Sports Network) - New York Giants  safety Shaun Williams was placed on injured reserve Wednesday  due to a left knee injury.	ENTAILMENT
222	This example is Sports	 KANSAS CITY, Mo. (Sports Network) - Kansas City Chiefs  running back Priest Holmes will miss the remainder of the  season after being placed on injured reserve Thursday.	ENTAILMENT
223	This example is Sports	Pittsburgh, PA (Sports Network) - Carlos Zambrano tossed 7 1/3 shutout innings to lead the Chicago Cubs to a 1-0 victory over the Pittsburgh Pirates in the middle contest of a three-game set at PNC Park.	ENTAILMENT
224	This example is Sports	(Sports Network) - The Detroit Pistons try to get back on the winning track this evening when they start a brief two-game road trip against the Memphis Grizzlies at FedExForum.	ENTAILMENT
225	This example is Sports	 DALLAS (Sports Network) - John Lucas poured in a game-high  24 points to lead No. 6 Oklahoma State over SMU, 76-57, at  Moody Coliseum.	ENTAILMENT
226	This example is Sports	New Orleans, LA (Sports Network) - Tampa Bay quarterback Chris Simms left in the first quarter of Sunday #39;s game against New Orleans with a left shoulder injury.	ENTAILMENT
227	This example is Sports	New Orleans, LA (Sports Network) - Kansas City Chiefs running back Priest Holmes missed Sunday #39;s 27-20 loss to New Orleans with a knee injury.	ENTAILMENT
228	This example is Sports	 Miami, Fla. (Sports Network) - Miami Dolphins head coach  Dave Wannstedt has officially named Jay Fiedler the starting  quarterback for Sunday's season opener against the Tennessee  Titans.	ENTAILMENT
229	This example is Sports	CBC SPORTS ONLINE - Carlos Delgado and Vernon Wells provided the Toronto Blue Jays with a lethal 1-2 punch Sunday at SkyDome. Carlos Delgado had three hits and Vernon Wells hit a home run, as the Jays beat 	ENTAILMENT
230	This example is Sports	 NEW YORK (Sports Network) - Johan Santana threw seven  shutout innings and Jacque Jones homered to lead the Minnesota  Twins to a 2-0 victory over New York in the opener of a  best-of-five American League Division Series at Yankee Stadium.	ENTAILMENT
231	This example is Sports	 ATLANTA (Sports Network) - The Atlanta Hawks waived center  Jelani McCoy Tuesday and activated guard Royal Ivey from the  injured list.	ENTAILMENT
232	This example is World	World #39;s No.1 retailer makes half-million dollar contribution to help defeat a state ballot measure. LOS ANGELES (Reuters) - Wal-Mart Stores Inc.	ENTAILMENT
233	This example is Sports	New York, NY (Sports Network) - The NBA has decided to postpone the pre-season game the Utah Jazz were scheduled to play in Russia because of security concerns.	ENTAILMENT
234	This example is Sports	 JACKSONVILLE, Fla. (Sports Network) - Jacksonville Jaguars  quarterback Byron Leftwich expects to be back in the starting  lineup this week when his team travels to Minnesota to take on  the Vikings.	ENTAILMENT
235	This example is Sports	St. Andrews, Scotland (Sports Network) - Luke Donald shot a four-under 68 on Saturday to move into the lead after the third round of the dunhill links championship.	ENTAILMENT
236	This example is Sports	One thing that the Olympics have always provided is that hardy perennial known as the  quot;feel-good story. quot; The sort of story in which, against all odds--and with undeniable drama--the farm boy from Iowa who grew up with rickets in one leg ...	ENTAILMENT
237	This example is Sports	Sports India, Cricket: Faisalabad, Oct. 21 : Pakistan scored 256 for the loss of eight wickets on the second day of the Faisalabad test.	ENTAILMENT
238	This example is Sports	 KANSAS CITY, Mo., (Sports Network) - Kansas City Chiefs  quarterback Trent Green is listed as questionable for Sunday's  game against the Oakland Raiders with bruises to his ribs and  hip.	ENTAILMENT
239	This example is Sports	New Orleans, LA (Sports Network) - Tampa Bay quarterback Chris Simms left in the first quarter of Sunday #39;s win against New Orleans with a left shoulder injury.	ENTAILMENT
240	This example is Sports	(Sports Network) - Tracy McGrady scored a game-high 25 points and added six rebounds to lead the Houston Rockets over the Atlanta Hawks, 92-69, on Wednesday at the Toyota Center.	ENTAILMENT
241	This example is Sports	MAUI, Hawaii (Sports Network) - Taquan Dean poured in a game-high 30 points and Francisco Garcia added 16 points to lead 12th-ranked Louisville over Stanford, 82-67, in the fifth place game of the Maui Invitational at the Lahaina Civic Center.	ENTAILMENT
242	This example is Sports	 CHICAGO (Sports Network) - Luther Head scored 23 points on  8-of-10 shooting to lead top-ranked Illinois to an 83-66  victory over Oregon at the United Center. Deron Williams added  17 points and seven assists in the victory.	ENTAILMENT
243	This example is Sports	Pro basketball: Charlotte vs. Celtics at the FleetCenter, 7:30 p.m. College hockey: Men -- UMass at BC, 7 p.m.; Merrimack at BU, 7 p.m.; Maine at Northeastern, 7 p.m.; Colgate at UMass-Lowell, 7 p.m.; Princeton at Brown, 7 p.m.; Providence at UNH, 7 p.m.; Yale at Harvard, 8 p.m.; UBS tournament at Worcester: Worcester St. at Fitchburg St., 5:30 p.m.; ...	ENTAILMENT
244	This example is Sports	Cincinnati, OH (Sports Network) - The Cincinnati Reds exercised the 2006 contract option for first baseman Sean Casey. Casey, who is a three-time All-Star, signed a three-year contract extension in February 2002 with a club option for the coming season.	ENTAILMENT
245	This example is Sports	(Sports Network) - Winners in four of their last five games, the Detroit Tigers hand the ball to 23-year-old lefthander Wilfredo Ledezma tonight for the middle portion of a three-game series with the Chicago White Sox at Comerica Park.	ENTAILMENT
246	This example is Sports	CBC SPORTS ONLINE - Zoran Planinic of the New Jersey Nets underwent surgery on his broken left hand Thursday and is sidelined indefinitely.	ENTAILMENT
247	This example is Sports	Auburn Hills, MI (Sports Network) - Richard Hamilton banked home a shot over the outstretched arm of Shaquille O #39;Neal with 1.3 seconds remaining, lifting Detroit to a 78-77 victory over Miami at the Palace.	ENTAILMENT
248	This example is Sports	Sports India, Cricket: Chennai, Oct 18 : Rains Monday poured water on India #39;s hopes of winning the second Test against Australia as the fifth and final day #39;s play was washed out at the MA Chidambaram Stadium here.	ENTAILMENT
249	This example is Sports	 EL SEGUNDO, California (Sports Network) - Los Angeles  Lakers center Vlade Divac is not expected to be ready for the  start of training camp due to a herniated disc in his lower  back.	ENTAILMENT
250	This example is Sports	(Sports Network) - The Golden State Warriors lost to the New Orleans Hornets, 98-89, on Wednesday. The Warriors are 1-1 on their current four-game road trip.	ENTAILMENT
251	This example is Sports	(Sports Network) - The Minnesota Twins and Cleveland Indians will close out the regular season with a doubleheader of sorts, as the teams battle at the Metrodome today.	ENTAILMENT
252	This example is Sports	Phoenix, AZ (Sports Network) - Barry Bonds hit career home run No. 699, Jason Schmidt tossed a complete game to pick up a win for the first time in five starts, and San Francisco grabbed solo possession of 	ENTAILMENT
253	This example is Sports	Rome, Italy (Sports Network) - Juventus stretched its lead in the Italian Serie A on Saturday with a 3-0 win over Siena. Del Piero put his side on the scoreboard in the 53rd minute when the Siena keeper, Marco 	ENTAILMENT
254	This example is Sports	Rome, Italy (Sports Network) - AC Milan won 1-0 at Cagliari Sunday as a crucial week lies ahead for the Italian giants. Milan rested many of its regulars including Jaap Stam and Hernan Crespo because of a 	ENTAILMENT
255	This example is Sports	DAVIE, Fla. (Sports Network) - Miami Dolphins linebacker Zach Thomas will miss Sunday #39;s game against the Buffalo Bills with a hamstring injury.	ENTAILMENT
256	This example is Sports	(Sports Network) - The Mets fell 2-1 in 10 innings to the Chicago Cubs at Shea Stadium on Friday night. Mets starter Kris Benson allowed just one run on four hits, striking out seven and walking one.	ENTAILMENT
257	This example is Sports	New York, NY (Sports Network) - Former Miami Dolphins running back Ricky Williams will remain retired after declining the NFL #39;s reinstatement offer.	ENTAILMENT
258	This example is Sports	DETROIT (SportsTicker) - The Detroit Tigers are willing to take a chance on aging closer Troy Percival. By George Nikitin, AP. The Tigers on Wednesday signed the 35-year-old Percival, who had spent his entire 	ENTAILMENT
259	This example is Sports	 Baton Rouge, La. (Sports Network) - Redshirt freshman  kicker Alexis Serna's third missed extra point of the game in  overtime allowed the fourth-ranked LSU Tigers to escape with a  22-21 victory over Oregon State.	ENTAILMENT
260	This example is Sports	London, England (Sports Network) - Captain David Beckham will make his return to the English national team Wednesday when they travel to Madrid for a friendly.	ENTAILMENT
261	This example is Sports	Pittsburgh, PA (Sports Network) - The Pittsburgh Pirates have reportedly ironed out a trade to send veteran catcher Jason Kendall to the Oakland Athletics for pitchers Mark Redman and Arthur Rhodes.	ENTAILMENT
262	This example is Sports	New York, NY (Sports Network) - New York Yankees closer Mariano Rivera is reportedly dealing with a personal issue that could affect his availability early in the American League Championship Series against the Boston Red Sox, which begins Tuesday in the 	ENTAILMENT
263	This example is Sports	 SAN DIEGO (Sports Network) - The San Diego Chargers have  acquired wide receiver Keenan McCardell from Tampa Bay in  exchange for two picks in next year's draft. The deal was made  roughly an hour before the NFL's trading deadline on Tuesday.	ENTAILMENT
264	This example is World	World News  gt; London, Oct 1 : British Prime Minister Tony Blair was today admitted to the Hammersmith Hospital in west London for corrective treatment of an irregular heartbeat.	ENTAILMENT
265	This example is Sports	 STILLWATER, Okla. (Sports Network) - Joey Graham scored 20  points and grabbed seven rebounds to lead fifth-ranked Oklahoma  State to an 86-73 win over Alabama-Birmingham at Gallagher-Iba  Arena.	ENTAILMENT
266	This example is Sports	Stuttgart, Germany (Sports Network) - Matthias Sammer brings a resurgent Stuttgart club against Dortmund this weekend. Sammer has helped Stuttgart to second in the Bundesliga table with 17 points and no losses after seven matches.	ENTAILMENT
267	This example is Sports	(Sports Network) - The Milwaukee Brewers resume a four-game series against the NL Central champion St. Louis Cardinals tonight at Miller Park.	ENTAILMENT
268	This example is Sports	 Davie, Fla. (Sports Network) - The Miami Dolphins bolstered  their depleted running corps on Wednesday, acquiring running  back Lamar Gordon from the St. Louis Rams in exchange for a  2005 third-round draft pick.	ENTAILMENT
269	This example is Sports	Milwaukee, WI (Sports Network) - Barry Bonds did not homer, but JT Snow and Deivi Cruz did, and Brett Tomko threw a complete game to lead the San Francisco Giants to an 8-1 victory over the Milwaukee Brewers at Miller Park.	ENTAILMENT
270	This example is Sports	 LOS ANGELES (Sports Network) - Matt Leinart threw a pair of  touchdown passes and LenDale White ran for two scores, as No. 1  Southern California blanked Washington, 38-0, in a Pac-10  mismatch at the Coliseum.	ENTAILMENT
271	This example is Sports	(Sports Network) - A pair of pitchers that rank in the top 10 in the Major Leagues in ERA face-off this evening, when Ben Sheets anchors the Milwaukee Brewers against Carlos Zambrano and the Chicago Cubs in the first of a three- game set at Wrigley Field.	ENTAILMENT
272	This example is Sports	 ANAHEIM, Calif., (Sports Network) - The Anaheim Angels on  Friday signed veteran free-agent outfielder Steve Finley to a  two-year deal worth \$14 million, with a club option for the  2007 season.	ENTAILMENT
273	This example is Sports	Foxboro, MA (Sports Network) - Miami Dolphins quarterback Jay Fiedler suffered a rib injury during the closing moments of Sunday #39;s 24-10 loss to the New England Patriots.	ENTAILMENT
274	This example is Sports	Bali, Indonesia (Sports Network) - Seventh-seeded Argentine Gisela Dulko moved into the quarterfinals, while third-seeded Japanese Ai Sugiyama and 2003 Bali runner-up Chanda Rubin were a pair of opening-round losers Wednesday at the \$225,000 Wismilak 	ENTAILMENT
275	This example is Sports	Lafayette, LA (Sports Network) - Rookie JR Smith scored 22 points to lead four Hornets in double figures, as New Orleans topped the Los Angeles Clippers, 105-95, in preseason action.	ENTAILMENT
276	This example is Sports	 NEW ORLEANS (Sports Network) - The New Orleans Saints  Monday acquired cornerback Mike McKenzie and a future  conditional draft choice from Green Bay. In exchange, the  Packers received a second-round pick in 2005 and quarterback  J.T. O'Sullivan.	ENTAILMENT
277	This example is Sports	(Sports Network) - Pedro Martinez tries to stop a personal three-game losing streak this evening when the Boston Red Sox attempt a three-game sweep of the Tampa Bay Devil Rays at Tropicana Field.	ENTAILMENT
278	This example is Sports	CBC SPORTS ONLINE - News of Sergei Zholtok #39;s death sent shockwaves through the Latvia and hockey communities on Thursday. The 31-year-old died while playing with Latvian club Riga 2000 in Belarus on Wednesday night.	ENTAILMENT
279	This example is Sports	(Sports Network) - A pair of teams trying for a strong finish to the season meet tonight, as the Kansas City Royals visit the Chicago White Sox for the opener of a four-game series at US Cellular Field.	ENTAILMENT
280	This example is Sports	(Sports Network) - The Minnesota Twins try to get back on the winning track when they conclude their three-game set with the New York Yankees at Yankee Stadium.	ENTAILMENT
281	This example is Sports	ATHENS, Georgia (Sports Network) - Freshman quarterback Erik Ainge threw two touchdown passes as No. 17 Tennessee held off third-ranked and previously unbeaten Georgia for a 19-14 win in an SEC clash at Sanford Stadium.	ENTAILMENT
282	This example is Sports	 BALTIMORE (Sports Network) - Baltimore signed Marques  Ogden, brother of Ravens All-Pro tackle Jonathan Ogden to the  club's practice squad on Tuesday.	ENTAILMENT
283	This example is Sports	Los Angeles, CA (Sports Network) - Matt Leinart threw a pair of touchdown passes and LenDale White ran for two scores, as No. 1 Southern California blanked Washington, 38-0, in a Pac-10 mismatch at the Coliseum.	ENTAILMENT
284	This example is Sports	CBC SPORTS ONLINE - Suspended Indiana Pacers forward Ron Artest will take the first steps in hopes of saving his NBA season next week.	ENTAILMENT
285	This example is Sports	 LAKE FOREST, Ill. (Sports Network) - Chicago Bears  linebacker Brian Urlacher is expected to undergo an MRI exam  this week to determine the severity of a left hamstring injury  he sustained in this past Sunday's game against Jacksonville.	ENTAILMENT
286	This example is Sports	Barcelona, Spain (Sports Network) - David Beckham scored the game-winner for Real Madrid as the  #39;galacticos #39; and Barcelona both won in week two of the Spanish Premier division.	ENTAILMENT
287	This example is Sports	 DETROIT (Sports Network) - The Detroit Tigers have signed  free-agent closer Troy Percival. According to a source, the  deal is for two years and worth \$12 million.	ENTAILMENT
288	This example is Sports	Madrid, Spain (Sports Network) - Spanish favorites Albert Costa and Alex Corretja highlighted Monday #39;s opening round winners at the Masters Series Madrid.	ENTAILMENT
289	This example is Sports	 LOS ANGELES (Sports Network) - Los Angeles Dodgers third  baseman Robin Ventura has decided to call it quits following a  16-year Major League Baseball career.	ENTAILMENT
290	This example is Sports	 HOUSTON (Sports Network) - The Houston Rockets activated  guard Tyronn Lue from the injured list prior to Wednesday's  game against the Hawks.	ENTAILMENT
291	This example is Sports	Nashville, TN (Sports Network) - Chris Brown rushed for 98 yards on eight carries, leading the Tennessee Titans to a 27-7 romp over the Green Bay Packers in the preseason finale for both teams at the Coliseum.	ENTAILMENT
292	This example is Sports	Albuquerque, NM (Sports Network) - Alex Smith passed for 167 yards and ran for a pair of touchdowns, leading No. 14 Utah to a 28-7 victory over New Mexico in a Mountain West Conference matchup.	ENTAILMENT
293	This example is Sports	 TORONTO (Sports Network) - The Portland Trail Blazers fined  forward Zach Randolph for missing the team flight to Toronto,  where they will meet the Raptors Sunday afternoon.	ENTAILMENT
294	This example is Sports	CBC SPORTS ONLINE - Canada #39;s Jacques Villeneuve is getting back into a Formula One driver #39;s seat. F1 team Renault announced that Villeneuve will test drive at Silverstone this week.	ENTAILMENT
295	This example is Sports	(Sports Network) - The Anaheim Angels try to make it three straight wins this evening when they start a three-game set with the New York Yankees at Yankee Stadium. 	ENTAILMENT
296	This example is Sports	 NEW YORK (Sports Network) - The New York Mets on Friday  claimed outfielder Ron Calloway off waivers from the Washington  Nationals.	ENTAILMENT
297	This example is Sports	 PHOENIX (Sports Network) - The Arizona Diamondbacks signed  free agent shortstop Royce Clayton to a one-year contract on  Tuesday. Financial terms were not released.	ENTAILMENT
298	This example is Sports	MIAMI (Sports Network) - Shaquille O #39;Neal made his home debut, but once again it was Dwyane Wade stealing the show with 28 points as the Miami Heat downed the Cleveland Cavaliers, 92-86, in front of a record crowd at AmericanAirlines Arena.	ENTAILMENT
299	This example is Sports	CBC SPORTS ONLINE - Four-time Olympic rowing champion Matthew Pinsent announced his retirement from the sport on Tuesday. Pinsent, 34, captured his most recent gold medal by winning the coxless fours event in Athens this past August.	ENTAILMENT
300	This example is Sports	 NEW YORK (Sports Network) - Hakim Warrick scored 25 points  and Gerry McNamara added 21, as fifth-ranked Syracuse pulled  away late for a 77-62 victory over No. 24 Memphis in the  championship game of the Coaches versus Cancer Classic at  Madison Square Garden.	ENTAILMENT
301	This example is Sports	Philadelphia, PA (Sports Network) - Philadelphia 76ers guard Aaron McKie was activated from the injured list prior to Friday afternoon #39;s contest against the Washington Wizards.	ENTAILMENT
302	This example is Sports	(Sports Network) - The Houston Rockets fell to the Dallas Mavericks in overtime, 113-106, at AmericanAirlines Center on Thursday. Tracy McGrady also had an excellent game, scoring a season-high 48 points on 	ENTAILMENT
303	This example is Sports	Davie, FL (Sports Network) - Miami Dolphins head coach Dave Wannstedt named AJ Feeley as his starting quarterback for next Sunday #39;s game against the Cincinnati Bengals.	ENTAILMENT
304	This example is World	PC World - Desktops, servers affected, but no vulnerabilities deemed critical.	ENTAILMENT
305	This example is Sports	 ALAMEDA, California (Sports Network) - Oakland cornerback  Charles Woodson finally ended a lengthy holdout Tuesday and  signed the Raiders' one-year tender. The deal is reportedly  worth \$8.782 million for the upcoming season.	ENTAILMENT
306	This example is Sports	(Sports Network) - Johan Santana is unbeaten (14-0) in 16 starts since the All- Star break and has an amazing ERA of 1.13 in that span.	ENTAILMENT
307	This example is Sci/Tech	AFP - Singapore consumer electronics maker Creative Technology net profit in the September quarter fell 83.5 percent to 4.8 million US dollars, with last year's huge one-time gains magnifying the decline.	ENTAILMENT
308	This example is Sports	London, England (Sports Network) - Chelsea has told Adrian Mutu his services are no longer needed at the club after testing positive for cocaine use.	ENTAILMENT
309	This example is Sports	(Sports Network) - The Golden State Warriors lost to the Cleveland Cavaliers, 99-88, on Monday at Gund Arena. Jason Richardson scored 27 points to lead the Warriors, who have dropped seven of their first eight games.	ENTAILMENT
310	This example is Sports	Stockholm, Sweden (Sports Network) - Top-seeded Andre Agassi earned a grueling victory against fourth-seeded Tommy Haas in Saturday #39;s semifinals at the Stockholm Open.	ENTAILMENT
311	This example is Sports	Cleveland, OH (Sports Network) - The Cleveland Cavaliers placed forward/center Scott Williams on the injured list with patella tendinitis in his left knee.	ENTAILMENT
312	This example is Sports	(Sports Network) - Jarrod Washburn tries to put the brakes on a personal three-game losing streak this evening when the Anaheim Angels continue their critical three-game series with the Oakland Athletics at Angel Stadium.	ENTAILMENT
313	This example is Sports	(Sports Network) - The two top teams in the National League West will begin a gigantic three-game series tonight, as the San Francisco Giants take on the Los Angeles Dodgers at SBC Park.	ENTAILMENT
314	This example is Sports	 DALLAS (Sports Network) - Dallas Mavericks All-Star forward  Dirk Nowitzki is expected to be sidelined 7-to-10 days after an  MRI exam Monday revealed a mild left ankle sprain.	ENTAILMENT
315	This example is Sports	Sports India: Cricket  gt; Kolkata, Nov 28 : South African captain Graeme Smith today said the visitors, who scored 227 for five on the opening day of the second cricket Test here, were aiming at a first innings total of 400-450 to put pressure on India.	ENTAILMENT
316	This example is Sports	(Sports Network) - The New Jersey Nets were defeated by the Philadelphia 76ers, 108-100, in overtime on Wednesday at the Wachovia Center.	ENTAILMENT
317	This example is Sports	Los Angeles, CA (Sports Network) - Tim Duncan had 26 points and 16 rebounds to lead the San Antonio Spurs past the Los Angeles Lakers, 105-96.	ENTAILMENT
318	This example is Sports	CBC SPORTS ONLINE - The Chicago Bears decided Monday not to sign free-agent quarterback Tim Couch. Couch, 26, underwent a physical and worked out twice for the Bears, but they failed to bite.	ENTAILMENT
319	This example is Sports	St. Louis, MO (Sports Network) - St. Louis Cardinals starting pitcher Chris Carpenter is expected to miss the first round of the playoffs next week with an injury to his right arm.	ENTAILMENT
320	This example is Sports	EAST LANSING, Mich. (Sports Network) - Maurice Ager scored 19 points and pulled down six rebounds, as 10th-ranked Michigan State crushed Nicholls State, 102-52, at the Breslin Center.	ENTAILMENT
321	This example is Sports	Hasselt, Belgium (Sports Network) - Seeded Italians Francesca Schiavone and Silvia Farina Elia led Tuesday #39;s parade of first-round winners at the inaugural Gaz de France Stars tennis event.	ENTAILMENT
322	This example is Sports	New York, NY (Sports Network) - The New York Mets bought of the contract of pitcher Al Leiter on Monday, making him a free agent. Leiter -- who went 10-8 with a 3.21 earned run average in 30 starts in 2004 	ENTAILMENT
323	This example is Sports	Indianapolis, IN (Sports Network) - Peyton Manning continued his MVP-type season by throwing for 320 yards and five touchdowns, as the Indianapolis Colts rolled to a 49-14 rout of the Houston Texans at the RCA Dome.	ENTAILMENT
324	This example is Sports	 LOS ANGELES (Sports Network) - LenDale White carried the  ball 14 times for 123 yards and scored three touchdowns to lead  top-ranked Southern California to a dominating 49-0 shutout of  Colorado State at the Coliseum.	ENTAILMENT
325	This example is Sports	 FOXBORO, Mass., (Sports Network) - Cincinnati Bengals  quarterback Carson Palmer left Sunday's 35-28 loss against New  England in the third quarter due to a left knee sprain.	ENTAILMENT
326	This example is Sports	Monaco, France (Sports Network) - Nice had little working in its favor with the score 3-0 in favor of Monaco in the second half on Saturday night, and a derby loss seemed inevitable.	ENTAILMENT
327	This example is Sports	Sports India: Cricket  gt; Nagpur, Oct 28 : Australia Thursday took a firm grip on the third Test against India as the home bowlers looked completely ineffective, allowing the visitors to build an overall lead of 415 runs with two days still to go.	ENTAILMENT
328	This example is Sports	London, England (Sports Network) - England captain David Beckham fractured a rib during his country #39;s 2-0 win over Wales Saturday.	ENTAILMENT
329	This example is Sports	Orlando, FL (Sports Network) - The Orlando Magic acquired forward Brandon Hunter from the Charlotte Bobcats on Monday in exchange for guard Keith Bogans.	ENTAILMENT
330	This example is Sports	East Rutherford, NJ (Sports Network) - Retired NBA center and seven-time All- Star Alonzo Mourning is going to give his playing career one more shot.	ENTAILMENT
331	This example is Sports	Michael Wilbon is wrong Sports, Aug. 22. Paul Hamm should turn in his gold medal, which he did not earn. The judges #39; clerical error had no effect on how Paul Hamm or Yang Tae Young performed, and the correction can be made after the fact.	ENTAILMENT
332	This example is Sports	MANHATTAN, Kansas (Sports Network) - Dwayne Wright rushed for 74 yards and two touchdowns and Paul Pinegar added a pair of scoring passes, as Fresno State crushed 13th-ranked Kansas State, 45-21, at KSU Stadium.	ENTAILMENT
333	This example is Sports	Rome, Italy (Sports Network) - Juventus stretched its lead in the Italian Serie A to five points on Sunday with a 3-0 win over Chievo.	ENTAILMENT
334	This example is Sports	 CHICAGO (Sports Network) - Chicago White Sox slugger Frank  Thomas will remain with the team for 2005 after he exercised an  \$8 million option in his contract.	ENTAILMENT
335	This example is Sports	 SCOTTSDALE, Ariz. (Sports Network) - Former heavyweight  champion Mike Tyson was arrested after allegedly jumping on the  hood of a car outside a nightclub.	ENTAILMENT
336	This example is Sports	Indianapolis, IN (Sports Network) - Minnesota Timberwolves center Michael Olowokandi spent Wednesday night in jail after police needed a stun gun to compel him to leave a nightclub.	ENTAILMENT
337	This example is Sports	Miami, FL (Sports Network) - Lamont Thompson returned one of three Tennessee interceptions for a touchdown and Chris Brown ran for 100 yards in the first half, as the Titans opened the season with a 17-7 victory over the Miami Dolphins at Pro Player 	ENTAILMENT
338	This example is Sports	Los Angeles, CA (Sports Network) - Jose Lima tossed a five-hit shutout and Shawn Green homered twice as the Los Angeles Dodgers staved off elimination in the National League Division Series with a 4-0 blanking of the St.	ENTAILMENT
339	This example is Sports	(Sports Network) - Curt Schilling #39;s career postseason record is 5-1, and when you consider his ERA of 1.66 in those 11 games he is one of the most dominating starters in the playoffs.	ENTAILMENT
340	This example is Sports	No cheering in the press box. This is the first, second and third commandment of sports journalism, at least until Vijay Singh #39;s approach shot on a Sunday back nine appears to be sailing a tad too long.	ENTAILMENT
341	This example is Sports	 PITTSBURGH (Sports Network) - Kevin Bettencourt scored five  of his 13 points in the final two minutes to lead Bucknell to a  69-66 upset over 10th-ranked and previously unbeaten  Pittsburgh.	ENTAILMENT
342	This example is Sports	Houston, TX (Sports Network) - Daunte Culpepper #39;s fifth touchdown pass of the game -- a 50-yard strike to Marcus Robinson in overtime -- lifted the Minnesota Vikings to a 34-28 win over the Houston Texans at Reliant Stadium.	ENTAILMENT
343	This example is Sports	New Orleans, LA (Sports Network) - New Orleans #39; Steve Gleason was fined \$5,000 by the NFL on Wednesday for punching the Panthers #39; Kemp Rasmussen during last Sunday #39;s 32-21 loss to Carolina.	ENTAILMENT
344	This example is Sports	Kansas City, MO (Sports Network) - Angel Berroa went 5-for-5 with five runs scored and Kansas City exploded for 10 runs in the fifth inning en route to a 17-8 victory over the New York Yankees in the opener of a three-game series at Kauffman Stadium.	ENTAILMENT
345	This example is Sports	Chicago, IL (Sports Network) - The Chicago Cubs Thursday declined to pick up the 2005 options on outfielder Moises Alou and second baseman Mark Grudzielanek, making the two veterans free agents.	ENTAILMENT
346	This example is Sci/Tech	It's reality TV at its most sci-fi. Two Hollywood stunt pilots hired by NASA are practicing to snag the 400-pound Genesis capsule Wednesday to give it a softer landing as it hurtles to earth. It'll be broadcast live so they better get it right.	ENTAILMENT
347	This example is Sports	 SPRINGFIELD, Massachusetts (Sports Network) - Former  Portland Trail Blazers guard Clyde Drexler highlights the class  of 2004 inductees for the Basketball Hall of Fame.	ENTAILMENT
348	This example is Sports	 HEMPSTEAD, N.Y., (Sports Network) - New York Jets wide  receiver Santana Moss is probable for Sunday's AFC East  showdown against the red-hot New England Patriots. Both teams  are undefeated and will square off at Gillette Stadium in  Foxboro, MA.	ENTAILMENT
349	This example is Sports	CBC SPORTS ONLINE - The Houston Rockets welcomed aboard reigning scoring champion Tracy McGrady with open arms and an open wallet.	ENTAILMENT
350	This example is Sports	 ANAHEIM, Calif., (Sports Network) - The Tampa Bay Devil  Rays acquired catcher Kevin Cash from the Toronto Blue Jays on  Sunday in exchange for right-handed pitcher Chad Gaudin.	ENTAILMENT
351	This example is Sports	Bergamo, Italy (Sports Network) - Serie A cellar dwellers Atalanta fired its coach Andrea Mandorlini after he failed to produce a victory in any of the club #39;s first 14 league matches this season.	ENTAILMENT
352	This example is Sports	Los Angeles, CA (Sports Network) - The Los Angeles Dodgers acquired right- handed pitcher Elmer Dessens and cash considerations from the Arizona Diamondbacks in exchange for minor league outfielder Jereme Milons on Thursday. 	ENTAILMENT
353	This example is Sports	Anchorage, AK (Sports Network) - New Jersey Devils center Scott Gomez has signed with an East Coast Hockey League team in his hometown of Anchorage.	ENTAILMENT
354	This example is Sports	(Sports Network) - The Seattle Mariners continue their four-game series against the Boston Red Sox tonight. In Thursday #39;s opener, Bobby Madritsch twirled eight shutout innings and Jose Lopez went 3-for-4 with 	ENTAILMENT
355	This example is Sports	Parma, Italy (Sports Network) - Parma fired coach Silvio Baldini Monday after a loss to Livorno on Sunday left the club near the bottom of the table.	ENTAILMENT
356	This example is Sports	Eden Prairie, MN (Sports Network) - Minnesota Vikings wide receiver Randy Moss practiced on Wednesday despite nursing a strained right hamstring and is listed as questionable for this Sunday #39;s game against the New York Giants.	ENTAILMENT
357	This example is Sports	 COLUMBUS, Ohio (Sports Network) - Ohio State head football  coach Jim Tressel announced Friday that senior running back  Lydell Ross has been suspended for Saturday's home game against  Indiana.	ENTAILMENT
358	This example is Sports	New Orleans, LA (Sports Network) - New Orleans Hornets forward Jamal Mashburn will sit out the 2004-05 season due to a patella femoral irritation of his right knee.	ENTAILMENT
359	This example is Sports	CBC SPORTS ONLINE - Former Montreal Expos great Tim Raines has landed a coaching job with the Chicago White Sox. The once-prolific base-stealer has signed on to be Chiago #39;s first-base and base-running coach.	ENTAILMENT
360	This example is Sports	(Sports Network) - Elton Brand scored a game-high 19 points and hauled down 16 rebounds, while Bobby Simmons netted 18 as the Los Angeles Clippers routed the Indiana Pacers, 102-68, on Wednesday at Conseco Fieldhouse.	ENTAILMENT
361	This example is Sports	CBC SPORTS ONLINE - The Toronto Argonauts may or may not host the East Division semifinal this year, but they will play home games at York University in 2006.	ENTAILMENT
362	This example is Sports	Kiev, Ukraine (Sports Network) - Shakhtar Donetsk #39;s Champions League aspirations were dealt a severe blow Thursday when the club learned star striker Julius Aghahowa will be out for two weeks.	ENTAILMENT
363	This example is Sports	CBC SPORTS ONLINE - The US Olympic Committee doesn #39;t think the entire American team that won gold in the 4x100-metre relay at the 2000 Sydney Olympics should be stripped of their medals.	ENTAILMENT
364	This example is World	PC World - Success of alternative apps like Firefox may be putting pressure on the software giant.	ENTAILMENT
365	This example is Sports	 LEXINGTON, Kentucky (Sports Network) - David Greene became  the winningest quarterback in Division I-A history and Thomas  Brown ran for 130 yards with three touchdowns to lead  eighth-ranked Georgia to a 62-17 rout of Kentucky at  Commonwealth Stadium.	ENTAILMENT
366	This example is Sports	St. Louis, MO (Sports Network) - Jim Edmonds homered and delivered the go- ahead run in the eighth inning on a sacrifice fly, leading the St.	ENTAILMENT
367	This example is Sports	 LAWRENCE, Kan. (Sports Network) - Wayne Simien had 25  points and 14 rebounds as the top-ranked Kansas Jayhawks  survived a scare and fought off the Vermont Catamounts, 68-61.	ENTAILMENT
368	This example is Business	" NEW YORK (Reuters) - Adult entertainment company Playboy  Enterprises Inc. &lt;A HREF=""http://www.investor.reuters.com/FullQuote.aspx?ticker=PLA.N target=/stocks/quickinfo/fullquote""&gt;PLA.N&lt;/A&gt; on Monday said it expects higher  profit in 2005 than in 2004, helped in part by gains at its  international television and online subscription businesses as  well as recent efforts to reduce debt."	ENTAILMENT
369	This example is Sports	" BOSTON (Sports Network) - The New York Yankees will start  Orlando ""El Duque"" Hernandez in Game 4 of the American League  Championship Series on Saturday against the Boston Red Sox."	ENTAILMENT
370	This example is Sports	" BOSTON (Sports Network) - The New York Yankees will start  Orlando ""El Duque"" Hernandez in Game 4 of the American League  Championship Series on Saturday against the Boston Red Sox."	ENTAILMENT
371	This example is Sports	New York, NY (Sports Network) - Green Bay Packers running back Ahman Green, Detroit Lions defensive tackle Shaun Rogers and Arizona Cardinals kicker Neil Rackers were named the NFC Offensive, Defensive and Special Teams Players of the Week for Week 7 of 	ENTAILMENT
372	This example is Sports	CBC SPORTS ONLINE - Major League Baseball owners tabled Thursday #39;s vote to relocate the Montreal Expos to Washington. According to baseball commissioner Bud Selig, the owners will likely vote before the winter meetings on Dec. 6.	ENTAILMENT
373	This example is Sports	Nashville, TN (Sports Network) - Adewale Ogunleye was credited with a safety in overtime to end the game, accounting for two of the Chicago Bears #39; 16 points scored on either defense or special teams in a 19-17 victory over Tennessee.	ENTAILMENT
374	This example is Sports	San Diego, CA (Sports Network) - Caron Butler scored 18 points to help the Los Angeles Lakers to a 117-91 preseason victory over the Seattle SuperSonics.	ENTAILMENT
375	This example is Sports	LAWRENCE, Kan. (Sports Network) - Wayne Simien scored 14 points with 10 rebounds to lead No. 2 Kansas over Nevada, 85-52, at Allen Fieldhouse.	ENTAILMENT
376	This example is Sports	La Coruna, Spain (Sports Network) - Osasuna overcame a red card to shock Deportivo La Coruna Sunday, 3-1. Deportivo took a 1-0 lead into halftime on a Walter Pandiani strike in the 19th minute.	ENTAILMENT
377	This example is Sports	Liverpool, England (Sports Network) - Portsmouth striker Lomana LuaLua took advantage of a last minute mistake by Liverpool goalkeeper Jerzy Dudek to salvage a 1-1 draw at Anfield Tuesday.	ENTAILMENT
378	This example is World	PC World - Hard-drive video recorders support HDTV, while Blu-ray and HD-DVD wait in the wings. Plus: pricey headphones and cheap megapixels.	ENTAILMENT
379	This example is Sports	STILLWATER, Oklahoma (Sports Network) - Jason White threw three first-half touchdown passes to Mark Bradley and Adrian Peterson ran for a career-high 249 yards with a score, as second-ranked Oklahoma held on for a 38-35 victory over 20th- ranked Oklahoma 	ENTAILMENT
380	This example is Sports	(Sports Network) - The Detroit Tigers continue their three-game series with the Cleveland Indians in tonight #39;s rubber match at Comerica Park.	ENTAILMENT
381	This example is Sports	CBC SPORTS ONLINE - Alexei Kovalev doesn #39;t think the NHL lockout will end soon so he #39;s decided to do something about it. The gifted winger signed with Russia #39;s AK Bars Kazan, a team already loaded with NHL stars.	ENTAILMENT
382	This example is Sports	CBC SPORTS ONLINE - Canadian reliever Rheal Cormier agreed Tuesday to a two-year, \$5.25-million US contract with the Philadelphia Phillies.	ENTAILMENT
383	This example is World	MacCentral - Blizzard Entertainment on Tuesday shipped World of Warcraft, its first entry into the popular Massively Multiplayer Online Role Playing Game (MMORPG) genre. The game ships in North America, Australia and New Zealand for Mac and PC in both Standard and Collector's Editions for US #36;49.95 and  #36;79.99. Further beta testing will be announced in Europe, Korea and elsewhere in Asia before the games are released in those regions.	ENTAILMENT
384	This example is Sports	(Sports Network) - The Montreal Expos will get their chance to climb out of the cellar in the National League East this week, as they begin a three-game series against the New York Mets Tuesday at Olympic Stadium.	ENTAILMENT
385	This example is Sports	 HOUSTON (Sports Network) - Tyrone Moss ran for 148 yards  and two touchdowns to lead fourth-ranked Miami-Florida to a  38-13 victory over Houston at Reliant Stadium.	ENTAILMENT
386	This example is World	Europeans were right. It was a world election. They favored Kerry, roughly 6-1. Now they must live with the result. Europeans opposed Bush largely because they believe his 	ENTAILMENT
387	This example is Sports	 CLEVELAND, Ohio (Sports Network) - Cleveland Browns head  coach Butch Davis resigned Tuesday.	ENTAILMENT
388	This example is Sports	(Sports Network) - The inconsistent San Diego Padres will try for consecutive wins for the first time since August 28-29 tonight, when they begin a huge four-game set against the Los Angeles Dodgers at Dodger Stadium.	ENTAILMENT
389	This example is Sports	Sports India, Cricket: Kanpur, Nov 21 : Stopgap opener Andrew Hall scored his maiden Test century and debutant Zander de Bruyn made 83 Sunday to give South Africa a vice-like grip on the second day of the first Test against India at the Green Park 	ENTAILMENT
390	This example is Sports	 EAST RUTHERFORD, N.J. (Sports Network) - The New Jersey  Nets Saturday placed guard Ron Mercer on the injured list.  Mercer is scheduled to undergo left knee surgery on Monday and  could be out of action for up to four weeks.	ENTAILMENT
391	This example is Sports	Toronto, ON (Sports Network) - Ted Lilly threw a three-hit shutout with a career-high 13 strikeouts to lead the Toronto Blue Jays to a 3-0 victory over the Boston Red Sox at SkyDome.	ENTAILMENT
392	This example is Sports	 TORONTO (Sports Network) - Former Toronto Blue Jays manager  Bobby Mattick has died after suffering a stroke. Mattick was  89.	ENTAILMENT
393	This example is Sports	 DAVIE, Fla., (Sports Network) - The Miami Dolphins will be  without running back Travis Minor for Sunday's game against  Cincinnati because of an ankle injury.	ENTAILMENT
394	This example is Sports	 MIAMI (Sports Network) - Brock Berlin completed 13-of-19  passes for a career-high 361 yards along with four touchdowns,  while Roscoe Parrish hauled in five passes for 141 yards as  12th-ranked Miami-Florida routed Wake Forest. 52-7, at the  Orange Bowl.	ENTAILMENT
395	This example is Sports	Salt Lake City, UT (Sports Network) - The Jazz announced Tuesday that the club will retire John Stockton #39;s No. 12 on November 22, 2004, when Utah hosts the New Orleans Hornets.	ENTAILMENT
396	This example is Sports	 ATHENS, Ohio (Sports Network) - Ohio University named  former Nebraska coach Frank Solich as its new head football  coach during a Thursday afternoon press conference.	ENTAILMENT
397	This example is Sports	(Sports Network) - The Atlanta Braves will try to move one step closer to their 13th straight division title, as they continue a three-game series against the Cincinnati Reds tonight from Turner Field.	ENTAILMENT
398	This example is Sports	 RALEIGH, N.C. (Sports Network) - Julius Hodge poured in a  game-high 21 points as 19th-ranked North Carolina State routed  Elon, 71-45, in the semifinal round of the BCA Invitational at  the RBC Center.	ENTAILMENT
399	This example is Sports	Miami, FL (Sports Network) - Frank Gore rushed for 195 yards and a touchdown, Roscoe Parrish scored twice in the fourth quarter and No.	ENTAILMENT
400	This example is Sports	Lisbon, Portugal (Sports Network) - CD Nacional suspended three players who were arrested following an altercation at a Portuguese nightclub early Monday morning.	ENTAILMENT
401	This example is Sports	Houston, TX (Sports Network) - Kevin Garnett registered 20 points, 17 rebounds and nine assists to lead the Minnesota Timberwolves past the Houston Rockets, 96-91, at the Toyota Center.	ENTAILMENT
402	This example is Sports	Hasselt, Belgium (Sports Network) - Third-seeded Russian Elena Bovina was an easy opening-round winner Monday at the inaugural Gaz de France Stars tennis event, where Belgian star Kim Clijsters will see her first action since early May this week.	ENTAILMENT
403	This example is Sports	 MADISON, Wisconsin (Sports Network) - John Stocco ran for  two touchdowns and threw for another score to lead fifth-ranked  Wisconsin to a 38-14 win over Minnesota in the Big Ten  Conference at Camp Randall Stadium.	ENTAILMENT
404	This example is Sports	Manchester, England (Sports Network) - Manchester United confirmed on its website Wednesday that is has made an offer to Everton for young striker Wayne Rooney.	ENTAILMENT
405	This example is Sports	Oakland, CA (Sports Network) - Garret Anderson delivered an RBI single for the lead during a three-run eighth inning, and Anaheim clinched its first division title in 18 years with a 5-4 victory over Oakland at the Coliseum.	ENTAILMENT
406	This example is Sports	CBC SPORTS ONLINE - Vince Carter scored 20 points as the Toronto Raptors completed their NBA pre-season with a 100-92 win over the Cleveland Cavaliers at Air Canada Centre on Friday.	ENTAILMENT
407	This example is Sports	Landover, MD (Sports Network) - Clinton Portis ran 64 yards for a touchdown the first time he touched the ball and finished with 149 yards rushing on 29 carries to lead the Washington Redskins to a 16-10 victory over the Tampa Bay Buccaneers at FedEx Field 	ENTAILMENT
408	This example is Sports	(Sports Network) - Livan Hernandez has 50 wins since the start of the 2001 season. Unfortunately for the powerful righthander, he hasn #39;t solved the Atlanta Braves.	ENTAILMENT
409	This example is Sports	 SYRACUSE, N.Y. (Sports Network) - Hakim Warrick netted 19  points and Syracuse roared out to an early 24-0 lead as the  sixth-ranked Orange opened their 2004-05 season with a 104-54  pasting of Northern Colorado in the opening round of the  Coaches vs. Cancer Classic at the Carrier Dome.	ENTAILMENT
410	This example is Sports	CBC SPORTS ONLINE - The Vancouver Canucks have re-signed the Sedin twins for another season. Henrik and Daniel Sedin each agreed to one-year deals with the Canucks on Friday.	ENTAILMENT
411	This example is Sports	 MINNEAPOLIS (Sports Network) - Minnesota Vikings wide  receiver Randy Moss will be a game-time decision for Sunday's  game against Tennessee because of a hamstring injury.	ENTAILMENT
412	This example is Sports	TUSCALOOSA, Ala. (Sports Network) - Jason Campbell passed for 224 yards and a touchdown, Courtney Taylor caught four passes for 89 yards and a score, and No.	ENTAILMENT
413	This example is Sports	(Sports Network) - Ben Wallace will return to fold for Detroit tonight, when the Pistons begin a tough three-game homestand against the Minnesota Timberwolves at the Palace of Auburn Hills.	ENTAILMENT
414	This example is Sports	Porto, Portugal (Sports Network) - Champions League holder FC Porto and defending Bundesliga champion Werder Bremen each produced late goals Tuesday to secure advancement into the knockout stage of this season #39;s Champions League competition.	ENTAILMENT
415	This example is Sports	Sports India: Madrid, Oct 11: England football captain David Beckham is expected back in Madrid Wednesday and resume light training despite fracturing a rib, reports Xinhua.	ENTAILMENT
416	This example is Sports	 PHILADELPHIA (Sports Network) - Dorsey Levens has found  employment for the 2004 season after the veteran running back  signed a one-year contract with the Philadelphia Eagles on  Monday.	ENTAILMENT
417	This example is Sports	 NEW YORK (Sports Network) - Former Miami Dolphins running  back Ricky Williams will remain retired after declining the  NFL's reinstatement offer.	ENTAILMENT
418	This example is Business	BOMBAY -- In the fantasy world of Indian film, Shilpa Shetty is a reigning princess, a lissome 29-year-old with a talent for twirling across Alpine meadows, muscle-bound suitors in tow. Serious drama? Well, it's Bollywood, after all.	ENTAILMENT
419	This example is Sports	 TORONTO (Sports Network) - Calgary Flames goaltender Miikka  Kiprusoff will receive a huge increase in salary for the  upcoming season after an arbitrator Monday awarded the Vezina  Trophy finalist \$2.95 million.	ENTAILMENT
420	This example is Sports	 PHILADELPHIA (Sports Network) - The New Orleans Hornets are  going to have their work cut out for them in the 2004-05  season. When the NBA approved its realignment plan, the Hornets  became the newest member of the Western Conference as the  expansion Charlotte Bobcats were placed in the East, giving  each conference 15 clubs comprised of three divisions of five  teams.	ENTAILMENT
421	This example is Sports	 Miami, Florida (Sports Network) - Due to the possible  threat of Hurricane Ivan, the NFL has rescheduled the  Titans/Dolphins game up a day to Saturday at 1:00 p.m. (et).	ENTAILMENT
422	This example is Sports	CBC SPORTS ONLINE - Michael Schumacher wasn #39;t in the winner #39;s circle at Sunday #39;s Belgian Grand Prix, but still managed to make some noise.	ENTAILMENT
423	This example is Sports	(Sports Network) - Odalis Perez threw five innings last Thursday against the Diamondbacks before leaving the game with tightness in his biceps.	ENTAILMENT
424	This example is Sports	CANTON, Ohio (Sports Network) - Former All-Pro quarterbacks Dan Marino and Steve Young, both first-year eligible candidates, head a list of 89 former players, coaches, and contributors who comprise a list of preliminary nominees for enshrinement to the 	ENTAILMENT
425	This example is Sports	Seattle, WA (Sports Network) - University of Washington head football coach Keith Gilbertson will step down at the end of the 2004 season.	ENTAILMENT
426	This example is Sports	 NEW ORLEANS (Sports Network) - New Orleans' Steve Gleason  was fined \$5,000 by the NFL on Wednesday for punching the  Panthers' Kemp Rasmussen during last Sunday's 32-21 loss to  Carolina.	ENTAILMENT
427	This example is Sports	 ATLANTA (Sports Network) - The Atlanta Hawks signed free  agent guards Kenny Anderson and Jon Barry on Thursday. Terms of  the contracts were not disclosed.	ENTAILMENT
428	This example is Sports	Athens, Greece (Sports Network) - The United States has grabbed a 49-44 lead over Lithuania at the half of their bronze medal game at the Olympics.	ENTAILMENT
429	This example is Sports	 LOS ANGELES (Sports Network) - Tracy McGrady tallied 32  points, seven rebounds and five assists to lead Houston over  the Los Angeles Clippers, 91-86, in an overtime contest at the  Staples Center.	ENTAILMENT
430	This example is Sports	INDIANAPOLIS (Sports Network) - Deron Williams and Luther Head scored 20 points apiece, Dee Brown chipped in with 17, and No. 5 Illinois routed 24th- ranked Gonzaga, 89-72, in the John R. Wooden Tradition at Conseco Fieldhouse.	ENTAILMENT
431	This example is Sports	Chicago, IL (Sports Network) - Chicago Blackhawks forward Tuomo Ruutu will undergo surgery Friday to repair a subluxation of his left shoulder.	ENTAILMENT
432	This example is Sports	CBC SPORTS ONLINE - The Toronto Argonauts may need to brush up on tackling for the playoffs, but their pass rush and kicker Noel Prefontaine are in top form.	ENTAILMENT
433	This example is Sports	CBC SPORTS ONLINE - American tennis sensation Andy Roddick #39;s Olympic dreams are over after a straight set loss to No. 16 Fernando Gonzalez of Chile in third-round action Wednesday. 	ENTAILMENT
434	This example is Sports	Washington, DC (Sports Network) - Washington #39;s wait is over for the return of a Major League Baseball team, as it was announced on Wednesday that the Montreal Expos will be relocated to the nation #39;s capital in 2005.	ENTAILMENT
435	This example is Sports	 EAST RUTHERFORD, N.J. (Sports Network) - New Jersey Nets  guard Ron Mercer is scheduled to have surgery Monday on his  left knee and could be out of action for up to four weeks.	ENTAILMENT
436	This example is Sports	Milan, Italy (Sports Network) - Italy coach Marcello Lippi will field an altered team Wednesday in a friendly match against Finland.	ENTAILMENT
437	This example is Sports	New Orleans, LA (Sports Network) - The New Orleans Saints Monday acquired cornerback Mike McKenzie and a future conditional draft choice from Green Bay.	ENTAILMENT
438	This example is Sports	 PHILADELPHIA (Sports Network) - Philadelphia Eagles  defensive tackle Sam Rayburn was involved in a two-car accident  Monday night and sustained minor injuries.	ENTAILMENT
439	This example is World	PC World - German man sentenced to three years for selling counterfeit Microsoft products.	ENTAILMENT
440	This example is Sports	Los Angeles, CA (Sports Network) - Tracy McGrady tallied 32 points, seven rebounds and five assists to lead Houston over the Los Angeles Clippers, 91-86, in an overtime contest at the Staples Center.	ENTAILMENT
441	This example is Sports	CBC SPORTS ONLINE - Canadian ice dancers Aaron Lowe and Megan Wing are off to a strong start at the Skate America competition in Pittsburgh.	ENTAILMENT
442	This example is Sports	 DAVIE, Fla. (Sports Network) - Dave Wannstedt resigned  Tuesday as head coach of the Miami Dolphins after the team sunk  to an NFL-worst 1-8 record. Defensive coordinator Jim Bates  will take over as interim coach for the remainder of the  season.	ENTAILMENT
443	This example is Sports	Toronto, ON (Sports Network) - Winnipeg Blue Bombers running back Charles Roberts was named the Canadian Football League #39;s Offensive Player of the Month for September.	ENTAILMENT
444	This example is World	PC World - Supersleek 5GB digital audio player is set to challenge Apple's IPod Mini.	ENTAILMENT
445	This example is Sports	(Sports Network) - The Utah Jazz began their 2004-05 campaign with a 104-78 victory over the Los Angeles Lakers at the Delta Center on Wednesday night.	ENTAILMENT
446	This example is Sports	(Sports Network) - The Milwaukee Brewers continue a three-game series against Barry Bonds and the San Francisco Giants tonight at Miller Park.	ENTAILMENT
447	This example is Sports	 BATON ROUGE, La. (Sports Network) - LSU has named Les Miles  its new head football coach, replacing Nick Saban.	ENTAILMENT
448	This example is Sports	(Sports Network) - The Arizona Diamondbacks and Colorado Rockies will finish a three-game series with a doubleheader today at Coors Field.	ENTAILMENT
449	This example is World	Chip Eberhart writes in Post magazine,  #147;DVD Studio Pro Version 3.0 is truly a world-class DVD authoring application. This outstanding version of DVD Studio Pro adds enough bells, whistles and real-world functionality to make even a seasoned DVD author take notice and say,  #145;Wow! #146; #148; Sep 16	ENTAILMENT
450	This example is Sports	Seoul, Korea (Sports Network) - Third-seeded German Marlene Weingartner and fourth-seeded American Mashona Washington were a pair of opening-round upset victims Monday at the inaugural Korea Open Tennis Championships.	ENTAILMENT
451	This example is Sports	 PHILADELPHIA (Sports Network) - The Philadelphia Phillies  re-signed righthander Cory Lidle to a two-year deal worth \$6.3  million Tuesday.	ENTAILMENT
452	This example is Sports	Sports India, Cricket: Mumbai, Oct 23 : Sachin Tendulkar is to play in the third cricket Test against Australia in Nagpur commencing Tuesday.	ENTAILMENT
453	This example is Sports	Pro baseball: New York Yankees vs. Red Sox at Fenway Park, 7 p.m. College field hockey: Framingham St. at Fitchburg St., 10 a.m.; Bridgewater St. at Worcester St., 10 a.m.; Bryant at Franklin Pierce, 10:30 a.m.; UNew England at Endicott, 11 a.m.; WNEC at Elms, 11 a.m.; Wheaton at Springfield, 11 a.m.; Tufts at Amherst, 11 a.m.; Colby at Trinity, ...	ENTAILMENT
454	This example is Sports	 LAKE FOREST, Ill. (Sports Network) - Chicago Bears Pro Bowl  linebacker Brian Urlacher is expected to be sidelined  four-to-six weeks because of a lower left leg injury.	ENTAILMENT
455	This example is Sports	Maui, HI (Sports Network) - Jeff Horner scored 18 points and Pierre Pierce added 16, as Iowa knocked off 12th-ranked Louisville, 76-71, in the opening round of the Maui Invitational at the Lahaina Civic Center.	ENTAILMENT
456	This example is Sports	Liverpool, England (Sports Network) - Liverpool skipper Steven Gerrard is expected to return from a two-month absence Saturday at Middlesbrough.	ENTAILMENT
457	This example is Sports	Turin, Italy (Sports Network) - Juventus stretched its Serie A lead to five points Saturday with a 2-1 win over second-place Messina in Turin.	ENTAILMENT
458	This example is Sports	 MIAMI (Sports Network) - Miami Dolphins quarterback Jay  Fiedler was placed on injured reserve Tuesday with a herniated  disk in his neck, ending his 2004 season.	ENTAILMENT
459	This example is Sports	Anaheim, CA (Sports Network) - The New York Yankees are reportedly closing in on acquiring free-agent starting pitcher Carl Pavano.	ENTAILMENT
460	This example is Sports	Bangkok, Thailand (Sports Network) - Former Australian Open champion Thomas Johansson of Sweden upended sixth-seeded Spaniard Feliciano Lopez in Monday #39;s opening-round action at the \$550,000 Thailand Open.	ENTAILMENT
461	This example is Sports	(Sports Network) - The much-improved Phoenix Suns visit the winless New Orleans Hornets tonight at New Orleans Arena. Phoenix put an end to a two-game losing streak on Tuesday, tallying a 107-101 victory over Dallas at the AmericanAirlines Arena.	ENTAILMENT
462	This example is Sports	Sao Paulo, Brazil (Sports Network) - Williams/BMW driver Juan Montoya captured the final event of the 2004 Formula One season - the Grand Prix of Brazil.	ENTAILMENT
463	This example is Sports	 SALT LAKE CITY (Sports Network) - Utah Jazz forward Andrei  Kirilenko signed a six-year, \$86 million contract extension  with the team Friday. The deal, which culminated three months  of negotiations, will kick in next season.	ENTAILMENT
464	This example is Sports	CBC SPORTS ONLINE - Led by linebacker Mike O #39;Shea and kick return specialist Bashir Levingston, the Toronto Argonauts dominated voting for this week #39;s CFL player of the week awards.	ENTAILMENT
465	This example is Sports	CBC SPORTS ONLINE - Calgary #39;s Maria Zambrano posted the best Canadian result at the 2004 world half-marathon championships Sunday in New Dehli with a 40th-place showing.	ENTAILMENT
466	This example is Sports	St. Petersburg, FL (Sports Network) - The threat of Hurricane Jeanne has forced the cancellation of Sunday #39;s game between the Tampa Bay Devil Rays and the Toronto Blue Jays at Tropicana Field.	ENTAILMENT
467	This example is World	PC World - Clamshell-style WCDMA phone packs a browser, e-mail software, and two cameras.	ENTAILMENT
468	This example is Sports	 STARKVILLE, Miss. (Sports Network) - Mississippi State has  extended the contract of head football coach Sylvester Croom,  keeping him with the university through the 2008 season.	ENTAILMENT
469	This example is Sports	 FOXBORO, Mass. (Sports Network) - New England Patriots  running back Corey Dillon is still listed as questionable for  Sunday's game against Seattle with a foot injury.	ENTAILMENT
470	This example is Sports	Filderstadt, Germany (Sports Network) - Former champion Mary Pierce of France and 2002 runner-up Daniela Hantuchova of Slovakia were opening-round winners on Tuesday, but sixth-seeded Russian Vera Zvonareva was an upset victim at the \$650,000 Porsche 	ENTAILMENT
471	This example is Sports	SOUTH BEND, Indiana (Sports Network) - True freshman Darius Walker ran for 115 yards and a pair of fourth-quarter touchdowns, leading Notre Dame to a 28-20 victory over eighth-ranked Michigan at Notre Dame Stadium.	ENTAILMENT
472	This example is Sports	 BALTIMORE (Sports Network) - Baltimore Ravens cornerback  Deion Sanders is listed as questionable on the team's injury  report for Sunday's game against Cincinnati.	ENTAILMENT
473	This example is Sports	Athens, Greece (Sports Network) - US women #39;s basketball player Katie Smith will miss the remainder of the Olympics after an MRI exam revealed torn cartilage in her right knee.	ENTAILMENT
474	This example is Sports	SPORTS NETWORK - Chad Pennington threw three touchdown passes to lead the New York Jets to a 41-14 victory over the Miami Dolphins at Giants Stadium.	ENTAILMENT
475	This example is Sports	 EDEN PRAIRIE, Minn., (Sports Network) - The Minnesota  Vikings added some much- needed depth to its secondary on  Tuesday by signing veterans Terrance Shaw and Ralph Brown.	ENTAILMENT
476	This example is Sports	London, England (Sports Network) - Arsenal coach Arsene Wenger was fined \$29,000 Thursday by the English Football Association (FA).	ENTAILMENT
477	This example is Sports	CBC SPORTS ONLINE - Donovan McNabb threw three of his four touchdown passes to Terrell Owens as the Philadelphia Eagles pasted the Dallas Cowboys 49-21 victory at Texas Stadium on Monday.	ENTAILMENT
478	This example is Sports	 BALTIMORE (Sports Network) - Baltimore Ravens cornerback  Chris McAlister agreed to a one-year tender with the team on  Monday, ending the All-Pro's month-long holdout.	ENTAILMENT
479	This example is Sports	 BOSTON (Sports Network) - Larry Walker had hits in each of  his first four at-bats, including a homer, helping the St.  Louis Cardinals rally from a five- run deficit to tie the Red  Sox at 7-7 after six innings.	ENTAILMENT
480	This example is Sports	 EDEN PRARIE, Minnesota (Sports Network) - Minnesota Vikings  wide receiver Randy Moss will not play for the first time in  his NFL career on Monday night with a slight tear in his right  hamstring.	ENTAILMENT
481	This example is Sports	(Sports Network) - The Detroit Pistons start a three-game homestand, as they welcome LeBron James and the Cleveland Cavaliers tonight to The Palace of Auburn Hills.	ENTAILMENT
482	This example is Sports	 NEW YORK (Sports Network) - The New York Jets and  quarterback Chad Pennington finally agreed on a long-term  contract extension Wednesday.	ENTAILMENT
483	This example is Sports	Davie, FL (Sports Network) - The Miami Dolphins may be without linebacker Junior Seau for the remainder of the season, depending on the severity of his pectoral injury.	ENTAILMENT
484	This example is Sports	 NEW YORK (Sports Network) - New York Yankees manager Joe  Torre said Monday he was unsure if closer Mariano Rivera would  be available for Tuesday's opener of the American League  Championship Series against Boston after a tragic accident at  the reliever's home in Panama over the weekend.	ENTAILMENT
485	This example is Sports	CBC SPORTS ONLINE - After suffering two straight defeats at the World Cup of Hockey, US coach Ron Wilson overhauled his lineup Friday with hopes of getting his team a victory.	ENTAILMENT
486	This example is Sports	Detroit, MI (Sports Network) - Brett Favre threw for 257 yards and a pair of touchdowns as Green Bay stopped a four-game losing streak with a 38-10 pounding of Detroit in an NFC North showdown at Ford Field.	ENTAILMENT
487	This example is Sports	Lyon, France (Sports Network) - French international Sylvain Wiltord scored his first Ligue 1 goal of the season Saturday as Lyon edged Auxerre, 2-1.	ENTAILMENT
488	This example is Sports	 DAVIE, Fla. (Sports Network) - Miami Dolphins linebacker  Zach Thomas will miss Sunday's game against the Buffalo Bills  with a hamstring injury.	ENTAILMENT
489	This example is Sports	 SAN DIEGO, Calif. (Sports Network) - San Diego Chargers  quarterback Drew Brees will be under center for this Sunday's  contest versus the Denver Broncos.	ENTAILMENT
490	This example is World	World News London, Sep.15 : Days after father #39;s right campaigner Jason Hatch spent five hours at Buckingham Palace ledge dressed as Batman, he has been dumped by girlfriend Gemma Polson, because he himslef doesn #39;t have time for their daughter.	ENTAILMENT
491	This example is Sports	CBC SPORTS ONLINE - Joey Harrington threw for a touchdown and Artose Pinner ran for another as the Detroit Lions upset Atlanta 17-10 at the Georgia Dome.	ENTAILMENT
492	This example is Sports	CBC SPORTS ONLINE - The Los Angeles Dodgers landed a dandy Thursday in free-agent infielder Jeff Kent. Kent, 36, agreed to a two-year contract, but financial terms were not disclosed.	ENTAILMENT
493	This example is Sports	CBC SPORTS ONLINE - After adding slugging third baseman Troy Glaus at baseball #39;s winter meetings, the Arizona Diamondbacks have turned their attention to pitching.	ENTAILMENT
494	This example is Sports	Davie, FL (Sports Network) - Miami Dolphins linebacker Zach Thomas will miss Sunday #39;s game against the Buffalo Bills with a hamstring injury.	ENTAILMENT
495	This example is Sports	(Sports Network) - The Rockets came up short on Tuesday, falling 88-84 to the Atlanta Hawks at Philips Arena. Yao Ming made good on 13-of-15 shot attempts in a 27-point, 11-rebound performance for the Rockets, who have lost three of four.	ENTAILMENT
496	This example is World	World News: Washington, Dec 10 : A National Academies #39; panel has ruled out sending a robotic mission to mend the Hubble Space Telescope, citing fears that a robot might crash into Hubble instead of fixing it.	ENTAILMENT
497	This example is Sports	Kansas City, MO (Sports Network) - Lamar Hunt appears ready to get out of Major League Soccer and sever ties with the Kansas City Wizards.	ENTAILMENT
498	This example is Sports	Detroit, MI (Sports Network) - Peyton Manning continued his amazing season, tying a career-high with six touchdown passes, as Indianapolis trounced Detroit, 41-9, in the traditional Thanksgiving Day game at Ford Field.	ENTAILMENT
499	This example is Sports	(Sports Network/CP files) - The Toronto Raptors play the fifth contest of a six-game road trip, as they visit the Los Angeles Clippers tonight at the Staples Center.	ENTAILMENT
500	This example is Sports	Loudon, NH (Sports Network) - Jeff Gordon will assume the pole position for Sunday #39;s Sylvania 300 at the New Hampshire International Speedway after a steady rain washed out Friday #39;s qualifying session.	ENTAILMENT
501	This example is Sports	(Sports Network) - Bronson Arroyo tries to win his fifth straight decision, as the Boston Red Sox continue a four-game series with the Baltimore Orioles tonight at Fenway Park.	ENTAILMENT
502	This example is Sports	Allen Park, MI (Sports Network) - Robert Porcher, Detroit #39;s all-time sack leader, retired Monday. The defensive end, who was inactivate for all seven games this season, posted 95 1/2 career sacks.	ENTAILMENT
503	This example is World	EarthLink is offering free VoIP calling as an incentive to sign up for its high-speed Internet service. The free service is available to the company #39;s million-plus broadband customers.	ENTAILMENT
504	This example is Sports	 ATLANTA (Sports Network) - Jason Campbell threw for a  career-high 374 yards along with three touchdowns as  third-ranked Auburn stated its case for a spot in the Orange  Bowl with a 38-28 victory over No. 15 Tennessee in the  Southeastern Conference Championship at the Georgia Dome.	ENTAILMENT
505	This example is Sports	 ATLANTA (Sports Network) - Jason Campbell threw for a  career-high 374 yards along with three touchdowns as  third-ranked Auburn stated its case for a spot in the Orange  Bowl with a 38-28 victory over No. 15 Tennessee in the  Southeastern Conference Championship at the Georgia Dome.	ENTAILMENT
506	This example is Sports	Morgantown, WV (Sports Network) - Rasheed Marshall passed for 144 yards and three touchdowns to lead No. 15 West Virginia over Syracuse, 27-6, in a Big East contest from Mountaineer Field at Milan Puskar Stadium.	ENTAILMENT
507	This example is Sports	Anaheim, CA (Sports Network) - The Milwaukee Brewers have acquired slugging outfielder Carlos Lee from the Chicago White Sox in exchange for speedy outfielder Scott Podsednik, pitcher Luis Vizcaino and a player to be named later.	ENTAILMENT
508	This example is Sports	 NEW YORK (Sports Network) - Minnesota Twins lefthander  Johan Santana, who won his final 13 decisions of the regular  season, was a unanimous selection for the 2004 American League  Cy Young Award.	ENTAILMENT
509	This example is Sports	Lake Forest, IL (Sports Network) - Chicago Bears quarterback Rex Grossman will miss the remainder of the season after an MRI exam revealed a torn anterior cruciate ligament in his right knee.	ENTAILMENT
510	This example is Sports	 OAKLAND, California (Sports Network) - Texas Rangers relief  pitcher Frank Francisco will face misdemeanor assault charges  for his part in a September 13 melee between players and fans  during his club's game against the Oakland Athletics.	ENTAILMENT
511	This example is Sports	CBC SPORTS ONLINE - The San Diego Chargers used a pair of draft picks to pry wide receiver Keenan McCardell from the Tampa Bay Buccaneers an hour before Tuesday #39;s trade deadline.	ENTAILMENT
512	This example is Sports	El Paso, TX (Sports Network) - Texas-El Paso accepted an invitation to play in the Houston Bowl at Reliant Stadium on December 29.	ENTAILMENT
513	This example is Sports	(Sports Network) - The Cincinnati Reds will start a season-ending three-game series versus the Pittsburgh Pirates tonight at Great American Ball Park.	ENTAILMENT
514	This example is Sports	 PHILADELPHIA (Sports Network) - The Philadelphia Eagles  announced Saturday that cornerback Lito Sheppard and defensive  tackle Sam Rayburn each signed contract extensions that will  keep both players in the fold through the 2011 season.	ENTAILMENT
515	This example is Sports	Storrs, CT (Sports Network) - Connecticut head football coach Randy Edsall signed a six-year contract Thursday that could be worth up to \$5.	ENTAILMENT
516	This example is Sports	Barcelona, Spain (Sports Network) - Barcelona #39;s Brazilian defender Edmilson will be out for six months after undergoing surgery Monday on his right knee.	ENTAILMENT
517	This example is Sports	Tallahassee, FL (Sports Network) - Florida State head coach Bobby Bowden has suspended senior wide receiver Craphonso Thorpe for the Seminoles #39; game against fellow Atlantic Coast Conference member Duke on Saturday.	ENTAILMENT
518	This example is Sports	White Plains, NY (Sports Network) - Zina Garrison was given a one-year contract extension to remain captain of the American Fed Cup team, while the legendary Billie Jean King retired as a coach for the squad.	ENTAILMENT
519	This example is Sports	(Sports Network) - The Miami Heat were handed a 104-95 setback by the Denver Nuggets on Saturday night at the Pepsi Center. Carmelo Anthony scored 28 points to lead Denver.	ENTAILMENT
520	This example is Sports	(Sports Network) - Tim Wakefield hopes to stop a personal three-game losing streak this evening when the Boston Red Sox continue their three-game set with the New York Yankees at Yankee Stadium.	ENTAILMENT
521	This example is Sports	Nyon, Switzerland (Sports Network) - UEFA has opened disciplinary proceedings against Valencia and Werder Bremen after a heated Champions League match Tuesday night between the two clubs.	ENTAILMENT
522	This example is Sports	CBC SPORTS ONLINE - Behind closed doors, some of hockey #39;s most influential people met to discuss the game. It wasn #39;ta meeting to end the lockout, but how to improve NHL hockey once it gets up and running again.	ENTAILMENT
523	This example is Sports	 TAMPA, Fla. (Sports Network) - Tampa Bay quarterback Brian  Griese will start next Monday's game against St Louis. Chris  Simms is doubtful with a sprained left shoulder.	ENTAILMENT
524	This example is Sports	 GAINESVILLE, Fla. (Sports Network) - The start time of  Saturday's college football game between 16th-ranked Florida  and Kentucky at Ben Hill Griffin Stadium in Gainesville was  moved from 6 p.m. (et) to 11:30 a.m. (et).	ENTAILMENT
525	This example is Sports	Phoenix, AZ (Sports Network) - The Phoenix Suns Friday placed Jake Voskuhl on the injured list after the center had an emergency appendectomy surgery.	ENTAILMENT
526	This example is Sports	Pro baseball: Baltimore vs. Red Sox at Fenway Park, 7 p.m. College field hockey: Fitchburg St. at Anna Maria, 4 p.m.; Salve Regina at Framingham St., 4 p.m.; Southern Maine at Maine-Farmington, 4 p.m.; Keene St. at Williams, 4:15 p.m.; Husson at Colby, 4:30 p.m.; Gordon at Bates, 5 p.m.; Saint Anselm at Bentley, 7 p.m.; Simmons at Worcester St., ...	ENTAILMENT
527	This example is Sports	(Sports Network) - The Brewers will try to keep Barry Bonds from getting his 700th homer today, when they close out their three-game series against the San Francisco Giants.	ENTAILMENT
528	This example is Sports	CBC SPORTS ONLINE - Quarterback Brett Favre celebrated his 200th straight start with three touchdown passes as the Green Bay Packers defeated the St.	ENTAILMENT
529	This example is Sports	CBC SPORTS ONLINE - Chicago Bears quarterback Craig Krenzel landed on injured reserve Tuesday, effectively ending his season. Krenzel injured an ankle as he scrambled for two yards in the second quarter of a 21-7 loss to the Dallas Cowboys on Nov. 25.	ENTAILMENT
530	This example is Sports	Philadelphia, PA (Sports Network) - Southern California and Oklahoma will meet for the national championship in the Orange Bowl on January 4 after the schools finished 1-2 in the final BCS standings released Sunday afternoon.	ENTAILMENT
531	This example is Sports	 PHILADELPHIA (Sports Network) - The Philadelphia Eagles  locked up their most successful head coach in franchise history  Wednesday, signing Andy Reid to a four-year contract extension.	ENTAILMENT
532	This example is Sports	 ST. PETERSBURG, Florida (Sports Network) - The threat of  Hurricane Jeanne has forced the cancellation of Sunday's game  between the Tampa Bay Devil Rays and the Toronto Blue Jays at  Tropicana Field.	ENTAILMENT
533	This example is Sports	 ANAHEIM, Calif., (Sports Network) - Free agent starting  pitcher Carl Pavano has chosen to join the New York Yankees and  the two sides were working on finalizing a contract before the  end of the winter meetings.	ENTAILMENT
534	This example is Sports	 EDEN PRAIRIE, Minn. (Sports Network) - One day after being  upgraded to doubtful, Minnesota Vikings wide receiver Randy  Moss has been listed as out for Sunday's game against the Green  Bay Packers due to a right hamstring injury.	ENTAILMENT
535	This example is Sports	London, England (Sports Network) - Just four days after racist chants marred a friendly between England and Spain, Birmingham City says striker Dwight Yorke was racially abused during a match at Blackburn on Sunday.	ENTAILMENT
536	This example is Sports	Seattle, WA (Sports Network) - The Seattle Mariners have found their slugging first baseman, as they agreed to terms Wednesday with free agent Richie Sexson on a four-year contract.	ENTAILMENT
537	This example is Sports	Manchester, England (Sports Network) - Gabriel Heinze is expected to finally make his debut for ninth-place Manchester United Saturday as the Red Devils travel to take on surprising Bolton.	ENTAILMENT
538	This example is Sports	 CLEVELAND, Ohio (Sports Network) - Cleveland Browns rookie  tight end Kellen Winslow is expected to be sidelined  six-to-eight weeks after suffering a broken right fibula during  Sunday's 19-12 loss to Dallas.	ENTAILMENT
539	This example is Sports	 SALT LAKE CITY (Sports Network) - Utah standout quarterback  Alex Smith has apparently decided to take his skills to the  next level, opting to skip his senior season and enter April's  NFL Draft.	ENTAILMENT
540	This example is Sports	 SALT LAKE CITY (Sports Network) - Utah standout quarterback  Alex Smith has apparently decided to take his skills to the  next level, opting to skip his senior season and enter April's  NFL Draft.	ENTAILMENT
541	This example is Sports	 Philadelphia, Pa. (Sports Network) - The Philadelphia  Eagles locked up their most successful head coach in franchise  history Wednesday, signing Andy Reid to a four-year contract  extension.	ENTAILMENT
542	This example is Sports	CBC SPORTS ONLINE - Wimbledon champion Maria Sharapova retained her Japan Open title with an easy victory over American Mashona Washington in Saturday #39;s final.	ENTAILMENT
543	This example is Sports	CHESTNUT HILL, Mass. (Sports Network) - Diamond Ferri and Damien Rhodes each rushed for over 100 yards and combined to score four touchdowns as Syracuse routed 17th-ranked Boston College, 43-17, in Big East action at Alumni Stadium.	ENTAILMENT
544	This example is Sports	 ATLANTA (Sports Network) - Brock Berlin threw a career-high  three touchdown passes to lead No. 4 Miami-Florida to an easy  27-3 win over Georgia Tech in ACC action at Bobby Dodd Stadium.	ENTAILMENT
545	This example is Sports	(Sports Network) - With his 700th career homer now behind him, Barry Bonds can focus on the task of trying to get his Giants into the playoffs.	ENTAILMENT
546	This example is Sports	Athens, Greece (Sports Network) - China #39;s Zhang Yining, already a gold medalist here with doubles partner Wang Nan, won the women #39;s singles title Sunday with a four-set victory over Hyang Mi Kim of North Korea.	ENTAILMENT
547	This example is Sports	Portland, OR (Sports Network) - The Portland Trail Blazers signed center Theo Ratliff to a five-year contract extension on Tuesday.	ENTAILMENT
548	This example is Sports	 EAST RUTHERFORD, NJ (Sports Network) - New Jersey guard  Jason Kidd is expected to make his season debut Monday, when  the Nets host the Toronto Raptors at Continental Airlines  Arena.	ENTAILMENT
549	This example is Sports	SPORTS NETWORK - Former Miami Dolphins running back Ricky Williams on Friday was ordered by an arbitrator to pay a huge sum of money to the NFL team, which filed a grievance against the star prior to training camp.	ENTAILMENT
550	This example is Sports	Sacramento, CA (Sports Network) - Kobe Bryant tallied 31 points, 12 assists and six rebounds to lead the Los Angeles Lakers to a 115-99 victory over the Sacramento Kings at ARCO Arena.	ENTAILMENT
551	This example is World	PC World - Software giant settles with Novell and the CCIA, ending years of legal wrangling.	ENTAILMENT
552	This example is Sports	Paris, France (Sports Network) - AC Milan and Ukraine striker Andriy Shevchenko was named the European Footballer of the Year Monday.	ENTAILMENT
553	This example is Sports	Dallas, TX (Sports Network) - Rashard Lewis scored 25 points and grabbed nine rebounds to lead the Seattle SuperSonics to a 107-102 win over the Dallas Mavericks at American Airlines Center.	ENTAILMENT
554	This example is Sports	Bronx, NY (Sports Network) - Orlando Cabrera and Johnny Damon each had RBI singles in a two-run ninth inning, as the Boston Red Sox beat star closer Mariano Rivera and the New York Yankees, 3-2, to further tighten the American League East race.	ENTAILMENT
555	This example is Sports	Los Angeles, CA (Sports Network) - The Los Angeles Dodgers have signed manager Jim Tracy to a two-year contract extension, keeping him with the club through the 2006 season.	ENTAILMENT
556	This example is Sports	 KANSAS CITY, Mo. (Sports Network) - Cleveland Indians  pitcher Kyle Denney was shot in the right calf late Wednesday  night after a bullet was fired at the team bus and grazed  another player.	ENTAILMENT
557	This example is World	World News Brasilia, Oct 2 : Brazil has denied that technology for its centrifuge plants for uranium enrichment comes from the clandestine nuclear network headed by Pakistani scientist Abdul Qadeer Khan.	ENTAILMENT
558	This example is Sports	Los Angeles, CA (Sports Network) - San Diego Padres shortstop Khalil Greene is expected to miss the rest of the season with a broken bone in his right index finger.	ENTAILMENT
559	This example is Sports	Barcelona, Spain (Sports Network) - Barcelona #39;s Henrik Larsson appears likely to miss the remainder of the season after it was discovered that he tore the anterior cruciate ligament in his left knee.	ENTAILMENT
560	This example is Sports	Bolton, England (Sports Network) - Bolton rewarded coach Sam Allardyce with a new five-year-deal Monday. Allardyce, who has already been with Bolton for five years, turns 50 years old this week.	ENTAILMENT
561	This example is Sports	 LOS ANGELES (Sports Network) - Reggie Bush ran for 204  yards and a pair of long touchdowns as No. 1 Southern  California edged UCLA, 29-24, in a regular season-ending Pac-10  showdown between cross-town rivals at the Rose Bowl.	ENTAILMENT
562	This example is Sports	Atlanta, GA (Sports Network) - Joey Harrington threw for a touchdown and Artose Pinner ran for another score, as the Detroit Lions handed Atlanta its first loss of the season with a 17-10 victory over the Falcons at the Georgia Dome.	ENTAILMENT
563	This example is Sports	By TIM REYNOLDS AP Sports Writer. in New Jersey as a Mets fan. I #39;m taking away my experience as positive. #39; #39;. Burnett, plus left-hander Dontrelle Willis.	ENTAILMENT
564	This example is Sports	 LAS VEGAS (Sports Network) - Mike Sanford has been hired as  the ninth head football coach at UNLV. The former Utah  offensive coach takes over for the retired John Robinson.	ENTAILMENT
565	This example is Sports	Oakland, CA (Sports Network) - The Oakland Athletics have acquired infielder Keith Ginter from the Milwaukee Brewers in exchange for pitcher Justin Lehr and outfielder Nelson Cruz.	ENTAILMENT
566	This example is Sports	(Sports Network) - Boston Red Sox fans know all too well of past failure, but there #39;s a different aura this year, and it seems their long-standing curse of not winning a World Series since 1918 may finally disappear.	ENTAILMENT
567	This example is Sports	Cincinnati, OH (Sports Network) - Cincinnati Bengals wide receiver Peter Warrick was placed on the injured list Friday because of a shin injury, ending his season .	ENTAILMENT
568	This example is Sports	Glasgow, Scotland (Sports Network) - The Scottish Claymores, an NFL Europe franchise, folded Thursday due to decreasing attendance.	ENTAILMENT
569	This example is Sports	Bucharest, Romania (Sports Network) - Victor Piturca has been re-appointed as Romania #39;s national team coach. Piturca, 48, was fired four years ago after a dispute with Romania legend Gheorghe Hagi.	ENTAILMENT
570	This example is Sports	(Sports Network) - Javier Vazquez hopes to put the brakes on a personal three- game losing streak this afternoon when the New York Yankees close out their three-game set with the Kansas City Royals at Kauffman Stadium.	ENTAILMENT
571	This example is Sports	Barcelona, Spain (Sports Network) - A late strike from Brazilian superstar Ronaldinho propelled Barcelona to a 2-1 Champions League win over AC Milan Tuesday at Camp Nou.	ENTAILMENT
572	This example is Sports	 PITTSBURGH (Sports Network) - Pittsburgh Penguins forward  Mark Recchi has signed a contract to play with TPS Turku of the  Finnish Elite League if the NHL season is canceled.	ENTAILMENT
573	This example is Sports	 COOPERSTOWN, N.Y. (Sports Network) - Five-time American  League batting champion Wade Boggs, two-time NL batting champ  Willie McGee and former Cy Young Award winner Jack McDowell are  among 12 first-year candidates on the 2005 Baseball Hall of  Fame ballot.	ENTAILMENT
574	This example is World	World News: Hong Kong, Oct.21 : A gas explosion at a coal mine in central China has killed at least 56 people and left 100 others missing.	ENTAILMENT
575	This example is Sports	(Sports Network) - The Chicago White Sox were handed an 8-4 setback by the Detroit Tigers on Thursday. Bobby Higginson homered twice to lead Detroit. 	ENTAILMENT
576	This example is Sports	Indianapolis, IN (Sports Network) - Minnesota Timberwolves Michael Olowokandi spent Wednesday night in jail after police needed a stun gun to compel him to leave a club.	ENTAILMENT
577	This example is Sports	Panama City, Panama (Sports Network) - United States men #39;s national team goalkeeper Tim Howard has returned to England, despite the squad #39;s scheduled match on Wednesday against Panama.	ENTAILMENT
578	This example is Sports	 HEMPSTEAD, N.Y. (Sports Network) - New York Jets  quarterback Chad Pennington is expected to start Sunday's game  against Houston after missing the last three weeks with a  rotator cuff injury.	ENTAILMENT
579	This example is World	PC World's initial test results for this gaming chip are impressive.	ENTAILMENT
580	This example is Sports	 BOSTON (Sports Network) - Paul Pierce nailed a jumper at  the buzzer to give the Boston Celtics a 90-88 victory over  Portland at the FleetCenter.	ENTAILMENT
581	This example is World	PC World - Tiny 802.11b adapter will work with Zire 72, Tungsten T3 handhelds.	ENTAILMENT
582	This example is Sports	New York, NY (Sports Network) - Amado Guevara was announced as Major League Soccer #39;s 2004 Honda Most Valuable Player on Thursday in Anaheim, California.	ENTAILMENT
583	This example is Sports	CBC SPORTS ONLINE - Raimo Summanen, who signed a three-year deal through 2006 to coach Finland #39;s national hockey team, has been relieved of his duties.	ENTAILMENT
584	This example is Sports	MADISON, Wisconsin (Sports Network) - John Stocco ran for two touchdowns and threw for another score to lead fifth-ranked Wisconsin to a 38-14 win over Minnesota in the Big Ten Conference at Camp Randall Stadium.	ENTAILMENT
585	This example is Sports	 NASHVILLE, Tenn. (Sports Network) - Tennessee Titans  quarterback Steve McNair suffered a bruised sternum late in the  fourth quarter of Sunday's game against Jacksonville.	ENTAILMENT
586	This example is Sports	Heraklio, Greece (Sports Network) - The old faces of US women #39;s soccer bid adieu, while the new faces introduced themselves in a gold-medal winning effort at the Athens Olympics on Thursday night at Karaiskaki Stadium.	ENTAILMENT
587	This example is Sports	Athens, GA (Sports Network) - Michael Cooper ran for the only touchdown of the game, as third-ranked Georgia rode its defense to a 13-3 victory over Marshall at Sanford Stadium.	ENTAILMENT
588	This example is Sports	 ALAMEDA, Calif. (Sports Network) - Oakland Raiders  quarterback Rich Gannon will miss the remainder of the season,  but stopped short of announcing his retirement on Monday.	ENTAILMENT
589	This example is Sports	Sports India Havana, Sep 21 : Argentine football legend Diego Maradona will be admitted to the Mental Health Centre hospital in Cuba for treatment of his cocaine addiction.	ENTAILMENT
590	This example is Sports	Liverpool, England (Sports Network) - Liverpool midfielder Luis Garcia pulled his hamstring during Tuesday #39;s 1-0 loss to Monaco in Champions League action and will be out of action for about a month.	ENTAILMENT
591	This example is Sports	 CHICAGO (Sports Network) - The Chicago White Sox have come  to terms on a two-year, \$5.5 million contract with pitcher  Dustin Hermanson.	ENTAILMENT
592	This example is Sports	Sporting Lisbon ended Dinamo Tbilisi #39;s interest in the UEFA Cup with a crushing 4-0 victory at the Boris Paichadze stadium in Georgia.	ENTAILMENT
593	This example is Sports	ATLANTA (Sports Network) - Brock Berlin threw a career-high three touchdown passes to lead No. 4 Miami-Florida to an easy 27-3 win over Georgia Tech in ACC action at Bobby Dodd Stadium.	ENTAILMENT
594	This example is Business	BOSTON - This self-proclaimed band of idiots is going to play for the pennant. David Ortiz homered in the 10th inning to send the Boston Red Sox into their second consecutive AL championship series, completing a three-game sweep of the Anaheim Angels with an 8-6 victory Friday...	ENTAILMENT
595	This example is Sports	SPACE.com - On these late summer evenings \  after the Sun has set, look low in the south for the classical Archer, Sagittarius.	ENTAILMENT
596	This example is Sports	Bee Sports Columnist. A divisional title on the line against Anaheim at the Large Net this weekend, and, for the A #39;s, it #39;s still all about the Big Three.	ENTAILMENT
597	This example is Business	For a small cap, Jacuzzi has a megabrand. But it's probably not enough to excite investors.	ENTAILMENT
598	This example is Sports	Munich, Germany (Sports Network) - European Ryder Cup captain Bernhard Langer finalized his team on Sunday when he added six-time Ryder Cup veteran Colin Montgomerie and rookie Luke Donald.	ENTAILMENT
599	This example is Sports	New Orleans, LA (Sports Network) - Saturday #39;s Conference USA game between No. 24 Louisville and Tulane has been postponed due to the possible threat of Hurricane Ivan.	ENTAILMENT
600	This example is Sports	Shanghai, China (Sports Network) - Rubens Barrichello won the pole for Sunday #39;s Grand Prix of China Formula One race. The No.2 Ferrari driver circled the 3.387-mile, 14-turn Shanghai International Circuit in one minute, 34.	ENTAILMENT
601	This example is Sports	Villanova, PA (Sports Network) - Russian Nadia Petrova defeated fellow countrywoman Anastasia Myskina in quarterfinal action Friday at the Advanta Championships.	ENTAILMENT
602	This example is Sports	Zurich, Switzerland (Sports Network) - Former world No. 1 Venus Williams advanced on Thursday and will now meet Wimbledon champion Maria Sharapova in the quarterfinals at the \$1.	ENTAILMENT
603	This example is Sports	Jiangsu, China (Sports Network) - Stephen Dodd closed with a four-under 68 Sunday to win the Volvo China Open by three strokes. Dodd finished the tournament at 12-under-par 276.	ENTAILMENT
604	This example is Sports	College football: Bryant at Bentley, 7 p.m. College hockey: Men -- Maine at Merrimack, 7 p.m.; UMass at Providence, 7 p.m.; Harvard at Brown, 7 p.m.; Air Force at Holy Cross, 7 p.m.; North Dakota at BC, 8 p.m. Women -- BC at Dartmouth, 5 p.m.; Brown at Maine, 7 p.m.;	ENTAILMENT
605	This example is Sports	LOS ANGELES (Sports Network) - Reggie Bush ran for 204 yards and a pair of long touchdowns as No. 1 Southern California edged UCLA, 29-24, in a regular season-ending Pac-10 showdown between cross-town rivals at the Rose Bowl.	ENTAILMENT
606	This example is Sports	Anaheim, CA (Sports Network) - Free agent starting pitcher Carl Pavano has chosen to join the New York Yankees and the two sides were working on finalizing a contract before the end of the winter meetings.	ENTAILMENT
607	This example is Sports	CBC SPORTS ONLINE - Chicago Bears linebacker Brian Urlacher hopes an MRI will determine the severity of a left hamstring injury sustained in this past Sunday #39;s 22-3 loss at Jacksonville.	ENTAILMENT
608	This example is World	PC World - Copernic Desktop Search does the work without Google's security flaws.	ENTAILMENT
609	This example is Sports	Kockelscheuer, Luxembourg (Sports Network) - Aussie Alicia Molik began her quest for a second title in two weeks on Thursday, while top-seeded Argentine Paola Suarez was among the second-round upset victims at the \$225,000 Seat Open Luxembourg.	ENTAILMENT
610	This example is Sports	 PHILADELPHIA (Sports Network) - The Philadelphia Phillies  introduced Charlie Manuel as their 51st manager on Thursday  afternoon. The 60-year-old Manuel was one of eight candidates  interviewed for the job.	ENTAILMENT
611	This example is Sports	Cologne, Germany (Sports Network) - Graeme McDowell carded a three-under 69 on Saturday to maintain a three-shot advantage after the third round of the Linde German #39;s Masters.	ENTAILMENT
612	This example is Sports	 BOSTON (Sports Network) - Boston Red Sox ace Curt Schilling  will not start Game 5 of the American League Championship  Series against the New York Yankees, if it goes that far,  because of his ankle injury.	ENTAILMENT
613	This example is Sports	Toronto, ON (Sports Network) - Calgary Stampeders running back Joffrey Reynolds and defensive back Joey Boese were among the CFL Players of the Week announced Tuesday.	ENTAILMENT
614	This example is Sports	New York, NY (Sports Network) - Minnesota Vikings quarterback Daunte Culpepper, Seattle Seahawks cornerback Ken Lucas and New Orleans Saints kicker John Carney were named NFC Offensive, Defensive and Special Teams Players of the Week, respectively, for 	ENTAILMENT
615	This example is Sports	Hasselt, Belgium (Sports Network) - Kim Clijsters retired in her semifinal match Saturday in the Gaz de France Stars tennis tournament with a wrist injury.	ENTAILMENT
616	This example is Sports	 EAST RUTHERFORD, N.J., (Sports Network) - Washington  Redskins starting quarterback Mark Brunell suffered an injured  left hamstring in Sunday's 20-14 loss to the New York Giants.	ENTAILMENT
617	This example is Sports	 PHILADELPHIA (Sports Network) - Philadelphia Eagles  defensive tackle Sam Rayburn is listed as questionable for  Monday's game against the Dallas Cowboys at Texas Stadium,  while kicker David Akers is probable. Neither player practiced  on Wednesday.	ENTAILMENT
618	This example is Sports	Phoenix, AZ (Sports Network) - The Arizona Diamondbacks have called a news conference for today at 1 pm (et), when they are expected to introduce Wally Backman as their new manager.	ENTAILMENT
619	This example is Sports	 NEW YORK (Sports Network) - The New York Yankees re-signed  catcher John Flaherty to a one-year contract on Friday.	ENTAILMENT
620	This example is Sports	Anaheim, CA (Sports Network) - The Seattle Mariners have reportedly found their slugging first baseman for the 2005 season and beyond by coming to terms with free agent Richie Sexson.	ENTAILMENT
621	This example is Sports	 SAN FRANCISCO (Sports Network) - Free-agent shortstop Omar  Vizquel signed a three-year contract with the San Francisco  Giants on Sunday. Per team policy, financial terms were not  disclosed.	ENTAILMENT
622	This example is Sports	San Francisco, CA (Sports Network) - Seattle Seahawks cornerback Ken Lucas will spend the night in a San Francisco hospital after suffering a chest contusion in Sunday #39;s 42-27 victory over the 49ers.	ENTAILMENT
623	This example is Sports	Denver, CO (Sports Network) - Denver forward Carmelo Anthony had marijuana charges dropped by the city district attorney Wednesday.	ENTAILMENT
624	This example is Sports	 BIRMINGHAM, Ala. (Sports Network) - Winsome Frazier netted  18 points to lead 12th-ranked Mississippi State to a 55-48  victory over Birmingham-Southern in the second round of the  Coaches vs. Cancer Classic at the Birmingham Jefferson  Convention Complex.	ENTAILMENT
625	This example is Sports	 NEW YORK (Sports Network) - Carl Krauser scored 17 points,  grabbed seven rebounds and handed out four assists to lead No.  11 Pittsburgh over Memphis, 70-51, in the Jimmy V Classic from  New York's famed Madison Square Garden.	ENTAILMENT
626	This example is Sports	 NEW YORK (Sports Network) - Carl Krauser scored 17 points,  grabbed seven rebounds and handed out four assists to lead No.  11 Pittsburgh over Memphis, 70-51, in the Jimmy V Classic from  New York's famed Madison Square Garden.	ENTAILMENT
627	This example is Sports	Miami, FL (Sports Network) - Due to the approach of Hurricane Ivan in the South Florida area, the Marlins have rescheduled two of their contests against the Montreal Expos slated for next week to US Cellular Field in Chicago.	ENTAILMENT
628	This example is Sports	Washington, DC (Sports Network) - Washington Wizards forward Kwame Brown will not be ready for the season opener, but could play by the end of November.	ENTAILMENT
629	This example is Sports	Amsterdam, the Netherlands (Sports Network) - Dutch club Roda JC announced Tuesday that coach Wiljan Vloet will not be back next season.	ENTAILMENT
630	This example is Business	Larry Bowa #39;s fiery personality made him a fan favorite during his playing days in Philadelphia. It also helped cost him his job as manager.	ENTAILMENT
631	This example is Sports	 FLOWERY BRANCH, Ga. (Sports Network) - The Atlanta Falcons  Monday signed Pro Bowl tight end Alge Crumpler to a six-year  contract extension.	ENTAILMENT
632	This example is Sports	 LAWRENCE, Kan. (Sports Network) - Wayne Simien scored 14  points with 10 rebounds to lead No. 2 Kansas over Nevada,  85-52, at Allen Fieldhouse.	ENTAILMENT
633	This example is World	World News  gt; London, Oct 01 : British Prime Minister Tony Blair today underwent a non-surgical operation to correct a heart flutter and is  quot;doing ok quot;.	ENTAILMENT
634	This example is Sports	CBC SPORTS ONLINE - Mark L. Attanasio was introduced Monday as the incoming owner of the Milwaukee Brewers. Attanasio, 46, has completed negotiations to purchase the Brewers from the family of baseball commissioner Bud Selig.	ENTAILMENT
635	This example is Sports	 PHILADELPHIA (Sports Network) - The Philadelphia Phillies  have picked up the option for next season on closer Billy  Wagner. Under the terms of the contract, Wagner will make \$9  million in 2005. If the club not exercised the option, Wagner  would have been owed a \$3 million buyout and would have been  eligible to file for free agency.	ENTAILMENT
636	This example is Sports	Denver, CO (Sports Network) - Denver Nuggets guard Voshon Lenard underwent successful surgery Monday to repair his torn left Achilles #39; tendon.	ENTAILMENT
637	This example is Sports	RALEIGH, NC (Sports Network) - Julius Hodge poured in a game-high 21 points as 19th-ranked North Carolina State routed Elon, 71-45, in the semifinal round of the BCA Invitational at the RBC Center.	ENTAILMENT
638	This example is Sports	 ATLANTA (Sports Network) - Atlanta Braves starting pitcher  Jaret Wright left Tuesday's game against the New York Mets with  a bruised right ankle.	ENTAILMENT
639	This example is Sports	(Sports Network) - The Houston Astros won a franchise-record 18 straight games at Minute Maid Park to end the season and now will lean on their home crowd on Saturday for Game 3 of their National League Division Series against the Atlanta Braves.	ENTAILMENT
640	This example is Sports	 Athens, Ga. (Sports Network) - Danny Ware rushed for 135  yards and three touchdowns in his collegiate debut, as No. 3  Georgia held off Division I-AA Georgia Southern, 48-28, in the  season opener for both schools at Sanford Stadium.	ENTAILMENT
641	This example is Sports	Brussels, Belgium (Sports Network) - Tennis stars Kim Clijsters and Lleyton Hewitt have ended their relationship, according to Clijsters #39; web site.	ENTAILMENT
642	This example is Sports	 PHILADELPHIA (Sports Network) - Philadelphia Eagles running  back Brian Westbrook is listed as questionable for Sunday's  game against Baltimore because of a rib fracture.	ENTAILMENT
643	This example is Sports	(Sports Network) - The Dodgers hope to avoid being swept by the St. Louis Cardinals, as they head into Game 3 of their National League Division Series today.	ENTAILMENT
644	This example is Sports	Cadiz, Spain (Sports Network) - Alastair Forsyth shot a four-under 67 on Saturday to grab the lead after the third round of the Volvo Masters Andalucia.	ENTAILMENT
645	This example is Sports	London, England (Sports Network) - Arsenal midfielder Gilberto Silva will be shut down for at least one month as he attempts to recover from a back injury.	ENTAILMENT
646	This example is Sports	CBC SPORTS ONLINE - The Toronto Blue Jays have reportedly lured Corey Koskie back to Canada. The third baseman from Anola, Man., has reached a preliminary agreement with the Jays on a three-year, \$17-million US contract, according to the Globe and Mail.	ENTAILMENT
647	This example is Sports	Minneapolis, MN (Sports Network) - Minnesota Timberwolves guard Sam Cassell did not show up Tuesday for the first day of training camp.	ENTAILMENT
648	This example is Sports	Moscow, Russia (Sports Network) - Anastasia Myskina of Russia successfully defended her title in Moscow with a straight-set win over countrywoman Elena Dementieva at the final of the \$1.	ENTAILMENT
649	This example is Sports	London, England (Sports Network) - Bolton #39;s El-Hadji Diouf was fined the maximum of two weeks worth of wages for spitting on Portsmouth #39;s Arjan de Zeeuw during a Premier League match on Saturday.	ENTAILMENT
650	This example is World	World News Baghdad, Sep 9 : Foreign aid workers in Iraq are planning to leave the war-torn country since the kidnapping of two Italian women aid workers, Xinhua reports Thursday.	ENTAILMENT
651	This example is Sports	 NEW YORK (Sports Network) - New York Yankees first baseman  Jason Giambi has been receiving treatment for a benign tumor in  his pituitary gland.	ENTAILMENT
652	This example is Sports	San Antonio, TX (Sports Network) - Dean Wilson shot a five-under 65 on Friday to move into the lead at the halfway point of the Texas Open.	ENTAILMENT
653	This example is Sports	(Sports Network) - The Sacramento Kings play the second game of their regular season tonight, as they visit the San Antonio Spurs at the SBC Center.	ENTAILMENT
654	This example is Sports	(Sports Network) - The Boston Celtics picked up a victory on Friday evening against the Toronto Raptors. Mark Blount scored 22 points, Paul Pierce added 20, as the Celtics edged Toronto for a 91-89 victory at the FleetCenter.	ENTAILMENT
655	This example is Sports	Sports India, Cricket: Dhaka, Dec 12 : Pacer Irfan Pathan claimed his first 10-wicket haul and Sachin Tendulkar cracked a career-best unbeaten 248 to bring India within two wickets of victory on the third day of the first Test against Bangladesh here 	ENTAILMENT
656	This example is Sports	(Sports Network) - The red-hot Boston Red Sox hope to continue rolling as they continue their three-game set with the Anaheim Angels this evening at Fenway Park.	ENTAILMENT
657	This example is Sports	 NEW YORK (Sports Network) - Texas Rangers relief pitcher  Frank Francisco was suspended for the rest of the 2004 season  Friday by Major League Baseball after tossing a chair into the  stands and hitting two fans in the head earlier this week.	ENTAILMENT
658	This example is Sports	Chicago, IL (Sports Network) - DePaul University head men #39;s basketball coach Dave Leitao agreed to a six-year contract extension on Friday.	ENTAILMENT
659	This example is Sports	Milan, Italy (Sports Network) - Inter Milan has earned just two points after two Serie A matches, thanks to a 1-1 draw with Palermo on Saturday night.	ENTAILMENT
660	This example is Sports	Houston, TX (Sports Network) - Tyrone Moss ran for 147 yards and two touchdowns to lead fourth-ranked Miami-Florida to a 38-13 victory over Houston at Reliant Stadium.	ENTAILMENT
661	This example is Sports	CBC SPORTS ONLINE - Edgerrin James rushed for 124 yards and scored a pair of fourth-quarter touchdowns Sunday to lift the Indianapolis Colts to a 31-17 victory over the Tennessee Titans.	ENTAILMENT
662	This example is Sports	New York, NY (Sports Network) - Kyle Martino has earned Major League Soccer #39;s Player of the Week honor for Week 21 of the 2004 season.	ENTAILMENT
663	This example is Sports	New York, NY (Sports Network) - Published reports out of New York indicate the Yankees and Arizona Diamondbacks have halted trade talks involving five-time Cy Young Award winner Randy Johnson.	ENTAILMENT
664	This example is Sports	 DALLAS (Sports Network) - Freshman Adrian Peterson rushed  for a season-high 225 yards and Kejuan Jones scored the game's  only touchdown, as second-ranked Oklahoma blanked No. 5 Texas,  12-0, in the Red River Shootout at the Cotton Bowl.	ENTAILMENT
665	This example is Sports	Las Vegas, NV (Sports Network) - The middleweight megafight billed as the  quot;Quest for History quot; between undisputed champion Bernard Hopkins and the Golden Boy of boxing, Oscar De La Hoya, is just a day away.	ENTAILMENT
666	This example is Sports	Madrid, Spain (Sports Network) - Paul Broadhurst carded a three-under 68 on Saturday to hold onto a share of the lead after the third round of the Open de Madrid.	ENTAILMENT
667	This example is Sports	College field hockey: Fitchburg St. at Endicott, 3:30 p.m.; Regis at UMass-Dartmouth, 3:30 p.m.; Lasell at UNew England, 3:30 p.m.; Saint Anselm at Stonehill, 4 p.m.; Bentley at AIC, 4 p.m.; Gordon at Nichols, 4 p.m.; Trinity at Eastern Conn., 4 p.m.; Dartmouth at UNH, 7 p.m.; Merrimack at UMass-Lowell, 7 p.m.; Anna Maria at Clark, 7 p.m.	ENTAILMENT
668	This example is Sports	CBC SPORTS ONLINE - New York Yankees right-fielder Gary Sheffield revealed Tuesday that he and his wife were targeted by a blackmailer.	ENTAILMENT
669	This example is Sports	CBC SPORTS ONLINE - Point guard Avery Johnson retired Thursday as an active player to accept a coaching position with the Dallas Mavericks.	ENTAILMENT
670	This example is Sports	Los Angeles, CA (Sports Network) - JT Snow homered to lead San Francisco over Los Angeles, 4-2, in the opener of a three-game series at Dodger Stadium.	ENTAILMENT
671	This example is Sports	WASHINGTON (Sports Network) - Maurice Ager scored 13 points to lead 11th-ranked Michigan State to a 66-60 win over George Mason in the consolation game of the BB amp;T Classic from the MCI Center.	ENTAILMENT
672	This example is Sports	Houston, TX (Sports Network) - The Houston Rockets activated guard Tyronn Lue from the injured list prior to Wednesday #39;s game against the Hawks.	ENTAILMENT
673	This example is Sports	Starkville, MS (Sports Network) - Mississippi State quarterback Omarr Conner is expected to miss at least three weeks after spraining a ligament in his right knee during Saturday #39;s 51-0 drubbing to LSU.	ENTAILMENT
674	This example is Sports	Athens, Greece (Sports Network) - American middleweight Andre Dirrell lost his semifinal bout to Kazakhstan #39;s Gennadiy Golovkin on Friday, missing an opportunity to advance to the gold medal match.	ENTAILMENT
675	This example is Sports	ATHENS - The game is poker. The stakes are gold. The US Olympic Committee plainly holds the stronger hand in the Paul Hamm case. So why is it willing to split the pot?	ENTAILMENT
676	This example is Sports	San Antonio, TX (Sports Network) - The San Antonio Spurs Tuesday signed point guard Tony Parker to a multi-year contract extension.	ENTAILMENT
677	This example is Sports	Bromwich, England (Sports Network) - West Bromwich signed Japanese international Junichi Inamoto to a 2 1/2-year contract on Tuesday.	ENTAILMENT
678	This example is Sports	Zurich, Switzerland (Sports Network) - Slovakian Daniela Hantuchova highlighted Monday #39;s first-round winners, while former top-10 star Mary Pierce of France was among the losers at the \$1.	ENTAILMENT
679	This example is Sports	(Sports Network) - The Dodgers have been alone in first place in the National League West every day since July 8. That could change tonight, as Los Angeles tries to avoid being swept in a three-game series by the surging San Diego Padres at Petco Park.	ENTAILMENT
680	This example is Sports	CBC SPORTS ONLINE - No matter how hard the Toronto Raptors fought or well they shot, the Washington Wizards always found a way to rally back.	ENTAILMENT
681	This example is Sports	CBC SPORTS ONLINE - The San Francisco Giants plan to announce the signing of free-agent catcher Mike Matheny late Monday. Matheny, 34, reportedly will receive \$9 million US over three years.	ENTAILMENT
682	This example is World	PC World - Cell phones and wireless devices pass Airbus's onboard tests with flying colors.	ENTAILMENT
683	This example is World	PC World - Ten security flaws found in Firefox browser, Thunderbird e-mail client.	ENTAILMENT
684	This example is Sports	Irving, TX (Sports Network) - Tiki Barber ran for 122 yards and a touchdown and the New York Giants scored 20 unanswered points in the second half to post a 26-10 victory over Dallas in a showdown between NFC East rivals at Texas Stadium.	ENTAILMENT
685	This example is Sports	Logan, UT (Sports Network) - Brent Guy, a former Utah State assistant, has been named the 25th head coach of the Aggies. Guy, who coached the Utah State linebackers from 1992-94, has spent the last four seasons 	ENTAILMENT
686	This example is Sports	 WASHINGTON (Sports Network) - Roger Powell Jr. netted 19  points on 8-of-11 shooting to lead top-ranked Illinois to a  74-59 victory over Georgetown at the MCI Center.	ENTAILMENT
687	This example is World	PC World - MP3 Photo Jukebox features 1.6-inch color LCD and 4GB of storage.	ENTAILMENT
688	This example is Sports	 PORTLAND, Ore., (Sports Network) - Portland Trail Blazers  forward Qyntel Woods was suspended without pay pending the  club's investigation regarding allegations by Multnomah County  for dog abandonment and by Clackamas County for dog fighting.	ENTAILMENT
689	This example is Sports	 ANAHEIM, Calif. (Sports Network) - Pitcher Angel Garcia was  picked first overall by the Arizona Diamondbacks in baseball's  Rule 5 Draft on Monday, but moments after it was over he was  traded to the Tampa Bay Devil Rays for cash considerations.	ENTAILMENT
690	This example is Sports	Amsterdam, the Netherlands (Sports Network) - American international Earnie Stewart has signed an 18-month contract with VVV Venlo, the club where the midfielder began his career.	ENTAILMENT
691	This example is World	PC World - Sony embraces MP3, while new Blu-ray and speaker technology reaches the living room.	ENTAILMENT
692	This example is Sports	 WASHINGTON (Sports Network) - Former No. 1 overall pick  Kwame Brown returned from an off-season foot injury in  Washington's 95-68 rout of New Jersey Wednesday night.	ENTAILMENT
693	This example is Sports	 MINNEAPOLIS (Sports Network) - Minnesota Vikings running  back Onterrio Smith, who has been suspended four games for  violating the NFL's substance abuse policy, will begin serving  that suspension Sunday.	ENTAILMENT
694	This example is Sports	 ATLANTA (Sports Network) - Atlanta Thrashers right wing  Dany Heatley, who is charged with vehicular homicide and five  other counts in the 2003 car crash that killed teammate Dan  Snyder, had his Wednesday arraignment waived by a judge.	ENTAILMENT
695	This example is Sports	(Sports Network) - The Cardinals will try to get back on the winning track this evening, when they battle the San Diego Padres in the middle test of a three-game set at PETCO Park.	ENTAILMENT
696	This example is Sports	 New York, NY (Sports Network) - The New York Mets have  reportedly told Art Howe he will be fired, but he has agreed to  remain as the team's manager until the end of this season.	ENTAILMENT
697	This example is Sports	 ORCHARD PARK, N.Y. (Sports Network) - Buffalo Bills running  back Travis Henry could be sidelined for the remainder of the  season with a lower right leg injury.	ENTAILMENT
698	This example is Sports	 LOS ANGELES (Sports Network) - The Los Angeles Dodgers and  second baseman Jeff Kent agreed to a two-year contract on  Thursday, bringing the All-Star back to the state where he won  his lone NL MVP award.	ENTAILMENT
699	This example is Sports	NASSAU, Bahamas, Sun. Sept. 5: At least two people are dead in the Bahamas and several others injured, victims of Hurricane Frances.	ENTAILMENT
700	This example is Sports	 MINNEAPOLIS, Minn. (Sports Network) - Minnesota Vikings  star receiver Randy Moss suffered a hamstring injury during  Sunday's win over New Orleans and his status for this weekend's  game versus Tennessee is unknown.	ENTAILMENT
701	This example is Sports	 INDIANAPOLIS (Sports Network) - Indiana Pacers forward  Jonathan Bender will be out indefinitely due to his chronically  injured left knee.	ENTAILMENT
702	This example is Business	NAUBISE, Nepal : Somewhere on the other side of the mist-covered green hills that guard Nepal #39;s ancient capital Kathmandu, Maoist rebels are grinning.	ENTAILMENT
703	This example is Sports	CBC SPORTS ONLINE - Roger Clemens did his part, now Roy Oswalt - the Houston Astros #39; other ace pitcher -opes to follow his veteran teammate #39;s lead.	ENTAILMENT
704	This example is Sports	Hong Kong (Sports Network) - Miguel Angel Jimenez fired a six-under 64 Friday to surge into the lead after the second round of the Omega Hong Kong Open.	ENTAILMENT
705	This example is Sports	Sports India, Cricket: Kolkata, Nov 11 : The Pakistan cricket team will visit Indian captain Sourav Ganguly #39;s restaurant and watch a colour-version of the classic Indian film Mughal-e-Azam here Thursday.	ENTAILMENT
706	This example is World	PC World - Design and performance issues hold back this very cool idea.	ENTAILMENT
707	This example is Sports	 Davie, Fla. (Sports Network) - Sunday's game between the  Miami Dolphins and Pittsburgh Steelers has been postponed  because of Hurricane Jeanne.	ENTAILMENT
708	This example is Sports	CBC SPORTS ONLINE - Free-agent outfielder Ricky Ledee decided Monday to accept a two-year contract offer from the Los Angeles Dodgers.	ENTAILMENT
709	This example is World	PC World - Western Digital's Scorpio drives promise stinging performance.	ENTAILMENT
710	This example is Sports	Indianapolis, IN (Sports Network) - The Indiana Pacers announced Friday that Jamaal Tinsley has signed a contract extension with the team.	ENTAILMENT
711	This example is Sports	Morgantown, WV (Sports Network) - Paul Peterson threw two touchdown passes and Boston College scored a pair of touchdowns on punt returns, as the 21st-ranked Eagles upset No.	ENTAILMENT
712	This example is World	World News: Wellington, Dec 16 : An Australian plan to boost coastal security with a vast surveillance net across the Tasman Sea has taken New Zealand by surprise.	ENTAILMENT
713	This example is World	Saturday night's Game 1 World Series telecast returned a 13.7 national rating (25 share), the highest number for a Game 1 since the 1999 opener of the Yankees-Braves Series delivered a 14.2 (26 share) on NBC. It was the highest-rated World Series Game 1 for Fox since it began broadcasting baseball in 1996 (NBC retained the Series in 1997 and ...	ENTAILMENT
714	This example is Sports	 CHARLOTTE, N.C. (Sports Network) - Texas linebacker Derrick  Johnson was named the Bronco Nagurski Trophy winner Monday. The  award is presented annually to the best defensive player in  college football	ENTAILMENT
715	This example is Sports	By Adrian Curtis, PA Sport and Cindy Garcia-Bennett, PA International. Adrian Mutu is heading for talks about his Chelsea future with manager Jose Mourinho today following allegations that he has tested positive for a banned substance.	ENTAILMENT
716	This example is World	PC World - Mozilla-based Netscape 7.2 improves printing and integrates instant messaging.	ENTAILMENT
717	This example is Sports	Paris, France (Sports Network) - Andre Agassi and David Nalbandian announced Monday that they have withdrawn from the Paris Masters because of injuries.	ENTAILMENT
718	This example is Sports	 KAZAN, Russia (Sports Network) - Russian forward Alexei  Kovalev is the latest locked out National Hockey League player  to head abroad, as he signed on to play for AK Bars Kazan.	ENTAILMENT
719	This example is Sports	Green Bay, WI (Sports Network) - Chris Brown rushed for 148 yards and two touchdowns and Steve McNair threw for 206 yards and two scores to lead the Tennessee Titans to a 48-27 rout of the Green Bay Packers at Lambeau Field.	ENTAILMENT
720	This example is Sports	Sports India, Cricket: Chennai, Oct 15 : Virender Sehwag scored a return-to-form seventh Test century Friday to give India the upper hand in the second cricket Test against Australia.	ENTAILMENT
721	This example is Sports	 TORONTO (Sports Network) - The Toronto Blue Jays signed  free agent third baseman Corey Koskie to a three-year contract  on Tuesday with an option for 2008.	ENTAILMENT
722	This example is Sports	 COLUMBIA, S.C. (Sports Network) - The University of South  Carolina has scheduled a news conference for 1 p.m. EST Tuesday  when it is expected to announce that Steve Spurrier will take  over as the school's new head football coach.	ENTAILMENT
723	This example is Sci/Tech	Sci/Tech News, America Online, the largest Internet service provider, said it would stop using Microsoft #39;s (Nasdaq: MSFT) Sender ID technology to filter unwanted e-mail being sent to its millions of members, and instead embrace an open-source friendly 	ENTAILMENT
724	This example is Sports	 SALT LAKE CITY, (Sports Network) - The Jazz announced  Tuesday that the club will retire John Stockton's No. 12 on  November 22, 2004, when Utah hosts the New Orleans Hornets.	ENTAILMENT
725	This example is Sports	Allen Park, MI (Sports Network) - The Detroit Lions placed starting strong safety Brian Walker on injured reserve and released six players Sunday to get down to the NFL #39;s roster limit of 53 players.	ENTAILMENT
726	This example is World	PC World - Sony's upcoming gaming device earns mostly positive reviews from the crowd.	ENTAILMENT
727	This example is Sports	CBC SPORTS ONLINE - The Seattle Mariners continued efforts to bulk up their anemic offence Thursday, signing free-agent third baseman Adrian Beltre to lucrative contract.	ENTAILMENT
728	This example is Sports	WINSTON-SALEM, NC (Sports Network) - Chris Paul scored 16 points to lead No. 2 Wake Forest over Virginia Commonwealth, 81-67, in the quarterfinal round of the Preseason NIT.	ENTAILMENT
729	This example is Sports	Foxboro, MA (Sports Network) - The New England Patriots Wednesday announced that they placed first-round draft pick Benjamin Watson on injured reserve with a knee injury.	ENTAILMENT
730	This example is Sports	(Sports Network) - The much-improved Orlando Magic will take aim at their fourth win in five games tonight, when they take on the Washington Wizards at the MCI Center.	ENTAILMENT
731	This example is Sports	Toronto, ON (Sports Network) - The Toronto Blue Jays have signed utilityman Frank Menechino to a one-year contract. The deal is worth \$650,000 with an option for 2006.	ENTAILMENT
732	This example is Sports	 ANAHEIM, Calif. (Sports Network) - The Boston Red Sox have  signed free agent pitcher David Wells. The deal is believed to  be for two years.	ENTAILMENT
733	This example is Sports	Getafe, Spain (Sports Network) - Leaders Barcelona survived a late rally by promoted Getafe to earn a 2-1 road win Saturday. The win gives Barca a strong nine point lead over second place Espanyol, which edged Atletico Madrid Saturday 2-1.	ENTAILMENT
734	This example is Sports	CBC SPORTS ONLINE - Roger Federer, the world #39;s No. 1 tennis player, pulled out of the Swiss Indoors tournament Tuesday after injuring his left thigh in warm-up.	ENTAILMENT
735	This example is Sports	CBC SPORTS ONLINE - David Hearn became the latest Canadian to qualify for the PGA Tour, earning his card by a single stroke. Hearn, from Brampton, Ont.	ENTAILMENT
736	This example is Sports	Dallas, TX (Sports Network) - Tim Duncan had 20 points, 13 rebounds and five blocks and Devin Brown scored 14 of his 16 points in the fourth quarter, leading the San Antonio Spurs to a 107-89 victory over the Dallas Mavericks at American Airlines Center.	ENTAILMENT
737	This example is Sports	Nashville, TN (Sports Network) - Tennessee Titans quarterback Steve McNair is listed as the team #39;s emergency quarterback for Monday night #39;s tilt against the Kansas City Chiefs because of a bruised sternum.	ENTAILMENT
738	This example is World	Ziff Davis - This is a great time to have broadband. Also: Dual-connect mobile phones, life beyond iPod, multiple music sources, and cheap backup. #149;Welcome to the Broadband World\ #149;Wi-Fi Phones: A Natural Duo\ #149;More Choices in Music Players...\ #149;...And in Music Services\ #149;Time to Back Up	ENTAILMENT
739	This example is Sports	Cleveland, OH (Sports Network) - The Cleveland Cavaliers activated guard Dajuan Wagner from the injured list Monday. Wagner has missed the last five games because of soreness in his right foot.	ENTAILMENT
740	This example is Business	This year's Burning Man festival was alive with light all day and all night, as luminescent art and wild displays of fire lit the desert skies. Daniel Terdiman reports from Black Rock City, Nevada.	ENTAILMENT
741	This example is Sports	Charleston, SC (Sports Network) - Andy Roddick and Mardy Fish will play singles for the United States in this weekend #39;s Davis Cup semifinal matchup against Belarus.	ENTAILMENT
742	This example is Sports	 NEW ORLEANS (Sports Network) - Jason Campbell passed for  195 yards and a touchdown, Auburn's defense solidified its  status as one of the nation's toughest, and the third-ranked  Tigers completed the first perfect season in school history  with a 16-13 victory over No. 9 Virginia Tech in the Sugar  Bowl.	ENTAILMENT
743	This example is Sports	 LOS ANGELES (Sports Network) - Nate Robinson scored a  game-high 28 points to lead 16th-ranked Washington to a 100-93  win over Loyola-Marymount at Gersten Pavilion.	ENTAILMENT
744	This example is Sports	Atlanta, GA (Sports Network) - Tuesday night #39;s game between the Philadelphia Phillies and Atlanta Braves at Turner Field was postponed because of rain.	ENTAILMENT
745	This example is Sports	Los Angeles, CA (Sports Network) - Los Angeles Dodgers outfielder Milton Bradley was suspended for the remainder of the regular season by the league on Wednesday for his actions during Tuesday #39;s win against Colorado.	ENTAILMENT
746	This example is Sci/Tech	A 121 million-year-old baby arboreal bird, fossilised while still curled in its egg, has been found in China, Science magazine reports this week.	ENTAILMENT
747	This example is Sports	Sports India, Cricket: New Delhi, Oct.31 : The Centre has decided that it will not hike oil prices inspite of the spiralling international cost of crude.	ENTAILMENT
748	This example is Sports	New York, NY (Sports Network) - United States men #39;s national team captain and former San Jose Earthquakes midfielder Landon Donovan announced Tuesday he will return to Europe to continue his soccer career and development as a player.	ENTAILMENT
749	This example is Sports	CBC SPORTS ONLINE - The Anaheim Angels suspended outfielder Jose Guillen for the rest of the season without pay Sunday following an outburst during a game the previous night.	ENTAILMENT
750	This example is Business	Hurricane Frances sends commodity prices soaring and depresses insurance stocks as it heads for the Florida coast.	ENTAILMENT
751	This example is Sports	CBC SPORTS ONLINE - The Green Bay Packers finally managed to unload disgruntled cornerback Mike McKenzie - on the New Orleans Saints.	ENTAILMENT
752	This example is Sports	Moscow, Russia (Sports Network) - Russia and France will meet for the Fed Cup title this weekend at Krylatskoe Ice Stadium in a rematch of last year #39;s semifinals.	ENTAILMENT
753	This example is Sports	 SEATTLE (Sports Network) - The Seattle Mariners have  scheduled a Wednesday afternoon press conference to announce  Mike Hargrove as their new manager.	ENTAILMENT
754	This example is Sports	Canton, OH (Sports Network) - Former All-Pro quarterbacks Dan Marino and Steve Young, both first-year eligible candidates, head a list of 89 former players, coaches, and contributors who comprise a list of preliminary nominees for enshrinement to the Pro 	ENTAILMENT
755	This example is Sports	Los Angeles, CA (Sports Network) - The Los Angeles Clippers Monday exercised the contract option for the 2005-06 season on forward Chris Wilcox.	ENTAILMENT
756	This example is World	PC World - With VPN bug resolved, distribution of Windows XP update will increase.	ENTAILMENT
757	This example is Sports	Shanghai, China (Sports Network) - Third-seeded Argentine Guillermo Canas recorded an easy straight-set win over second-seeded Czech Jiri Novak in Saturday #39;s semifinals at the \$380,000 Heineken Open Shanghai.	ENTAILMENT
758	This example is Sports	 OXFORD, Miss. (Sports Network) - The University of  Mississippi introduced Southern California assistant Ed Orgeron  as its new head football coach during a Thursday press  conference.	ENTAILMENT
759	This example is Sports	(Sports Network) - A late schedule change certainly did not appear to faze the Titans in Week 1. Due to the threat of Hurricane Ivan in south Florida, Tennessees game against the Miami Dolphins was pushed up to Saturday, and resulted in a dominant, 17 	ENTAILMENT
760	This example is Sports	Chicago, IL (Sports Network) - Peyton Manning threw four touchdown passes and Edgerrin James ran for 204 yards with a score, as the Indianapolis Colts rolled to a 41-10 victory over the Chicago Bears at Soldier Field.	ENTAILMENT
761	This example is Sports	(Sports Network) - The Boston Celtics found themselves on the wrong end of a 100-99 decision against the Denver Nuggets on Wednesday at the FleetCenter.	ENTAILMENT
762	This example is Sports	Calgary, AB (Sports Network) - Calgary Flames head coach Darryl Sutter underwent an emergency appendectomy and is expected to make a full recovery.	ENTAILMENT
763	This example is Sports	Rostock, Germany (Sports Network) - Hansa Rostock coach Juri Schluenz resigned Sunday following a 6-0 loss at home to Hamburg. The loss left Rostock in the basement of the Bundesliga with eight points from 13 matches.	ENTAILMENT
764	This example is Sports	CBC SPORTS ONLINE - Rex Grossman #39;s latest stint as starting quarterback for the Chicago Bears lasted all of three games. Grossman, 24, suffered a season-ending ruptured anterior cruciate ligament in Sunday #39;s 27-22 loss at Minnesota.	ENTAILMENT
765	This example is Sports	Athens, Greece (Sports Network) - Gunn-Rita Dahle of Norway captured the gold medal on Friday in the women #39;s mountain bike competition at the Summer Olympics in Athens.	ENTAILMENT
766	This example is Sports	CBC SPORTS ONLINE - The Houston Rockets activated point guard Tyronn Lue off the injured list Wednesday. Lue, who missed five games with a sore right knee, had four points, an assist and a steal in Houston #39;s 92-69 victory over the Atlanta Hawks.	ENTAILMENT
767	This example is Sports	Pro baseball: AL Championship Series -- New York Yankees vs. Red Sox (Game 3) at Fenway Park, 8 p.m.	ENTAILMENT
768	This example is Sports	Miyazaki, Japan (Sports Network) - Tiger Woods shot a three-under 67 on Sunday to easily win the Dunlop Phoenix by eight strokes. Woods completed the tournament at 16-under-par 264.	ENTAILMENT
769	This example is Sports	Linz, Austria (Sports Network) - Former world No. 1 Amelie Mauresmo of France led the parade into the semifinals at the \$585,000 Generali Ladies Linz tennis event.	ENTAILMENT
770	This example is Sports	Philadelphia, PA (Sports Network) - Southern California and Oklahoma are still the top teams in the Bowl Championship Series standings, while Auburn remained third and on the outside looking in at the national championship game with one week remaining in 	ENTAILMENT
771	This example is Sports	Tucson, AZ (Sports Network) - Mustafa Shakur led three Arizona players who scored at least 20 points as the 10th-ranked Wildcats opened their 2004-05 season with an 80-69 victory over San Diego at the McKale Center in the first round of the Preseason NIT.	ENTAILMENT
772	This example is Sci/Tech	Sci/Tech News, New York - British tycoon Richard Branson #39;s Virgin Group said on Monday it was jumping into the market for online music, with a  quot;Digital Megastore quot; offering US customers song downloads for 99 cents.	ENTAILMENT
773	This example is Sports	 MIAMI (Sports Network) - Former Dolphins running back Ricky  Williams was ordered by an arbitrator Friday to pay a huge sum  of money to Miami, which filed a grievance against the star  after he retired just prior to training camp this season.	ENTAILMENT
774	This example is Sports	(Sports Network) - Boston #39;s Curt Schilling wasn #39;t his usual dominant self on Tuesday in Game 1 of the American League Division Series versus Anaheim.	ENTAILMENT
775	This example is World	PC World - Sales of laptops using Intel's mobile processor are picking up.	ENTAILMENT
776	This example is Sports	 PHILADELPHIA (Sports Network) - Southern California and  Oklahoma are still the top teams in the Bowl Championship  Series standings, while Auburn remained third and on the  outside looking in at the national championship game with one  week remaining in the regular season.	ENTAILMENT
777	This example is Sports	Columbus, OH (Sports Network) - With the United States men #39;s national soccer team having already booked a place in the final round of World Cup qualifying, head coach Bruce Arena is likely to put a young squad on the field Wednesday against Jamaica at 	ENTAILMENT
778	This example is Business	Australia re-elected a conservative government recently, which will allow the expansion of a crucial part of the U.S. missile defense shield. Critics say the Pine Gap facility could start an arms race in Asia. Patrick Gray reports from Brisbane, Australia.	ENTAILMENT
779	This example is Sports	(Sports Network) - The Cleveland Indians will continue with the second test of a regular season-ending three-game set against the Minnesota Twins at the Metrodome.	ENTAILMENT
780	This example is Sports	CBC SPORTS ONLINE - Five-time Olympic biathlon champion Ole Einar Bjorndalen of Norway may have been absent from a World Cup event Wednesday, but his fellow countrymen Stian Eckhoff and Frode Andresen were there to pick up the slack.	ENTAILMENT
781	This example is Sports	Orchard Park, NY (Sports Network) - Willis McGahee ran for 132 yards and a touchdown to lead the Buffalo Bills to a 22-17 victory over the New York Jets at Ralph Wilson Stadium.	ENTAILMENT
782	This example is World	PC World - Software giant contesting order to pay  #36;521 million in patent infringement verdict.	ENTAILMENT
783	This example is Sports	Martinsville, VA (Sports Network) - A plane owned by Hendrick Motorsports crashed Sunday on its way to a NASCAR race at Martinsville Speedway, killing all 10 people aboard.	ENTAILMENT
784	This example is Sports	CBC SPORTS ONLINE - The Arizona Diamondbacks have reportedly signed free-agent third baseman Troy Glaus. The Arizona Republic reported Thursday that Glaus and the Diamondbacks have agreed to a four-year, \$45-million US contract.	ENTAILMENT
785	This example is Sports	 BOSTON (Sports Network) - The Boston Celtics placed forward  Tom Gugliotta on the injured list Tuesday with lower back pain.	ENTAILMENT
786	This example is Sports	 TEMPE, Ariz. (Sports Network) - Alex Smith threw for 328  yards and four touchdowns to lead fifth-ranked Utah to a  convincing 35-7 rout of 19th-ranked Pittsburgh in the Fiesta  Bowl at Sun Devil Stadium.	ENTAILMENT
787	This example is Sports	CBC SPORTS ONLINE - The Baltimore Orioles reached terms Wednesday with first baseman Rafael Palmeiro on a one-year, \$3-million US contract.	ENTAILMENT
788	This example is Sports	Vienna, Austria (Sports Network) - Top seeds David Nalbandian, Nicolas Massu and Rainer Schuettler were all quarterfinal losers Friday at the indoor BA-CA Tennis Trophy.	ENTAILMENT
789	This example is Business	Bungie's follow-up to its wildly successful shooter provides hours of fun, provided you're not too irritated by the ending or the long wait for a match on Xbox Live. By Lore Sjberg.	ENTAILMENT
790	This example is Sports	 COLLEGE STATION, Texas (Sports Network) - Jason White threw  for 292 yards and five touchdown passes, including a 39-yarder  to Mark Bradley with 6:43 left to play for the tie-breaking  score, as second-ranked Oklahoma pulled out a thrilling 42-35  victory over No. 22 Texas A M in a key Big 12 showdown at Kyle  Field.	ENTAILMENT
791	This example is Sports	Flowery Branch, GA (Sports Network) - The Atlanta Falcons Monday signed Pro Bowl tight end Alge Crumpler to a six-year contract extension.	ENTAILMENT
792	This example is Sports	Toronto, ON (Sports Network) - The Toronto Blue Jays signed free agent third baseman Corey Koskie to a three-year contract on Tuesday with an option for 2008.	ENTAILMENT
793	This example is Sports	BERKELEY, Calif. (Sports Network) - JJ Arrington rushed for 169 yards and a touchdown on 27 carries to lead No. 4 California to a convincing 41-6 win over Stanford in The Big Game at Memorial Stadium.	ENTAILMENT
794	This example is Sports	Durham, NC (Sports Network) - Shelden Williams finished with 23 points, 14 rebounds and seven blocks to lead seventh-ranked Duke to an 88-55 win over Illinois-Chicago at Cameron Indoor Stadium.	ENTAILMENT
795	This example is Sports	Lincoln, NE (Sports Network) - Bobby Purify ran for 130 yards with a touchdown and Joel Klatt threw for 222 yards with a score, as Colorado kept its Big 12 title hopes alive and sent Nebraska to its first losing season in 43 years with a 26-20 victory in 	ENTAILMENT
796	This example is Sports	Cary, NC (Sports Network) - Notre Dame won its second women #39;s soccer title Sunday as it edged UCLA, 4-3 on penalty kicks. The two teams were tied at one after 110 minutes of regulation and two  quot;golden goal quot; overtime periods.	ENTAILMENT
797	This example is Sports	Pittsburgh, PA (Sports Network) - Steelers wide receiver Plaxico Burress #39; injured hamstring will prevent him from playing in Saturday #39;s game against the New York Giants.	ENTAILMENT
798	This example is Sports	Stuttgart, Germany (Sports Network) - Werder Bremen scored twice in the last 12 minutes as the defending Bundesliga champions beat Stuttgart in a physical match, 2-1.	ENTAILMENT
799	This example is Sports	Green Bay, WI (Sports Network) - The Green Bay Packers will be without the services of Pro Bowl center Mike Flanagan for the remainder of the season, as he will undergo left knee surgery.	ENTAILMENT
800	This example is Sports	Kansas City, MO (Sports Network) - The Kansas City Royals declined to offer arbitration to veteran outfielder Juan Gonzalez and three others on Tuesday, effectively cutting them loose.	ENTAILMENT
801	This example is World	 World Match Play: Ernie Els beat Lee Westwood 2 and 1 in the final yesterday on his 35th birthday in Virginia Water, England, to capture golf #39;s biggest payday - \$1.	ENTAILMENT
802	This example is Sports	Farmington, PA (Sports Network) - Vijay Singh carded a three-under 69 on Sunday to hang on for the title at the 84 Lumber Classic.	ENTAILMENT
803	This example is Sports	London, England (Sports Network) - Arsenal stretched its unbeaten run to 45 games in a controversial 3-0 win at Fulham Saturday. Fulham outplayed heavily favored Arsenal for much of the first half, and appeared 	ENTAILMENT
804	This example is World	&lt;strong&gt;HP World&lt;/strong&gt; Free Alpha upgrades to stem defections	ENTAILMENT
805	This example is Sports	Bronx, NY (Sports Network) - Half of the scheduled doubleheader between the New York Yankees and Tampa Bay was postponed Monday after the Devil Rays had trouble leaving Florida because of Hurricane Frances.	ENTAILMENT
806	This example is Sports	College field hockey: Sweet Briar at Nichols, 10 a.m.; Salve Regina at Regis, 11 a.m.; UMass-Dartmouth at Bridgewater St., 11 a.m.; Assumption at AIC, 11 a.m.; Middlebury at Colby, 11 a.m.; Conn. College at Wesleyan, 11 a.m.; Amherst at Bowdoin, 11:30 a.m.; URI at Yale, noon; Penn at Dartmouth, noon; Salem St. at Fitchburg St., noon; Trinity at Williams, noon; ...	ENTAILMENT
807	This example is Sports	Chicago, IL (Sports Network) - William T.  quot;Billy quot; Reay, the winningest coach in the history of the Chicago Blackhawks, passed away on Thursday afternoon in Madison, Wisconsin.	ENTAILMENT
808	This example is Sports	Oakland, CA (Sports Network) - The Orlando Magic activated forward Pat Garrity from the injured list on Friday and placed forward Brandon Hunter on the IL with a hyperextended right elbow.	ENTAILMENT
809	This example is Sports	 STARKVILLE, Mississippi (Sports Network) - The NCAA  Wednesday placed Mississippi State on probation for four years  because of football recruiting violations.	ENTAILMENT
810	This example is Sports	Notre Dame players will vote on Wednesday whether to play in the Insight Bowl in Phoenix, SportsLine.com has learned. In light of the firing of coach Ty Willingham, the players have yet to determine if they are emotionally ready to play in the Dec.	ENTAILMENT
811	This example is Sports	 FARMINGTON, Penn. (Sports Network) - Tiger Woods announced  that he will not play in this week's 84 Lumber Classic due to  fatigue.	ENTAILMENT
812	This example is World	PC World - Here's what was good-looking, butt-ugly, and just plain annoying at the recent consumer electronics and home theater show.	ENTAILMENT
813	This example is Sports	CBC SPORTS ONLINE - The Toronto Raptors extended the defending NBA champion Detroit Pistons to overtime but to little avail, losing 90-86 and Vince Carter to injury.	ENTAILMENT
814	This example is Sports	Tampa, FL (Sports Network) - Tampa Bay inked former Buc and Super Bowl MVP Dexter Jackson on Tuesday to add depth to its suddenly-thin safety position.	ENTAILMENT
815	This example is Sports	 NEW YORK (Sports Network) - Portland Trail Blazers head  coach Maurice Cheeks was fined \$7,500 by the league on Monday  for his behavior during this past Friday's game against Utah.	ENTAILMENT
816	This example is Sports	CHAMPAIGN -- ESPN #39;s Jay Bilas said Deron Williams, the Big Ten #39;s Preseason Player of the Year, wouldn #39;t rank in the top 10 in the ACC.	ENTAILMENT
817	This example is Sports	NORMAN, Okla. (Sports Network) - Jason White threw for three touchdowns and Adrian Peterson ran for 146 yards with a score, leading second-ranked Oklahoma to a 28-13 victory over Texas Tech at Memorial Stadium.	ENTAILMENT
818	This example is Sports	 NEW ORLEANS (Sports Network) - New Orleans Hornets guard  Baron Davis is expected to be sidelined one-to-two weeks  because of a lower back injury.	ENTAILMENT
819	This example is Sports	Ames, IA (Sports Network) - Former Iowa State standout wrestler Cael Sanderson has joined the school as an assistant for the upcoming season.	ENTAILMENT
820	This example is World	PC World - Intel-based PCs are shipping now and AMD systems with the technology are on the way.	ENTAILMENT
821	This example is Sports	Toronto, ON (Sports Network) - Allen Iverson had 32 points, six rebounds and four assists in 27 minutes of action, as the Philadelphia 76ers edged the Toronto Raptors, 99-97.	ENTAILMENT
822	This example is Sports	(Sports Network) - A possible National League Division Series preview will take center stage this evening in St. Louis, as the MLB-best Cardinals host the Los Angeles Dodgers for the opener of a their three-game set at Busch Stadium.	ENTAILMENT
823	This example is Sports	BASEBALL Arizona (NL): Placed C Koyie Hill on the 15-day DL; purchased contract of C Chris Snyder from El Paso (Texas League). Baltimore (AL): Placed OF Larry Bigbie and 2B-OF Jerry Hairston on the 15-day DL; recalled OF Darnell McDonald from Ottawa (IL); purchased contract of OF Val Majewski from Bowie (EL). Houston (NL): Placed P Andy Pettitte on the ...	ENTAILMENT
824	This example is Sports	Houston, TX (Sports Network) - Third-seeded Lleyton Hewitt humbled eighth- seeded Gaston Gaudio 6-2, 6-1 on Friday to secure a spot in the semifinals at the 2004 Tennis Masters Cup.	ENTAILMENT
825	This example is Sports	 SOUTH BEND, Ind. (Sports Network) - The University of Notre  Dame announced Tuesday that Tyrone Willingham will not be  retained as the head football coach for 2005. The school has  scheduled a news conference for 4 p.m. EST.	ENTAILMENT
826	This example is Sports	CBC SPORTS ONLINE - Free-agent pitcher Woody Williams rejoined the San Diego Padres more than three years after he was traded away.	ENTAILMENT
827	This example is Sports	 GREENVILLE, N.C. (Sports Network) - East Carolina head  football coach John Thompson announced his resignation,  effective at the end of the season, on Wednesday.	ENTAILMENT
828	This example is Sports	Athens, Greece (Sports Network) - American Jeremy Wariner led the United States to a sweep of the medals in the men #39;s 400 meter sprint Monday night at the Olympics.	ENTAILMENT
829	This example is Sports	(Sports Network) - The New York Yankees can clinch a playoff berth tonight, and they can do it with a pitcher who is still unbeaten this year.	ENTAILMENT
830	This example is Sports	NEW YORK (Sports Network) - The Tampa Bay Devil Rays aren #39;t scheduled to arrive in New York City until nearly 6:00 pm Monday, leaving their scheduled doubleheader with the Yankees in the air.	ENTAILMENT
831	This example is Sports	SPACE.com - UPDATE: Story first posted 6:49 a.m. ET, November 16, \2004	ENTAILMENT
832	This example is Sports	By RONALD BLUM AP Sports Writer. either pick up his option or not, it #39;s up to them. Jon wants to remain a. on first baseman Travis Lee and their 2006 option on reliever Paul Quantrill.	ENTAILMENT
833	This example is Sports	Bronx, NY (Sports Network) - Ken Caminiti, who won the National League MVP in 1996 and later admitted to using steroids during his playing career, passed away on Sunday due to an apparent heart attack.	ENTAILMENT
834	This example is Sports	Moscow, Russia (Sports Network) - Russia and France cruised into the Fed Cup final Thursday, completing 5-0 shutouts over opponents Austria and Spain after taking commanding early leads in the semifinals.	ENTAILMENT
835	This example is Sports	DURHAM, North Carolina (Sports Network) - Alvin Pearman ran for 223 yards and a touchdown on 38 carries and Wali Lundy added two touchdown runs to lead 14th-ranked Virginia to a 37-16 win over Duke in the Atlantic Coast Conference at Wallace Wade Stadium.	ENTAILMENT
836	This example is Sports	Chattanooga, TN (Sports Network) - Justin Rascati and Maurice Fenner each ran for two touchdowns to lead the James Madison Dukes over the Montana Grizzlies, 31-21, in the Division I-AA championship game at Finley Stadium.	ENTAILMENT
837	This example is World	PC World - A high-capacity cigar, keys to the Internet, disc repair tools, Bluetooth add-on kit, and more.	ENTAILMENT
838	This example is Sports	Raleigh, NC (Sports Network) - Andrew Brackman scored 16 of his 20 points in the second half to lead 12th-ranked North Carolina State to a hard-fought 78-72 win over Louisiana-Lafayette at the RBC Center.	ENTAILMENT
839	This example is Sports	CBC SPORTS ONLINE - Tommy Kane, the Montreal native who played wide receiver in the NFL and CFL, pleaded guilty to manslaughter Tuesday in connection with the death of his former wife.	ENTAILMENT
840	This example is Sports	 KANSAS CITY, Mo., (Sports Network) - Kansas City Chiefs  running back Priest Holmes is questionable for Sunday's game  against Houston because of a sprained ankle.	ENTAILMENT
841	This example is Sports	London, England (Sports Network) - In Sunday #39;s only Premiership match, Bolton Wanderers moved back into the league #39;s fourth position after beating Newcastle United 2-1.	ENTAILMENT
842	This example is Sports	San Diego, CA (Sports Network) - Adrian Beltre recorded three hits and two runs scored to lead the Los Angeles Dodgers to a 9-6 victory over the San Diego Padres in the finale of a three-game series at Petco Park.	ENTAILMENT
843	This example is Sports	San Jose, CA (Sports Network) - San Jose State head football coach Fitz Hill announced his resignation, effective at season #39;s end.	ENTAILMENT
844	This example is Sports	Philadelphia, PA (Sports Network) - Southern California and Oklahoma remained the top two teams in the Bowl Championship Series standings, while Miami- Florida and Florida State plummeted in the rankings after suffering surprising road losses on Saturday.	ENTAILMENT
845	This example is Sports	Sports India, Cricket: Jaipur, Nov 15 : The Board of Control for Cricket in India (BCCI) is yet to get a formal communication from the international cricket body on the two-Test suspension of skipper Sourav Ganguly, an official said Monday.	ENTAILMENT
846	This example is Sports	Dallas, TX (Sports Network) - The Dallas Mavericks signed free agent Avery Johnson on Thursday, bringing the guard back to the team for which he played during parts of 2002 and 2003.	ENTAILMENT
847	This example is Sports	Torino, Italy (Sports Network) - Juventus served notice of its intentions Tuesday, acquiring Italian national team captain Fabio Cannavaro and talented Swedish striker Zlatan Ibrahimovic.	ENTAILMENT
848	This example is Sports	Athens, Greece (Sports Network) - Brazil #39;s Ricardo Sanos and Emanuel Rego won their country #39;s first-ever gold medal in men #39;s beach volleyball Wednesday night with a straight set victory over Javier Bosma and Pablo Herrera of Spain.	ENTAILMENT
849	This example is Sports	Miami, FL (Sports Network) - Former Dolphins running back Ricky Williams was ordered by an arbitrator Friday to pay a huge sum of money to Miami, which filed a grievance against the star after he retired just prior to training camp this season.	ENTAILMENT
850	This example is Sports	Evanston, IL (Sports Network) - Northwestern head football coach Randy Walker was hospitalized with an undisclosed illness before a Monday press conference.	ENTAILMENT
851	This example is Sports	CBC SPORTS ONLINE - Vijay Singh officially supplanted Tiger Woods as the world #39;s finest golfer, earning PGA player of the year honours on Monday.	ENTAILMENT
852	This example is Sports	CBC SPORTS ONLINE - The Montreal Expos might be able to teach the Florida Marlins a thing or two about playing baseball at neutral venues.	ENTAILMENT
853	This example is Sports	Gainesville, FL (Sports Network) - Steve Spurrier will not coach the Florida Gators again after he withdrew his name from consideration in the process to select a new head football coach at the university.	ENTAILMENT
854	This example is Sports	Birmingham, England (Sports Network) - West Bromwich Albion coach Gary Megson will not re-sign with the club when his contract runs out on June 30, 2005.	ENTAILMENT
855	This example is Sports	 GAINESVILLE, Fla. (Sports Network) - Steve Spurrier will  not coach the Florida Gators again after he withdrew his name  from consideration in the process to select a new head football  coach at the university.	ENTAILMENT
856	This example is Sports	CBC SPORTS ONLINE - Peyton Manning threw for a career-high 472 yards and five touchdowns on 25-of-44 passing, but his last-ditch comeback attempt ended with an interception in the end zone in the closing minutes as Kansas City outlasted Indianapolis 45-35 	ENTAILMENT
857	This example is Sports	Los Angeles, CA (Sports Network) - Karl Dorrell, head football coach at UCLA, agreed to a two-year contract extension Friday that will keep him at the school through the 2010 season.	ENTAILMENT
858	This example is World	PC World - IPod Photo won't play songs purchased from Real.	ENTAILMENT
859	This example is Sports	(Sports Network) - Barry Bonds can join the exclusive 700 club tonight, as the San Francisco Giants begin a three-game series versus the Milwaukee Brewers at Miller Park.	ENTAILMENT
860	This example is Sports	Detroit, MI (Sports Network) - The Detroit Tigers exercised the 2005 contract option on closer Ugueth Urbina on Friday. Urbina finished 4-6 with a 4.50 ERA and 21 saves in 54 outings during 2004, his first 	ENTAILMENT
861	This example is Sports	San Francisco, CA (Sports Network) - The San Francisco Giants have scheduled a news conference prior to Tuesday night #39;s game against Houston at which time the club is expected to announce that Barry Bonds will remain under contract through the 2006 season 	ENTAILMENT
862	This example is Sports	Flushing Meadows, NY (Sports Network) - The men #39;s semifinals at the 2004 US Open will be staged on Saturday, with three of the tournament #39;s top-five seeds ready for action at the USTA National Tennis Center.	ENTAILMENT
863	This example is Sports	CBC SPORTS ONLINE - The spectre of an eighth straight loss was enough to spur the Toronto Raptors to a stunning 96-90 upset win over the visiting Minnesota Timberwolves at the Air Canada Centre.	ENTAILMENT
864	This example is Sports	Nashville, TN (Sports Network) - Edgerrin James ran for 124 yards and scored a pair of fourth-quarter touchdowns to lift the Indianapolis Colts to a 31-17 victory over the Tennessee Titans at The Coliseum.	ENTAILMENT
865	This example is Sports	Miami, FL (Sports Network) - Bryce Molder and Tim Wilkinson each fired rounds of seven-under-par 64 on Thursday to share the lead during the suspended first round of the Miccosukee Championship.	ENTAILMENT
866	This example is Sports	The Mavericks are 4-3 on the road this season...The Spurs have won 18 straight regular-season home games dating back to last year...Dallas had a season-low eight assists. San Antonio, TX (Sports Network) - Tim 	ENTAILMENT
867	This example is Sports	CBC SPORTS ONLINE - Just hours after Justin Gatlin stunned the world by winning Olympic gold in the 100 metres, his coach made a surprise admission on Sunday, revealing he was the anonymous source that sparked a doping investigation that rocked the world 	ENTAILMENT
868	This example is Sports	Philadelphia, PA (Sports Network) - The Philadelphia Eagles announced Saturday that cornerback Lito Sheppard and defensive tackle Sam Rayburn each signed contract extensions that will keep both players in the fold through the 2011 season.	ENTAILMENT
869	This example is Sports	West Palm Beach, FL (Sports Network) - Tom Lehman will be named the United States Ryder Cup captain for the 2006 matches, according to The Palm Beach Post.	ENTAILMENT
870	This example is Sports	CBC SPORTS ONLINE - Seattle Seahawks wide receiver Jerry Rice became the most prolific offensive player in NFL history on Monday night.	ENTAILMENT
871	This example is Sports	Detroit, MI (Sports Network) - The Detroit Red Wings Tuesday re-signed center Steve Yzerman to a one-year contract. Financial terms were not disclosed.	ENTAILMENT
872	This example is Sports	 CHARLOTTE, North Carolina (Sports Network) - The Charlotte  Bobcats signed free agent shooting guard Steve Smith on  Thursday.	ENTAILMENT
873	This example is Sports	 GREEN BAY, Wis. (Sports Network) - Green Bay Packers  quarterback Brett Favre is listed as probable for Monday's game  against Tennessee after the three-time MVP missed most of the  second half of last week's game because of a concussion.	ENTAILMENT
874	This example is Sports	Buenos Aires, Argentina (Sports Network) - Marcelo Bielsa resigned as Argentina #39;s coach on Tuesday, despite leading his country to the final of Copa America and to an Olympic triumph this summer.	ENTAILMENT
875	This example is Sports	Pro baseball: Red Sox vs. Toronto at Fenway Park, 7 p.m.; Atlantic League -- Nashua vs. Camden at Holman Stadium, Nashua, 6:30 p.m.; International League -- Pawtucket vs. Buffalo at McCoy Stadium, Pawtucket, R.I., 7 p.m.; Eastern League: Portland vs. New Britain at Hadlock Field, Portland, Maine, 7 p.m.; Northeast League -- Brockton vs. New Haven at Campanelli Stadium, Brockton, ...	ENTAILMENT
876	This example is World	PC World - Internet telephony application balks on IPaq and Axim Pocket PC devices.	ENTAILMENT
877	This example is Sports	 COLUMBUS, Ohio (Sports Network) - Ohio State athletic  director Andy Geiger announced a one-year contract extension  for men's head basketball coach Thad Matta as a direct result  of the school imposing a ban on postseason play for 2004-05.	ENTAILMENT
878	This example is Sports	Landover, MD (Sports Network) - Rudi Johnson rushed for 102 yards and a score, Carson Palmer threw a touchdown pass and the Cincinnati Bengals became the fourth straight team to win in Washington, beating the Redskins 17-10 at FedEx Field.	ENTAILMENT
879	This example is Sports	San Francisco, CA (Sports Network) - San Francisco 49ers starting quarterback Tim Rattay is listed as questionable for Sunday #39;s game against the Chicago Bears with a forearm injury.	ENTAILMENT
880	This example is Sports	CBC SPORTS ONLINE - The Anaheim Angels exercised catcher Bengie Molina #39;s contract option on Monday, but not that of pitcher Ramon Ortiz.	ENTAILMENT
881	This example is Sports	Athens, Greece (Sports Network) - China dropped the first two sets, but rallied for a victory over Russia in the women #39;s volleyball gold medal match.	ENTAILMENT
882	This example is Sports	Birmingham, England (Sports Network) - West Bromwich Albion hired former player Bryan Robson to be their new head coach Tuesday. Robson, 47, began his playing career with West Brom in 1974 and made 249 appearances for the club.	ENTAILMENT
883	This example is Sports	 VIERA, Florida (Sports Network) - On the day Major League  Baseball owners delayed the vote to finalize the move of the  Expos to Washington, DC, the club on Thursday signed manager  Frank Robinson to a one-year contract.	ENTAILMENT
884	This example is Sports	 NEW YORK (Sports Network) - New York Yankees pitcher Kevin  Brown, who suffered a broken left hand Friday night when he  punched a wall after his start against the Baltimore Orioles,  could be lost for the remainder of the 2004 season.	ENTAILMENT
885	This example is World	WOOLWORTHS has cemented its advantage in the tussle for Australian Leisure and Hospitality, less than an hour before it would have ceded victory to Coles Myer.	ENTAILMENT
886	This example is Sports	London, England (Sports Network) - Arsenal defender Sol Campbell will be out another three weeks as he is struggling to recover from an Achilles injury.	ENTAILMENT
887	This example is Sports	Madrid, Spain (Sports Network) - The United States and Spain will play their 2004 Davis Cup final on a clay court at Olympic Stadium in Seville, from December 3-5.	ENTAILMENT
888	This example is Business	NEW YORK (CBS.MW) -- Boeing Co. #39;s third-quarter earnings rose 78 percent on higher sales of communications equipment to the US military and better commercial aircraft profits.	ENTAILMENT
889	This example is Sports	" CHARLOTTE, N.C. (Sports Network) - Carolina Panthers  running back Stephen Davis will miss his seventh game of the  season on Sunday when the club travels west to face the San  Francisco 49ers. Davis was officially listed as ""out"" on  Friday's injury report."	ENTAILMENT
890	This example is Sports	Sports India, Cricket: Dhaka, Dec 8 : A 15-member Indian cricket squad Wednesday arrived here amidst tight security to play two Tests and three one-day internationals against Bangladesh.	ENTAILMENT
891	This example is Sports	CBC SPORTS ONLINE - Veteran cornerback Charles Woodson re-signed Tuesday with the Oakland Raiders, ending his lengthy holdout. Woodson, 27, inked a one-year contract reportedly worth \$8.	ENTAILMENT
892	This example is Sports	Sports India: Tokyo, Oct 10 : Michael Schumacher on his Ferrari breezed to a sixth victory of the Japanese Grand Prix in Suzuka Sunday.	ENTAILMENT
893	This example is Sports	Richmond, VA (Sports Network) - Ryan Newman earned the pole for Saturday night #39;s Chevy Rock  amp; Roll 400. The No.12 Penske Dodge circled the 0.750-mile Richmond International Raceway short track in 20.	ENTAILMENT
894	This example is Sports	Oxford, MS (Sports Network) - John Daly #39;s wife, Sherrie Miller Daly, pleaded guilty to a federal money laundering charge on Friday and will await sentencing.	ENTAILMENT
895	This example is Sports	 OAKLAND, Calif., (Sports Network) - Travis Niesen scored a  career-high 26 points, Kyle Bailey added 20 and Santa Clara  shocked No. 4 North Carolina with a 77-66 victory in a Pete  Newell Challenge game at The Arena.	ENTAILMENT
896	This example is Sports	Seoul, Korea (Sports Network) - Wimbledon champion Maria Sharapova was an easy quarterfinal winner Friday at the \$140,000 Korea Open Tennis Championships.	ENTAILMENT
897	This example is World	HOUSTON, United States : World number one Roger Federer outlasted Marat Safin in a tie-breaker that matched the longest in tennis history to book a date against Lleyton Hewitt in the ATP Masters Cup final.	ENTAILMENT
898	This example is Sports	Miami,FL (Sports Network) - The Florida Marlins released reliever Billy Koch on Tuesday, while catcher Ramon Castro opted for free agency.	ENTAILMENT
899	This example is Sports	CBC SPORTS ONLINE - US Open champion Retief Goosen was the only winner on a rainy opening day of the World Match Play Championship on Thursday, beating Jeff Maggert by a record 12 and 11.	ENTAILMENT
900	This example is Sports	USATODAY.com - Too tired to take batting practice, the bleary-eyed Minnesota Twins milled around the Metrodome just hours after another postseason rally by the New York Yankees evened their American League Division Series at one game each.	ENTAILMENT
901	This example is Sports	 NASHVILLE, Tenn. (Sports Network) - Tennessee quarterback  Steve McNair is questionable for Sunday's home game against  Jacksonville with a chest injury. McNair missed the Titans'  last two games with a bruised sternum.	ENTAILMENT
902	This example is Sports	Houston, TX (Sports Network) - Brett Favre engineered three scoring drives in the fourth quarter, the final one ending with a 46-yard field goal by Ryan Longwell as time expired, to lift the Green Bay Packers to a 16-13 victory over the Houston Texans.	ENTAILMENT
903	This example is Sports	Tallahassee, FL (Sports Network) - Florida State quarterback Chris Rix will miss at least two weeks with a sprained right ankle. Rix suffered the injury during the first quarter of last Saturday #39;s 41-22 victory against Clemson.	ENTAILMENT
904	This example is Sports	 BOSTON (Sports Network) - Boston Red Sox ace Curt Schilling  underwent surgery Tuesday to repair a ruptured flexor tendon in  his right ankle.	ENTAILMENT
905	This example is World	World number one and defending champion Vijay Singh was stalking joint leaders Tom Lehman and Briny Baird after the third round of the \$4.	ENTAILMENT
906	This example is Sports	Liverpool, England (Sports Network) - Liverpool will take the field Saturday against Norwich without the familiar face of captain Steven Gerrard there to guide them.	ENTAILMENT
907	This example is Sports	London, England (Sports Network) - Jaguar Racing made the announcement on Friday that it would no longer be competing in the series at the end of the 2004 season.	ENTAILMENT
908	This example is Sports	Atlanta, GA (Sports Network) - The Atlanta Hawks signed free agent Kevin Willis on Wednesday, nearly a decade after the veteran big man ended an 11- year stint with the team.	ENTAILMENT
909	This example is Sports	London, England (Sports Network) - Chelsea #39;s 4-1 win over West Bromwich on Saturday afternoon allowed the Blues to move even on points with Arsenal atop the Premiership table.	ENTAILMENT
910	This example is Sports	London, England (Sports Network) - According to Formula One boss Bernie Ecclestone, the British Grand Prix will be left off next year #39;s Formula One Grand Prix Schedule.	ENTAILMENT
911	This example is Business	Blackguard: Merriam-Webster defines this archaic noun as  quot;scoundrel. quot; Now the US Securities and Exchange Commission might be placing just such a label on Hollinger International #39;s (nyse: HLR - news - people ) former chief executive, Conrad Black, and his 	ENTAILMENT
912	This example is Sports	Knoxville, TN (Sports Network) - James Wilhoit atoned for a missed extra point by kicking a 50-yard field goal in the closing seconds to lift No.	ENTAILMENT
913	This example is Sports	Sports India, Cricket: New Delhi, Dec 10 : For a person, who bowled fast before switching to leg-spin, Anil Kumble has travelled a long way to become India #39;s top wicket taker in Tests Friday taking his 435th scalp against Bangladesh.	ENTAILMENT
914	This example is Sports	ORCHARD PARK, NY (Sports Network) - Willis McGahee ran for 132 yards and a touchdown to lead the Buffalo Bills to a 22-17 victory over the New York Jets at Ralph Wilson Stadium.	ENTAILMENT
915	This example is Sports	Seattle, WA (Sports Network) - The Seattle Mariners announced prior to Wednesday #39;s game against Cleveland that first baseman/designated hitter Bucky Jacobsen will undergo surgery next week, ending the rookie #39;s 2004 campaign.	ENTAILMENT
916	This example is Sports	Southampton, England (Sports Network) - Southampton midfielder Fabrice Fernandes was sentenced Wednesday in a case involving drunken driving.	ENTAILMENT
917	This example is World	PC World - Wega TVs, Vaio systems, DVD recorders and camcorder highlight HD product lineup.	ENTAILMENT
918	This example is World	PC World - Boxlight Raven's black chassis matches the Xbox.	ENTAILMENT
919	This example is Sports	Bremen, Germany (Sports Network) - Bayern Munich exacted some revenge Saturday afternoon with a 2-1 win over defending Bundesliga champions Werder Bremen.	ENTAILMENT
920	This example is World	"MacCentral - IDG World Expo has announced ""Macworld After Dark,"" a free concert sponsored by Playlist Magazine scheduled to take place on Wednesday, January 12, 2005. The event happens right after the end of the day's events at Macworld Conference  amp; Expo, from 6:00 PM to 8:00 PM, at the Moscone Center, the site of the Expo. It's open to all registered Expo attendees."	ENTAILMENT
921	This example is World	PC World - BTX technology cools down the company's new 700GR desktop.	ENTAILMENT
922	This example is Sports	Seattle, WA (Sports Network) - The Seattle Mariners have reportedly found a replacement for Bob Melvin and are scheduled to name Mike Hargrove manager.	ENTAILMENT
923	This example is Sports	Boston, MA (Sports Network) - Curt Schilling won his seventh straight start and became baseball #39;s first 20-game winner, leading the Boston Red Sox past the Tampa Bay Devil Rays, 11-4 at Fenway Park.	ENTAILMENT
924	This example is Sports	Indianapolis, IN (Sports Network) - Indiana Pacers center Jeff Foster was activated from the injured list Tuesday. He had missed the first 17 games of the season after undergoing hip surgery in October.	ENTAILMENT
925	This example is Sports	Cleveland, OH (Sports Network) - Cleveland Cavaliers assistant coach Mark Osowski passed away Sunday due to complications from pancreatitis, the team announced Monday afternoon.	ENTAILMENT
926	This example is Sports	Sports India, Cricket Birmingham, Sep 15 : Pakistan Wednesday steamrolled minnows Kenya by seven wickets in a Pool C match of the Champions Trophy at Edgbaston to set up an exciting and decisive clash with India Sunday.	ENTAILMENT
927	This example is Sports	CBC SPORTS ONLINE - Major League Baseball players and owners are currently meeting to hammer out a deal that would toughen rules on steroid testing in baseball.	ENTAILMENT
928	This example is Sports	FLUSHING, NY, (Sports Network) - The New York Mets are bringing Willie Randolph across town from the Bronx to be their 18th manager.	ENTAILMENT
929	This example is Sports	It #39;s easy to spot ESPN NFL 2K5 on the shelf: It #39;s the one that #39;s \$20, making it the least expensive sports video game available for PlayStation2 and Xbox.	ENTAILMENT
930	This example is Sports	Washington, DC (Sports Network) - Professional baseball appears ready to make a return to the nation #39;s capital, as an announcement could come later this week that the Montreal Expos will be relocated to Washington, DC for the 2005 season.	ENTAILMENT
931	This example is Sports	Athens -- What a far cry this is from Sydney for Marion Jones. Comparatively speaking, these are the Olympics Lite, a few days of action and no hint of huge things.	ENTAILMENT
932	This example is Sports	CBC SPORTS ONLINE - Another Olympic medallist has been stripped of a medal after failing a doping test. Russia #39;s Irina Korzhanenko will lose her shot put gold medal after testing positive for the steroid stanozolol 	ENTAILMENT
933	This example is Sports	(Sports Network) - The Milwaukee Bucks continued to struggle on Wednesday, as they dropped a 101-100 decision to the Boston Celtics at the FleetCenter.	ENTAILMENT
934	This example is Sports	New York, NY (Sports Network) - Pistons forward Antonio McDyess was fined \$5,000 Wednesday for kicking a basketball into the crowd during Detroit #39;s season-opening win over the Houston Rockets.	ENTAILMENT
935	This example is Sports	Athens, Greece (Sports Network) - The first taekwondo medals of the Athens Games were awarded Thursday night in the men #39;s and women #39;s flyweight division, and Taiwan captured both golds.	ENTAILMENT
936	This example is Sports	Kansas City, MO (Sports Network) - Trent Green threw for 389 yards with three touchdowns and Priest Holmes ran for 143 yards with three scores, leading the Kansas City Chiefs to a 45-35 victory over the Indianapolis Colts in another shootout at Arrowhead 	ENTAILMENT
937	This example is Sports	 TALLAHASSEE, Fla. (Sports Network) - Florida State and West  Virginia will meet in the Gator Bowl on New Year's Day.	ENTAILMENT
938	This example is World	World News Kathmandu, Sep 23 : Nepal remained torn between hope and doubt, awaiting a response from the Maoist insurgents as the government said it would send a formal proposal to them to hold peace talks.	ENTAILMENT
939	This example is Sports	Boston, MA (Sports Network) - If you can #39;t beat  #39;em, join  #39;em. That #39;s exactly what free agent shortstop Edgar Renteria did on Wednesday by agreeing to a four-year deal with the Boston Red Sox.	ENTAILMENT
940	This example is Sports	Houston, TX (Sports Network) - Gerry Hunsicker has announced his resignation as general manager of the Houston Astros. Tim Purpura, who had been serving as the assistant general manager, has been named the new GM of the team.	ENTAILMENT
941	This example is World	PC World - Desktop features BTX motherboard for improved airflow.	ENTAILMENT
942	This example is Business	FOXBORO, Mass. -- In a game only a mudder could love, leave it to Corey Dillon to be the workhorse the Patriots needed on a down and dirty type of afternoon in rainy New England.	ENTAILMENT
943	This example is Sports	MAUI, Hawaii (Sports Network) - Jeff Horner posted 27 points while Pierre Pierce added 18 points, seven rebounds and seven assists, as the Iowa Hawkeyes defeated a ranked team for the second night in a row with an 82-80 victory over No.	ENTAILMENT
944	This example is Sports	Berea, OH (Sports Network) - Cleveland Browns quarterback Jeff Garcia will miss the remainder of the season after being placed on injured reserve Monday with a knee injury.	ENTAILMENT
945	This example is Sports	CBC SPORTS ONLINE - Swiss star Roger Federer captured his 10th tennis title of the year by defeating Andy Roddick in the Thailand Open final Sunday in Bangkok.	ENTAILMENT
946	This example is Sports	CBC SPORTS ONLINE - There could be more curling medals handed out at the 2010 Vancouver Winter Olympics, if a World Curling Federation proposal is accepted.	ENTAILMENT
947	This example is Sports	Australia #39;s  #39;Mr Soccer #39; Johnny Warren has announced he will be visiting Tumut later this month as part of his tireless campaign to promote the world game at grass roots level.	ENTAILMENT
948	This example is World	PC World - Cost of ownership savings range from 19 percent to 36 percent over three years.	ENTAILMENT
949	This example is Sports	Herkimer, NY (Sports Network) - Former Pittsburgh Steelers offensive lineman Justin Strzelczyk was killed in a collision with a tanker truck after leading police on a highway chase for 40 miles in upstate New York Thursday morning.	ENTAILMENT
950	This example is Sports	 ENGLEWOOD, Colorado (Sports Network) - Denver Broncos  running back Quentin Griffin will miss the remainder of the  season after being placed on injured reserve Wednesday with a  knee injury.	ENTAILMENT
951	This example is Sports	Provo, UT (Sports Network) - Brigham Young University has scheduled a news conference for Wednesday afternoon at which time head football coach Gary Crowton will be fired.	ENTAILMENT
952	This example is Sports	 MEMPHIS, Tennessee (Sports Network) - The Memphis Grizzlies  didn't take long to match the Cleveland Cavaliers' offer sheet  given to center Jake Tsakalidis.	ENTAILMENT
953	This example is Sports	CBC SPORTS ONLINE - The Detroit Pistons begin defending their title on Tuesday when they kick off another NBA season with a home game against the Houston Rockets.	ENTAILMENT
954	This example is World	(IsraelNN.com) A report by the World Bank indicates that the implementation of Prime Minister Sharon #39;s disengagement/expulsion plan could lead to increased Arab violence against Israel.	ENTAILMENT
955	This example is Sports	CBC SPORTS ONLINE - If Eric Williams and Aaron Williams are tough on the boards and have a magic potion to win on the road, they #39;ll be an instant hit with Toronto Raptors fans.	ENTAILMENT
956	This example is Sports	Chandler, AZ (Sports Network) - Chris Nallen closed with a one-under 71 on Sunday, but it was more than enough to win the Gila River Golf Classic.	ENTAILMENT
957	This example is Sports	 CINCINNATI (Sports Network) - The Cincinnati Reds announced  at a Tuesday afternoon press conference that they will not be  re-signing veteran shortstop Barry Larkin for 2005.	ENTAILMENT
958	This example is Sports	NEW YORK (Sports Network) - Texas Rangers relief pitcher Frank Francisco was suspended for the rest of the 2004 season Friday by Major League Baseball after tossing a chair into the stands and hitting two fans in the head earlier this week.	ENTAILMENT
959	This example is Sports	 ST. LOUIS (Sports Network) - Derek Lowe has allowed just  two hits as Boston jumped on St. Louis early and still leads  3-0 after six innings in Game 4 of the 2004 World Series.	ENTAILMENT
960	This example is Sports	 SEATTLE (Sports Network) - The University of Washington has  named Tyrone Willingham its new head football coach. The school  will have a press conference at 2 p.m. (et) Monday to introduce  him.	ENTAILMENT
961	This example is Sports	 NEW YORK (Sports Network) - NBA vice president Stu Jackson  Wednesday handed out suspensions for four players involved in a  fight during Monday's preseason game between the Washington  Wizards and Chicago Bulls.	ENTAILMENT
962	This example is Sports	BROOKLYN, Mich. (SportsTicker) - Greg Biffle took over the lead with 17 laps left and held off teammate Mark Martin to win the NASCAR Nextel Cup Series GFS Marketplace 400 at Michigan International Speedway on Sunday.	ENTAILMENT
963	This example is World	World News: Bangkok, Oct 19 : Suspected avian influenza virus claimed 23 tigers in a private zoo in Thailand, officials said here Tuesday.	ENTAILMENT
964	This example is World	Reuters - World oil prices ticked up from a\three-month low on Monday as traders looked for OPEC to take\action to stem a slide which knocked 14 percent off crude\prices last week.	ENTAILMENT
965	This example is World	OCTOBER 04, 2004 (COMPUTERWORLD) - The turmoil surrounding PeopleSoft Inc. and the uncertainty about its future both increased another notch on Friday after the software vendor announced that its board had 	ENTAILMENT
966	This example is Sports	Chicago, IL (Sports Network) - The Chicago White Sox hired former major leaguer Tim Raines as the club #39;s first base/baserunning coach on Monday.	ENTAILMENT
967	This example is Sports	London, England (Sports Network) - The English Football Association #39;s referees committee has suspended Andy D #39;Urso for 28 days, retroactive to August 27 and ending September 23.	ENTAILMENT
968	This example is Sports	 NEW YORK (Sports Network) - Los Angeles Clippers forward  Elton Brand was suspended Tuesday for one game by the NBA for  shoving Charlotte's Emeka Okafor during the fourth quarter of  Monday night's game.	ENTAILMENT
969	This example is Sports	Wake improved to 6-1 in the Preseason NIT...The Demon Deacons beat George Washington on Monday in its first game as the No. 1 team...This was the first- ever meeting between the two schools. New York, NY (Sports 	ENTAILMENT
970	This example is Sports	Valencia, Spain (Sports Network) - Valencia missed a chance to gain ground on La Liga leaders Barcelona on Saturday night. The struggling Valencia squad did not take advantage, as they finished in a 1-1 draw with Atletico Madrid at the Mestalla.	ENTAILMENT
971	This example is Sports	Norman, OK (Sports Network) - Nebraska offensive lineman Darren DeLone Friday was charged with aggravated assault and battery for injuring a member of the University of Oklahoma #39;s spirit group before last Saturday #39;s game.	ENTAILMENT
972	This example is Sports	 BOSTON (Sports Network) - If you can't beat 'em, join 'em.  That's exactly what free agent shortstop Edgar Renteria did on  Wednesday by agreeing to a four-year deal with the Boston Red  Sox.	ENTAILMENT
973	This example is Sports	CBC SPORTS ONLINE - The Los Angeles Lakers activated fifth-year veteran Slava Medvedenko from the injured list for Wednesday #39;s game at Memphis.	ENTAILMENT
974	This example is Sports	 quot;Take Me Out, quot; which opens Wednesday at the Seattle Repertory Theatre, is about baseball. Playwright Richard Greenberg is a baseball fan.	ENTAILMENT
975	This example is Sports	Manhattan, KS (Sports Network) - Kansas State guard Dez Willingham will not return to the men #39;s basketball team for the upcoming season.	ENTAILMENT
976	This example is Sports	Palermo, Italy (Sports Network) - Top-seeded and defending champion Nicolas Massu of Chile advanced, but third-seeded Spaniard Fernando Verdasco and sixth- seeded Spaniard Rafael Nadal were not as fortunate Wednesday at the clay-court Palermo 	ENTAILMENT
977	This example is Sports	CBC SPORTS ONLINE - A Missouri woman was acquitted of charges she helped NHL player Mike Dantion hire a hit man in a failed plot to kill his agent.	ENTAILMENT
978	This example is Sports	(Sports Network) - The NL East champion Atlanta Braves aim for their fourth straight victory as they start a three-game series versus the New York Mets tonight at Turner Field.	ENTAILMENT
979	This example is Sports	Surrey, England (Sports Network) - Ernie Els battled to a 1-up win Friday in the quarterfinals of the HSBC World Match Play Championship to move closer to his sixth title at this event.	ENTAILMENT
980	This example is Sports	College field hockey: Tufts at Wheaton, 3:30 p.m.; Smith at Elms, 4 p.m. College soccer: Men -- St. Michael's at Middlebury, 2:30 p.m.; Southern Maine at UNew England, 3 p.m.; UMass-Boston at Emerson, 3:30 p.m.; Husson at Maine Maritime, 7 p.m.	ENTAILMENT
981	This example is Sports	 LOGAN, Utah (Sports Network) - Brent Guy, a former Utah  State assistant, has been named the 25th head coach of the  Aggies.	ENTAILMENT
982	This example is Sports	 DETROIT (Sports Network) - Five members of the Indiana  Pacers and five Detroit Pistons fans are expected to be charged  Wednesday in the November 19 brawl that took place at The  Palace of Auburn Hills.	ENTAILMENT
983	This example is Sports	Boston, MA (Sports Network) - Tim Wakefield pitched eight strong innings to lead the Boston Red Sox to a 6-1 victory over the Detroit Tigers and a sweep of the four-game series at Fenway Park.	ENTAILMENT
984	This example is World	PC World - Slim Dimension desktop features an 8-in-1 memory card reader.	ENTAILMENT
985	This example is Sports	Rome, Italy (Sports Network) - AC Milan must improve its play in order to repeat last season #39;s Serie A triumph. So far the Rossoneri have four points after three matches, but have conceded an alarming four goals.	ENTAILMENT
986	This example is Sports	 PHILADEPHIA (Sports Network) - Saint Joseph's University  extended the contract of men's basketball coach Phil Martelli  on Thursday. Financial terms of the deal were not disclosed,  but the new contract will keep Martelli on Hawk Hill through at  least the 2011-12 season.	ENTAILMENT
987	This example is Sports	Houston, TX (Sports Network) - Reigning world No. 1 Roger Federer and former top-ranked star Lleyton Hewitt will meet in a blockbuster  quot;Red Group quot; round- robin match Wednesday at the ATP #39;s season-ending Tennis Masters Cup.	ENTAILMENT
988	This example is Sports	(Sports Network) - Things did not go exactly as planned for the defending NFC champs on Monday night. Opening the season in front of a raucous home crowd against the Green Bay Packers, Carolina looked nothing 	ENTAILMENT
989	This example is Sports	Flushing Meadows, NY (Sports Network) - When the United States meets Belarus in their Davis Cup semifinal later this month, former world No.	ENTAILMENT
990	This example is Sports	Kansas City, MO (Sports Network) - St. Louis Rams starting cornerback Travis Fisher suffered a broken arm during the first half of the team #39;s 24-7 preseason loss to the Kansas City Chiefs Monday night.	ENTAILMENT
991	This example is Sports	Eden Prairie, MN (Sports Network) - One day after being upgraded to doubtful, Minnesota Vikings wide receiver Randy Moss has been listed as out for Sunday #39;s game against the Green Bay Packers due to a right hamstring injury.	ENTAILMENT
992	This example is Sports	 LOS ANGELES (Sports Network) - Rick Majerus has reportedly  accepted an offer to be the new head basketball coach at  Southern California.	ENTAILMENT
993	This example is Sports	OAKLAND, Calif. (Sports Network) - Travis Niesen scored a career-high 26 points, Kyle Bailey added 20 and Santa Clara shocked No. 4 North Carolina with a 77-66 victory in a Pete Newell Challenge game at The Arena.	ENTAILMENT
994	This example is Sports	 CHICAGO (Sports Network) - After much speculation, the  Chicago Bears officially signed quarterback Jeff George to a  one-year contract on Monday.	ENTAILMENT
995	This example is Sports	 ATLANTA (Sports Network) - The Atlanta Hawks signed free  agent Kevin Willis on Wednesday, nearly a decade after the  veteran big man ended an 11- year stint with the team.	ENTAILMENT
996	This example is World	AUGUST 18, 2004 (COMPUTERWORLD) - Despite four years in production and an investment of millions of dollars, Ford Motor Co. is pulling the plug on a major procurement software system built around Oracle Corp. #39;s 11i E-Business Suite of applications. 	ENTAILMENT
997	This example is Sports	Nashville, TN (Sports Network) - Tennessee Titans wide receiver Tyrone Calico is expected to undergo surgery Thursday on his injured left knee.	ENTAILMENT
998	This example is Sports	Sports science has allowed athletes to prepare for this Olympiad using technology beyond their predecessors' wildest dreams.	ENTAILMENT
999	This example is Sports	Darlington, SC (Sports Network) - Jimmie Johnson captured the 55th and final running of the Southern 500 at the Darlington Raceway.	ENTAILMENT
1000	This example is Sports	Cincinnati, OH (Sports Network) - Cincinnati Bengals quarterback Carson Palmer missed the second half of Thursday #39;s practice while receiving treatment for back spasms.	ENTAILMENT
1001	This example is Sports	Tokyo, Japan (Sports Network) - Japan #39;s baseball players have decided to go on strike for the first time in the 70-year history of the sport in that nation.	ENTAILMENT
1002	This example is Sports	CBC SPORTS ONLINE - Star pitcher Pedro Martinez confirmed on Tuesday that he #39;s leaving the Boston Red Sox to join the New York Mets.	ENTAILMENT
1003	This example is Sports	What: MIAA Division 2A Super Bowl. Where: Curry College in Milton. When: Saturday at 4:15 p.m. Last meeting: Schools have never met.	ENTAILMENT
1004	This example is Sports	AP - There's the GMAC Bowl, the Emerald Bowl and the Champs Sports Bowl. And there's the Continental Tire Bowl and the Insight Bowl and the MPC Computers Bowl.	ENTAILMENT
1005	This example is Sports	 PHILADELPHIA (Sports Network) - Southern California and  Oklahoma remained the top two teams in the Bowl Championship  Series standings, while Auburn is still No. 3 but closing in on  the coveted second slot.	ENTAILMENT
1006	This example is Sports	Cadiz, Spain (Sports Network) - Ian Poulter parred the first hole of a playoff on Sunday to win the Volvo Masters Andalucia over Ryder Cup teammate Sergio Garcia at Valderrama Golf Club.	ENTAILMENT
1007	This example is Sports	Athens, Greece (Sports Network) - American Paul Hamm will get to keep his gold medal for the all-around competition, even though the International Gymnastics Federation announced the suspension of three judges for a scoring error that would have given 	ENTAILMENT
1008	This example is Sports	 TAMPA, Fla. (Sports Network) - Tyler Palko threw for a  career-high 411 yards and five touchdowns, leading 19th-ranked  Pittsburgh to a 43-14 drubbing of South Florida at Raymond  James Stadium.	ENTAILMENT
1009	This example is Sports	CBC SPORTS ONLINE - The Houston Astros aren #39;t pitching future Hall of Famer Roger Clemens or 20-game-winner Roy Oswalt in Game 1 of the National League Championship Series.	ENTAILMENT
1010	This example is Sports	 KIRKLAND, Wash. (Sports Network) - Seattle Seahawks  defensive end Grant Wistrom will miss the next four-to-six  weeks due a fracture in his left knee.	ENTAILMENT
1011	This example is Sports	 EDEN PRAIRIE, Minn., (Sports Network) - The Minnesota  Vikings suffered a major blow on Wednesday when the club placed  right tackle Mike Rosenthal and tight end Jim Kleinsasser on  injured reserve, ending both players season.	ENTAILMENT
1012	This example is World	World News  gt; London, Sept 30 : The Tony Blair government has allowed the Gurkhas in the British Army to settle in the UK and gain British citizenship.	ENTAILMENT
1013	This example is Sports	PORTSCHACH, Austria: Thunder, lightning and incessant rain delayed the start of the Davis Cup World Group play-off tie between Austria and Great Britain.	ENTAILMENT
1014	This example is Sports	College hockey: MEN -- Wentworth at Suffolk, 6 p.m.; Boston College at Harvard, 7 p.m.; New Hampshire at Merrimack, 7 p.m.; AIC at Holy Cross, 7:30 p.m.; WOMEN -- Harvard at Brown, 7 p.m.	ENTAILMENT
1015	This example is Sports	CBC SPORTS ONLINE - Daniel Nestor and partner Mark Knowles on Friday battled their way to a fourth championship appearance of the tennis season.	ENTAILMENT
1016	This example is Sports	CBC SPORTS ONLINE - Halifax will remain as the host city for the men #39;s university basketball championships for the next three years.	ENTAILMENT
1017	This example is Sports	Foxboro, MA (Sports Network) - Tom Brady went 18-of-26 for 260 yards with two touchdowns to lead New England to a 35-28 win over Cincinnati at Gillette Stadium.	ENTAILMENT
1018	This example is Sports	 SOUTH BEND, Ind. (Sports Network) - Charlie Weis was  introduced as the new head football coach at Notre Dame on  Monday and said he intends to bring the program back to  national prominence.	ENTAILMENT
1019	This example is Business	The chips are stacked so high that it #39;s becoming difficult to see the dealer. Boyd Gaming (NYSE: BYD) is on a roll. Its stock has doubled since February, and its most recent earnings have exceeded expectations.	ENTAILMENT
1020	This example is Sports	London, England (Sports Network) - Everything seems to be working lately for Jose Mourinho and Chelsea. Nothing changed Saturday at Stamford Bridge against Newcastle United.	ENTAILMENT
1021	This example is World	PC World - Software giant will follow court orders and comply with EU's demands if necessary.	ENTAILMENT
1022	This example is Sports	 DENVER (Sports Network) - Colorado terminated the contract  of pitcher Denny Neagle on Monday, three days after he was  ticketed for soliciting a women for oral sex.	ENTAILMENT
1023	This example is Sports	Elmont. NY (Sports Network) - Belmont Stakes winner Birdstone has been retired because of a bone chip in his left front ankle. The announcement was made on Wednesday by the husband of owner Marylou Whitney.	ENTAILMENT
1024	This example is Sports	New Haven, CT (Sports Network) - Seventh-seeded Elena Bovina defeated eighth- seeded Nathalie Dechy of France in three sets Saturday to win the championship at the \$585,000 Pilot Pen Tennis event -- a final US Open tune-up.	ENTAILMENT
1025	This example is Business	The brawl that erupted last week at a basketball game has exposed the weakness of a common assumption: that anger can be treated almost as if it were an infection.	ENTAILMENT
1026	This example is World	Internet-service provider Earthlink Inc. on Tuesday launched a service that enables high-speed subscribers to make unlimited voice calls through their computers at no additional charge.	ENTAILMENT
1027	This example is Sports	Charlotte, NC (Sports Network) - Ahman Green scored three touchdowns, Brett Favre passed for 143 yards and Green Bay took advantage of two key second- half turnovers to win its season opener, 24-14, over the defending NFC champion Carolina Panthers.	ENTAILMENT
1028	This example is Business	Hurricane Frances ripped hundreds of panels from NASA #39;s huge space shuttle assembly hangar and officials feared Monday that another powerful tropical storm heading toward Florida could slow down the return of manned space flights.	ENTAILMENT
1029	This example is Sports	 PHOENIX (Sports Network) - The Arizona Diamondbacks have  fired newly-hired manager Wally Backman and are expected to  replace him with Bob Melvin, according to a published report.	ENTAILMENT
1030	This example is Sports	East Rutherford, NJ (Sports Network) - The New Jersey Nets have signed head coach Lawrence Frank to a multi-year contract extension.	ENTAILMENT
1031	This example is Sports	Denver, CO (Sports Network) - Colorado Rockies pitcher Denny Neagle was arrested early Friday for allegedly paying a woman \$40 for oral sex, the Rocky Mountain News reported.	ENTAILMENT
1032	This example is Sports	Beijing, China (Sports Network) - Top-seeded American Serena Williams and Wimbledon winner Maria Sharapova of Russia both posted second-round wins Wednesday and moved into the quarterfinals at the inaugural \$585,000 China Open.	ENTAILMENT
1033	This example is Sports	Eden Prairie, MN (Sports Network) - The Minnesota Vikings added some much- needed depth to its secondary on Tuesday by signing veterans Terrance Shaw and Ralph Brown.	ENTAILMENT
1034	This example is Sports	Washington, DC (Sports Network) - Owners voted 29-1 on Friday to approve the proposed move of the Montreal Expos to Washington for the 2005 season.	ENTAILMENT
1035	This example is Sports	 SEATTLE (Sports Network) - Marshawn Lynch rushed for 121  yards and scored three touchdowns to lead No. 5 California to a  42-12 victory over Washington Saturday at Husky Stadium. Aaron  Rodgers threw a pair of touchdown passes for the Golden Bears  (8-1, 6-1 Pac-10), who are having their best season in 13  years.	ENTAILMENT
1036	This example is Sports	CBC SPORTS ONLINE - Pau Gasol agreed to a multiyear contract extension with the Memphis Grizzlies on Friday.  quot;We are delighted to reach a contract agreement with Pau, quot; Jerry West, the Grizzlies #39; president of basketball operations, said Friday.	ENTAILMENT
1037	This example is Sports	 ASHBURN, Va. (Sports Network) - San Francisco 49ers head  coach Dennis Erickson will remain with the team after  discussing the head coaching vacancy at Ole Miss with school  officials on Tuesday.	ENTAILMENT
1038	This example is Sports	Sun City, South Africa (Sports Network) - Ernie Els and Retief Goosen, the No. 3 and 4 players in the world, posted rounds of two-under-par 70 on Thursday to grab a share of the lead after one round of the Nedbank Golf Challenge.	ENTAILMENT
1039	This example is Sports	Columbia, SC (Sports Network) - The University of South Carolina has scheduled a news conference for 1 pm (et) Tuesday when it is expected to announce that Steve Spurrier will take over as the school #39;s new head football coach.	ENTAILMENT
1040	This example is Sports	WEST PALM BEACH, Fla. (Sports Network) -- The ADT Championship, which tees off Thursday, is the grand finale to the 2004 LPGA season.	ENTAILMENT
1041	This example is Sports	College basketball: MEN -- Harbor Invitational at Dorchester, 1 and 3 p.m.; Northeastern at Harvard, 2 p.m.; MIT at Suffolk, 2 p.m.; WOMEN -- Wagner at BU, 1 p.m.; Dartmouth at Fairfield, 1 p.m.; Hartford at Central Conn., 2 p.m.; BC at UMass, 4 p.m.	ENTAILMENT
1042	This example is Sports	TEMPE, Ariz. - Arizona Cardinals running back Emmitt Smith will miss 2-3 weeks with a toe injury, ESPN reported Monday. And that #39;s not the only change in the starting lineup for the Cards.	ENTAILMENT
1043	This example is World	DECEMBER 13, 2004 (COMPUTERWORLD) - Now that IBM plans to sell its PC division to Beijing-based Lenovo Group Ltd., the big question is whether the companies can keep users from defecting to other vendors -- which would put IBM #39;s once standard-setting PCs 	ENTAILMENT
1044	This example is Sports	Hempstead, NY (Sports Network) - New York Jets wide receiver Santana Moss is questionable for Sunday #39;s game against San Francisco because of a hamstring injury.	ENTAILMENT
1045	This example is Sports	CBC SPORTS ONLINE - Pitcher Jason Grimsley is lost to the Baltimore Orioles until next June at the earliest after undergoing  quot;Tommy John quot; surgery Wednesday.	ENTAILMENT
1046	This example is World	ORLANDO (Florida): World number one and defending champion Vijay Singh was stalking joint leaders Tom Lehman and Briny Baird after the third round of the Funai Classic at the Walt Disney Resort on Saturday.	ENTAILMENT
1047	This example is Sports	Charleston, SC (Sports Network) - Andy Roddick and Mardy Fish each posted singles victories Friday to give the United States a 2-0 lead over Belarus in their best-of-five Davis Cup semifinal.	ENTAILMENT
1048	This example is Sports	Memphis, TN (Sports Network) - Mike Fratello returned to the NBA coaching ranks Thursday when the Memphis Grizzlies selected the former Atlanta Hawks and Cleveland Cavaliers coach as their new head coach.	ENTAILMENT
1049	This example is Sports	The University of New Hampshire's impressive 51-40 road victory over 10th-ranked Villanova Saturday night vaulted the Wildcats three spots to ninth in this week's Sports Network 1-AA football poll, while dropping Villanova to 14th.	ENTAILMENT
1050	This example is Sports	Glasgow, Scotland (Sports Network) - Celtic jumped back to the top of the Scottish Premier League table with a 2-1 win over Hibernian at Celtic Park.	ENTAILMENT
1051	This example is World	Motorsport.com. The hotly contested Champ Car World series concludes the years competition today as nineteen drivers will determine the outcome of what has been the most thrilling season in recent memory.	ENTAILMENT
1052	This example is Sports	Pro baseball: Red Sox vs. Texas at Fenway Park, 1 p.m.; International League: Pawtucket vs. Rochester at McCoy Stadium, Pawtucket, R.I., 6 p.m.; Eastern League: Portland vs. New Hampshire at Hadlock Field, Portland, Maine, 6 p.m.; Atlantic League: Nashua vs. Newark at Holman Stadium, Nashua, 6:30 p.m.; Northeast League: Brockton at Bangor, 6:30 p.m.; Eastern League: Altoona at New Britain, ...	ENTAILMENT
1053	This example is Sports	TODAY COLLEGE BASKETBALL/MEN 7 p.m. -- Harvard at Colgate, WRCA (1330) 10 p.m. -- Alabama-Birmingham at Oklahoma St., ESPN2 PRO BASKETBALL 8 p.m. -- Philadelphia at Chicago, ESPN 10:30 p.m. -- Portland at Utah, ESPN COLLEGE FOOTBALL 7 p.m. -- Division 1-AA Tournament semifinal: James Madison at William  amp; Mary, ESPN2 GOLF 9 a.m. -- PGA European Dunhill Championship (second ...	ENTAILMENT
1054	This example is Business	The Brain wrote last week about get ting a free credit re port. I know my credit is good, so why should I care? -- Good credit Consumer advocates are urging Americans to take advantage of the new service.	ENTAILMENT
1055	This example is Sports	Athens, Greece (Sports Network) - The US women #39;s basketball team continued its impressive play at the Olympics, pulling away from previously-unbeaten Spain for a 71-58 victory on Friday. 	ENTAILMENT
1056	This example is Sports	TODAY AUTO RACING 2:30 p.m. -- NASCAR Busch Series Mr. Goodcents 300 qualifying at Kansas City, Kan., Speed Channel 4:10 p.m. -- NASCAR Nextel Cup Banquet 400 qualifying at Kansas City, Kan., Speed Channel 1 a.m. -- Japanese Grand Prix qualifying at Suzuka, Speed Channel PRO BASEBALL 4 p.m. -- AL Division Series: Red Sox vs. Anaheim at Fenway Park ...	ENTAILMENT
1057	This example is Sports	Hempstead, NY (Sports Network) - New York Jets quarterback Chad Pennington made it through a full practice Wednesday for the first time in nearly a month as he seeks to return from a rotator cuff injury.	ENTAILMENT
1058	This example is Sports	CBC SPORTS ONLINE - Delonte West of the Boston Celtics is sidelined indefinitely because of a broken right hand. West, 21, suffered the injury during the second quarter of Sunday #39;s 106-104 setback at Miami.	ENTAILMENT
1059	This example is Sports	New York, NY (Sports Network) - With no sign that the lockout of its players will end in the near future, the National Hockey League has cancelled the 2005 All-Star Game.	ENTAILMENT
1060	This example is Sports	Columbia, MO (Sports Network) - The Missouri basketball program has been placed on probation for three years and will face limits on recruiting, scholarships and official visits for violating NCAA rules.	ENTAILMENT
1061	This example is World	Immerse yourself in the World of Warcraft, released simultaneously by Blizzard for both Mac and PC and get ready to play one of the years most anticipated games, released simultaneously for Mac and PC. Dec 03	ENTAILMENT
1062	This example is Sports	Wolfsburg, Germany (Sports Network) - Wolfsburg #39;s magical start to the season is fading fast as the club lost for the third time in four matches Saturday, 3-2 against Hertha Berlin.	ENTAILMENT
1063	This example is Sports	Arlington, TX (Sports Network) - The three Texas Rangers relievers involved in last Monday #39;s altercation with fans in Oakland had their suspension reduced one game each by the league Wednesday.	ENTAILMENT
1064	This example is Sports	Minneapolis, MN (Sports Network) - The Minnesota Twins announced Wednesday that the club has reached an agreement with free-agent catcher Mike Redmond on a two-year contract.	ENTAILMENT
1065	This example is Sports	St. Petersburg, FL (Sports Network) - Tampa Bay Devil Rays centerfielder Rocco Baldelli is scheduled to undergo knee surgery on Friday.	ENTAILMENT
1066	This example is Sports	Foxboro, MA (Sports Network) - Tom Brady threw for a pair of scores and Corey Dillon ran for 94 yards, as the New England Patriots set an NFL record with their 19th consecutive victory in a 24-10 triumph over the winless Miami Dolphins at Gillette Stadium 	ENTAILMENT
1067	This example is Sports	London, England (Sports Network) - Captain John Terry signed a fresh contract with Chelsea Tuesday that will keep him with the club until 2009.	ENTAILMENT
1068	This example is Sports	Philadelphia, PA (Sports Network) - The Philadelphia Flyers Thursday agreed to a two-year contract extension with veteran forward Sami Kapanen. Financial terms were not disclosed. 	ENTAILMENT
1069	This example is Sports	CBC SPORTS ONLINE - It was sloppy game for Team Canada at the Four Nations Tournament, but Danielle Goyette saved the day. The 38-year-old veteran scored with just 1:16 left in the third period to lift her 	ENTAILMENT
1070	This example is Sports	CBC SPORTS ONLINE - Mikko Eloranta #39;s goal late in the third period helped Finland prevent an embarrassing quarter-final loss to Germany in World Cup play in Helsinki on Monday.	ENTAILMENT
1071	This example is Sports	 MIAMI (Sports Network) - Add the marquee showdown between  fifth-ranked Florida State and No. 6 Miami-Florida to the list  of sporting events postponed by Hurricane Frances.	ENTAILMENT
1072	This example is World	World champion Michael Schumacher won the Japanese Grand Prix to give his Ferrari team a record-tying 15th victory in 17 Formula One races this year.	ENTAILMENT
1073	This example is Sports	AMES, IA -- Here is a quarter-by-quarter summary of the Cyclones #39; 31-point loss to Texas A amp;M Saturday night at Jack Trice Stadium.	ENTAILMENT
1074	This example is Sports	Philadelphia, PA (Sports Network) - The Philadelphia Phillies re-signed righthander Cory Lidle to a two-year deal worth \$6.3 million Tuesday.	ENTAILMENT
1075	This example is Sports	Chicago, IL (Sports Network) - Mike Hampton pitched six solid innings and added a two-run homer to lead Atlanta to a 5-4 win over Chicago in the opener of a three-game series at Wrigley Field.	ENTAILMENT
1076	This example is Sports	 PHOENIX (Sports Network) - The Arizona Diamondbacks made a  big splash in the free-agent market on Thursday by signing  third baseman Troy Glaus to a four-year contract.	ENTAILMENT
1077	This example is Sports	 ATLANTA (Sports Network) - Baltimore Ravens star running  back Jamal Lewis was not in the court room for his arraignment  on Friday, but pleaded not guilty through his lawyers on drug  charges.	ENTAILMENT
1078	This example is Business	The dot-bomb survivor is down to its last \$700,000. Also: Viacom partners with a second Chinese media company   hellip;. Boeing downplays the speed of the airplane market's recovery   hellip;. and more.	ENTAILMENT
1079	This example is Sports	Chicago, IL (Sports Network) - The Cleveland Cavaliers activated forward/center Scott Williams from the injured list on Wednesday.	ENTAILMENT
1080	This example is Sports	Manchester, England (Sports Network) - Manchester United striker Ruud van Nistelrooy picked up a hip injury while playing for Holland in a World Cup qualifier Wednesday.	ENTAILMENT
1081	This example is World	World #39;s largest software maker #39;s best-selling game for Xbox video console -- Halo 2-- has leaked onto the Internet nearly four weeks before its planned sale date.	ENTAILMENT
1082	This example is Sports	Marseille, France (Sports Network) - French power Marseille have reached an  quot;agreement in principal quot; for Philippe Troussier to become its new head coach.	ENTAILMENT
1083	This example is Sports	Manchester, England (Sports Network) - England beat Wales 2-0 Saturday in an intense World Cup qualifier at Old Trafford. The victory was bittersweet for England as captain David Beckham fractured a rib late in the win.	ENTAILMENT
1084	This example is Sports	CBC SPORTS ONLINE - San Francisco 49ers linebacker Julian Peterson will undergo season-ending surgery Tuesday on his torn left Achilles #39; tendon.	ENTAILMENT
1085	This example is Sports	 EAST RUTHERFORD, NJ (Sports Network) - New Jersey guard  Jason Kidd practiced with the team for the first time since  undergoing knee surgery in July and he could be on the court  Monday.	ENTAILMENT
1086	This example is Business	1. KURT BUSCH. He has posted 12 straight top-15 finishes, including six straight top-10 finishes. He is coming off a fifth-place finish at Martinsville, Va.	ENTAILMENT
1087	This example is Sports	Eden Prairie, MN (Sports Network) - Minnesota Vikings center Matt Birk is hampered with possibly another hernia and is expected to miss Sunday #39;s game against the Jacksonville Jaguars.	ENTAILMENT
1088	This example is World	PC World - Company's ND-3500A drive is not just for OEMs anymore.	ENTAILMENT
1089	This example is Sports	New York, NY (Sports Network) - Los Angeles Clippers forward Elton Brand was suspended Tuesday for one game by the NBA for shoving Charlotte #39;s Emeka Okafor during the fourth quarter of Monday night #39;s game.	ENTAILMENT
1090	This example is Sports	Glasgow, Scotland (Sports Network) - Rangers and Aberdeen finished up weekend play in the Scottish Premier League on Sunday at Ibrox.	ENTAILMENT
1091	This example is Sports	TORONTO (Sports Network) - Chris Bosh netted 18 points and Loren Woods compiled 17 points and a career-high 14 rebounds as Toronto put together a 101-89 victory over Detroit at the Air Canada Center.	ENTAILMENT
1092	This example is World	PC World - Stream movies to your PC or download them to your TiVo by 2005.	ENTAILMENT
1093	This example is Sports	(Sports Network) - The Boston Celtics got their season off on a losing note on Wednesday, as they dropped a 98-95 decision to the Philadelphia 76ers at the FleetCenter.	ENTAILMENT
1094	This example is World	World champion Michael Schumacher arrived in Shanghai on Wednesday, along with a host of other Formula One stars, as preparations got underway for the debut of the Chinese Grand Prix.	ENTAILMENT
1095	This example is World	PC World - Upcoming chip set will support 802.11a, b, and g networks.	ENTAILMENT
1096	This example is World	OCTOBER 15, 2004 (COMPUTERWORLD) - Microsoft Corp. #39;s move to a monthly patch-release cycle one year ago this month has made it easier to install security updates for Windows and other products, IT managers said this week -- even as they were greeted with 	ENTAILMENT
1097	This example is Sports	 NEW YORK (Sports Network) - The National Football League  handed down \$10,000 fines on Tuesday to linebacker Joey Porter  of the Steelers and running back William Green of the Browns  for their parts in a pre-game fight this past Sunday.	ENTAILMENT
1098	This example is Sports	 KAUAI, Hawaii (Sports Network) - Reigning U.S. Open  champion Retief Goosen shot a seven-under-par 65 on Tuesday to  take the lead after the opening round of the PGA Grand Slam of  Golf.	ENTAILMENT
1099	This example is Sports	Sporting News #39; Ken Rosenthal has learned that the Houston Astros will reassign general manager Gerry Hunsicker within the organization and elevate Tim Purpura to the GM position.	ENTAILMENT
1100	This example is World	SEPTEMBER 06, 2004 (COMPUTERWORLD) - The next major Windows release, code-named Longhorn, is due to arrive so far into the future that many corporate users aren #39;t particularly bothered by Microsoft Corp.	ENTAILMENT
1101	This example is Sports	Manchester, England (Sports Network) - Manchester United has temporarily ended talks with Tampa Bay Buccaneers owner Malcolm Glazer over a possible takeover.	ENTAILMENT
1102	This example is Sports	South Bend, IN (Sports Network) - Tyrone Willingham admitted he was surprised at his sudden firing as Notre Dame head coach, but at a news conference Wednesday took blame for the Irish #39;s shortcomings in his three seasons.	ENTAILMENT
1103	This example is World	PC World - 71-inch HDTV comes with a home stereo system and components painted in 24-karat gold.	ENTAILMENT
1104	This example is Sports	Sports India, Cricket: Chennai, Oct 17 : Damien Martyn cracked his eighth Test century on the fourth day of the second Test at MA Chidambaram Stadium here Sunday to help Australia set India a target of 229 to win the match.	ENTAILMENT
1105	This example is Sports	CBC SPORTS ONLINE - Gerry Hunsicker has decided to step down as general manager of the Houston Astros after nine years on the job.	ENTAILMENT
1106	This example is Sports	 FORT WORTH, Texas (Sports Network) - Oklahoma quarterback  Jason White was one of three finalists announced Tuesday for  the Davey O'Brien Award as the nation's top quarterback.	ENTAILMENT
1107	This example is Sports	 CHICAGO, (Sports Network) - The Chicago Bears are expected  to sign quarterback Jeff George on Monday.	ENTAILMENT
1108	This example is Sports	(Sports Network) - Jason Schmidt once again goes for his 16th victory tonight when the wild card-hopeful San Francisco Giants conclude a three-game series with the Colorado Rockies at SBC Park.	ENTAILMENT
1109	This example is Sports	 SOUTH BEND, Ind., (Sports Network) - The University of  Notre Dame has named New England Patriots assistant Charlie  Weis its 28th football coach. Weis, who will the fired Tyrone  Willingham, will be introduced at a press conference Monday at  11 a.m. (et).	ENTAILMENT
1110	This example is World	Worldwide Restaurant Concepts sounds like a company that is putting itself up for sale.	ENTAILMENT
1111	This example is Sports	 MEMPHIS, Tenn. (Sports Network) - Mike Fratello returned to  the NBA coaching ranks Thursday when the Memphis Grizzlies  selected the former Atlanta Hawks and Cleveland Cavaliers coach  as their new head coach.	ENTAILMENT
1112	This example is World	The European Union has broken international trade rules by subsidizing sugar producers, the World Trade Organization ruled Friday.	ENTAILMENT
1113	This example is Sports	SPACE.com - Wednesday, Sept. 22 marks what scientists call the fall equinox in the Northern \  Hemisphere, when night and day are of equal length and cooler weather is on \  the way -- if it hasn't already arrived.	ENTAILMENT
1114	This example is Sports	 PITTSBURGH (Sports Network) - The Pittsburgh Pirates agreed  to terms Thursday with closer Jose Mesa on a one-year contract,  with a club option for 2006.	ENTAILMENT
1115	This example is World	PC World - Xine media player takes advantage of video accelerators in Via chipsets.	ENTAILMENT
1116	This example is Sports	Paris, France (Sports Network) - Paris Saint Germain suffered an embarrassing home draw to St. Etienne Sunday, 2-2. PSG is winless in four games so far this season, and has only earned draws against two promoted squads.	ENTAILMENT
1117	This example is World	WORLD No.1 Roger Federer put on a punishing display of power tennis to defeat Lleyton Hewitt 6-0 7-6 (7-3) 6-0 in the US Open men #39;s final today.	ENTAILMENT
1118	This example is Sports	(Sports Network) - The Boston Red Sox acquired pitcher Curt Schilling in the offseason so they would be able to experience the jubilation of finally winning a World Series for the first time since 1918.	ENTAILMENT
1119	This example is Sports	St. Louis, MO (Sports Network) - Offensive tackle Orlando Pace ended his holdout by signing a one-year, \$7.02 million contract with the St.	ENTAILMENT
1120	This example is Sports	FRIDAY COLLEGE BASKETBALL/MEN 7:30 p.m. -- Memphis at Purdue, ESPN2 PRO BASKETBALL 7:30 p.m. -- Celtics vs. Toronto at the FleetCenter, FSN, WWZN (1510) 8 p.m. -- Detroit at San Antonio, ESPN 10:30 p.m. -- Indiana at Sacramento, ESPN BOXING 9:30 p.m. -- Friday Night Fights at Atlantic City: Rocky Juarez vs. Guty Espadas Jr. (featherweights), ESPN2 GOLF 1:30 p.m. ...	ENTAILMENT
1121	This example is World	PC World - Updated antivirus software for businesses adds intrusion prevention features.	ENTAILMENT
1122	This example is Sports	Munich, Germany (Sports Network) - Claudio Pizarro returned from injury and scored twice in Bayern Munich #39;s 2-0 win over Bundesliga leaders Wolfsburg.	ENTAILMENT
1123	This example is Sports	Atlanta, GA (Sports Network) - The Atlanta Hawks signed free agent forward/center Jelani McCoy on Monday and waived forward Anthony Miller.	ENTAILMENT
1124	This example is Sports	The Fortress Sports Fund, set up to acquire a 40 percent stake in English soccer club Everton for \$36.4 million, said Monday that neither Russian pulp magnate Boris Zingarevich nor his son Anton had invested money in the fund.	ENTAILMENT
1125	This example is Sports	 NEW YORK (Sports Network) - The NFL handed down fines to 15  players involved in a scuffle between the Minnesota Vikings and  Chicago Bears on Sept. 26.	ENTAILMENT
1126	This example is Sports	Pittsburgh, PA (Sports Network) - Pittsburgh Steelers running back Duce Staley missed his fourth straight game Sunday with a bruised hamstring, but Jerome  quot;The Bus quot; Bettis ran for 100 yards and a score in Pittsburgh #39;s 16-7 victory over Washington.	ENTAILMENT
1127	This example is Sports	New York, NY (Sports Network) - Indianapolis Colts quarterback Peyton Manning headlines the AFC Players of the Month for November.	ENTAILMENT
1128	This example is Sports	 MADISON, Wisconsin (Sports Network) - Anthony Davis ran for  122 yards and two touchdowns to lead No. 6 Wisconsin over  Northwestern, 24-12, to celebrate Homecoming weekend at Camp  Randall Stadium.	ENTAILMENT
1129	This example is Sports	Pro baseball: Texas vs. Red Sox at Fenway Park, 7 p.m.; International League -- Rochester vs. Pawtucket at McCoy Stadium, Pawtucket, R.I., 7 p.m.	ENTAILMENT
1130	This example is Sports	London, England (Sports Network) - Not much was expected from Everton this season, especially after the departure of star striker Wayne Rooney to Manchester United.	ENTAILMENT
1131	This example is Sports	BASEBALL Boston (AL): Activated P Scott Williamson from the 60-day disabled list; designated INF Earl Snyder for assignment. Houston (NL): Activated P Dan Miceli from the 15-day DL.	ENTAILMENT
1132	This example is Sports	BASEBALL Cincinnati (NL): Announced P Mike Matthews and P Aaron Myette refused outright assignment to Louisville (IL). Cleveland (AL): Declined to pick up the option on SS Omar Vizquel. Montreal (NL): Released P Dan Smith. Pittsburgh (NL): Released P Nelson Figueroa.	ENTAILMENT
1133	This example is World	PC World - Anti-spyware company had granted another company rights to its software.	ENTAILMENT
1134	This example is World	PC World - PC and home theater make sleek package, while new portable music devices abound.	ENTAILMENT
1135	This example is Business	NEW YORK Sept. 3, 2004 - Kevin Brown #39;s frustrating season finally reached a boiling point, and now his hot temper could cost the New York Yankees at the most important time.	ENTAILMENT
1136	This example is Sports	Motorsport.com. The Contract Recognition Board (CRB) hearing of the Jenson Button/BAR/Williams case has been adjourned until October 16th.	ENTAILMENT
1137	This example is Sports	Indianapolis, IN (Sports Network) - The Indiana Pacers try to win their second straight game tonight, as they host Kevin Garnett and the Minnesota Timberwolves in the third of a four-game homestand at Conseco Fieldhouse.	ENTAILMENT
1138	This example is Sports	SPORTS NETWORK - The Cleveland Indians on Friday agreed to a one-year contract with reliever Bob Howry. Howry, who was eligible for salary arbitration, went 4-2 with a 2.74 earned-run average in 37 games this past season.	ENTAILMENT
1139	This example is World	World number one Roger Federer thumped second-ranked Andy Roddick in straight sets 6-4, 6-0 to win the Thailand Open in Bangkok on Sunday.	ENTAILMENT
1140	This example is Sports	CBC SPORTS ONLINE - After spending the last seven seasons with the New York Mets, Al Leiter was feeling a little nostalgic. Leiter signed a one-year contract with the Florida Marlins, a team he helped lead to a World Series title in 1997.	ENTAILMENT
1141	This example is Sports	Inverness, Scotland (Sports Network) - Rangers squandered a chance to return to the top of the table Sunday as it was held at Inverness, 1-1.	ENTAILMENT
1142	This example is Sports	Livingston, Scotland (Sports Network) - Livingston hired former Scotland and Rangers defender Richard Gough to be its new head coach on Tuesday.	ENTAILMENT
1143	This example is Sports	Eindhoven, the Netherlands (Sports Network) - American winger DaMarcus Beasley scored his second Eredivisie goal during PSV Eindhoven #39;s 3-0 win over FC Groningen on Saturday.	ENTAILMENT
1144	This example is Sports	St. Louis, MO (Sports Network) - Hector Luna tripled and scored the winning run on Reggie Sanders #39; pinch-hit single in the 11th inning, as the St.	ENTAILMENT
1145	This example is Sports	 EAST ST. LOUIS, Ill. (Sports Network) - Former St. Louis  Blues forward Mike Danton has been sentenced to 7 1/2 years in  prison for concocting a murder-for-hire plot against his agent.	ENTAILMENT
1146	This example is Sports	Sports India, Cricket: Nagpur, Oct 24 : Master blaster Sachin Tendulkar has said that he had prepared himself well for the Nagpur test by undergoing intense practice sessions over the last three-four days.	ENTAILMENT
1147	This example is Sports	Miami, FL (Sports Network) - Mike Lowell #39;s contract with the Florida Marlins is no longer contingent on the team getting a new stadium.	ENTAILMENT
1148	This example is Business	Matt Gutierrez will start at quarterback for the University of Michigan on Saturday against Miami (Ohio). It #39;s right up there with  quot;dog bites man quot; on the surprise scale.	ENTAILMENT
1149	This example is Sports	London, England (Sports Network) - Disappointing Porto will meet a confident Chelsea side led by its former coach at Stamford Bridge on Wednesday as Matchday 2 continues.	ENTAILMENT
1150	This example is Sports	 ORLANDO, Fla. (Sports Network) - Heath Miller of Virginia  was named the winner of the John Mackey Award as the nation's  top tight end.	ENTAILMENT
1151	This example is Sports	CLEVELAND  #151; This area is football #146;s mecca  #151; the Hall of Fame is about an hour away, in Canton  #151; yet the fans here have been deprived of good football for so long.	ENTAILMENT
1152	This example is World	SEPTEMBER 08, 2004 (COMPUTERWORLD) - Open-source software start-up SugarCRM Inc. will release the first commercial enterprise version of its Linux-based open-source CRM application tomorrow, starting at \$149 per seat for the first year.	ENTAILMENT
1153	This example is Sports	 ASHBURN, Va. (Sports Network) - Washington Redskins  linebacker LaVar Arrington and kicker John Hall are listed as  doubtful for Sunday's game versus the Green Bay Packers.	ENTAILMENT
1154	This example is World	Champ Car World Champion Paul Tracy has shaken off a terrible practice session to qualify fastest for the Gold Coast Indy. Tracy hit a tire barrier towards the end of the opening 15-minute practice session, damaging his nosecone.	ENTAILMENT
1155	This example is Sci/Tech	Computer Sciences Corp. won a \$1.35 billion contract to manage phone and computer networks for Ascension Health, the biggest US nonprofit health care system.	ENTAILMENT
1156	This example is Sports	 MONTREAL (Sports Network) - The Chicago Cubs acquired  catcher Mike DiFelice from the Detroit Tigers and outfielder  Ben Grieve from Milwaukee, both for a player to be named later,  Tuesday.	ENTAILMENT
1157	This example is Sports	 JACKSONVILLE, Fla. (Sports Network) - In a surprising turn  of events, Urban Meyer is expected to be named head football  coach at the University of Florida.	ENTAILMENT
1158	This example is Sports	BASEBALL Anaheim (AL): Waived INF Adam Riggs. Colorado (NL): Declined 2005 option on P Steve Reed.	ENTAILMENT
1159	This example is Sports	 WASHINGTON (Sports Network) - Owners of Major League  Baseball's more than 30 teams did not vote as scheduled  Thursday on the proposed move of the Montreal Expos franchise  to Washington, DC.	ENTAILMENT
1160	This example is Sports	 BALTIMORE, (Sports Network) - Baltimore Ravens running back  Jamal Lewis will miss his second straight game with a sprained  right ankle when his club takes on the Cincinnati Bengals this  Sunday.	ENTAILMENT
1161	This example is World	PC World - Fuji joins the fray of makers of 16X DVD media with scheduled fall release.	ENTAILMENT
1162	This example is Sports	Houston, TX (Sports Network) - Morgan Ensberg went 2-for-4 and drove in three runs to lead Houston over Atlanta 8-5 in Game 3 of their National League Division Series at Minute Maid Park.	ENTAILMENT
1163	This example is Sports	Following is the Globe Top 20 in EMass for boys' soccer. No. Team Record Last 1. Stoneham 14-0-1 1 2. Framingham 10-0-5 2 3. Hingham 15-0-2 6 4. Weymouth 10-1-4 4 5. Medford 10-3-2 13 6. Woburn 10-2-2 10 7. Newton North 10-4-2 5 8. Everett 10-3-2 2 9. Lincoln-Sudbury 12-1-2 7 10. Dartmouth 14-1-0 9 11. BC High 7-1-6 ...	ENTAILMENT
1164	This example is Sports	Ashburn, VA (Sports Network) - San Francisco 49ers head coach Dennis Erickson will remain with the team after discussing the head coaching vacancy at Ole Miss with school officials on Tuesday.	ENTAILMENT
1165	This example is Sports	Cincinnati, OH (Sports Network) - The Cincinnati Bengals signed veteran safety Anthony Mitchell on Wednesday to fill their depleted secondary.	ENTAILMENT
1166	This example is Sports	Kansas City, MO (Sports Network) - The Kansas City Royals have extended the contract of outfielder Matt Stairs through the 2005 season.	ENTAILMENT
1167	This example is Sports	 PHILADELPHIA (Sports Network) - Houston starting pitcher  Roger Clemens left Wednesday's 9-8 win over Philadelphia with a  strained right calf.	ENTAILMENT
1168	This example is Sports	 PHILADELPHIA (Sports Network) - Houston starting pitcher  Roger Clemens left Wednesday's 9-8 win over Philadelphia with a  strained right calf.	ENTAILMENT
1169	This example is Sports	 GREEN BAY, Wis. (Sports Network) - Green Bay Packers star  quarterback Brett Favre and top running back Ahman Green both  missed Thursday's practice with injuries.	ENTAILMENT
1170	This example is Business	THE BOSS of Xerox says she wants to move the company away from just photocopying and become an information services outfit. Xerox chairman and CEO Anne Mulcahy says she is prepared to buy consultancies in a bid to make her cunning plans come true.	ENTAILMENT
1171	This example is Sports	 STILLWATER, Okla. (Sports Network) - Oklahoma State wasted  little time in finding a new football coach, promoting  offensive coordinator Mike Gundy to replace Les Miles.	ENTAILMENT
1172	This example is Sports	Athens, Greece (Sports Network) - Michael Anti of the United States won the silver on Sunday in the men #39;s 50m rifle 3-position event at the Summer Olympics in Athens.	ENTAILMENT
1173	This example is Business	DUXBURY -- On a night like this, there was concern that the weather would decide the Patriot League title. No one guessed it would come down to punting and passing.	ENTAILMENT
1174	This example is Sports	Detroit, MI (Sports Network) - According to a broadcast report, the NBA has suspended Indiana #39;s Ron Artest for 30 games and teammates Stephen Jackson and Jermaine O #39;Neal 20 games apiece for their part in a brawl between the Pacers and the Pistons on 	ENTAILMENT
1175	This example is World	PC World - Device uses NCQ technology to prioritize a PC's requests.	ENTAILMENT
1176	This example is World	Thousands are going hungry in the Andean mountain region of southern Peru, says the World Food Programme.	ENTAILMENT
1177	This example is Sports	Brussels, Belgium (Sports Network) - Former world No. 1 Kim Clijsters #39; latest wrist injury will likely end her season, but it #39;s not expected to require surgery.	ENTAILMENT
1178	This example is Sports	Spring, TX (Sports Network) - Larry Nelson fired an eight-under 64 Sunday and birdied the first playoff hole to win the inaugural Adminstaff Small Business Classic.	ENTAILMENT
1179	This example is Sports	(Sports Network) - The Los Angeles Lakers go for their third straight victory and seventh in nine games this evening, when they battle the listless Chicago Bulls at the United Center.	ENTAILMENT
1180	This example is Sports	When his positive dope test was confirmed, Adrian Mutu forgot to blame someone for spiking his drinks. Odd this, because athletics, swimming and cycling have taught us that 	ENTAILMENT
1181	This example is Sports	CBC SPORTS ONLINE - Two spectators accused of taking part in last month #39;s NBA brawl are now banned from attending Detroit Pistons games and other events.	ENTAILMENT
1182	This example is Sports	Houston, TX (Sports Network) - Houston Rockets guard Bob Sura underwent surgery Tuesday to repair a herniated disk in his lower back.	ENTAILMENT
1183	This example is World	World News  gt; Dhaka, Sep 5 : A powerful bomb ripped through an old building in the Bangladesh city of Sylhet Sunday, leaving at least two people dead and seven wounded.	ENTAILMENT
1184	This example is Sports	Glasgow, Scotland (Sports Network) - Rangers went back to the top of the Scottish Premier League (SPL) Saturday with a 3-0 demolition of Dundee.	ENTAILMENT
1185	This example is Sports	 EDEN PRAIRIE, Minn. (Sports Network) - Minnesota Vikings  wide receiver Randy Moss will not play at full speed for a few  weeks after an MRI Thursday revealed a slight tear in his  injured right hamstring.	ENTAILMENT
1186	This example is Sports	Paris, France (Sports Network) - Marat Safin moved into the final of the BNP Paribas Masters with a straight-set victory over Guillermo Canas on Saturday.	ENTAILMENT
1187	This example is Sports	Athens, Greece (Sports Network) - The Olympic diving competition came to a close Saturday night with the men #39;s 10-meter platform final, and China increased its medal take to nine with a gold and bronze medal.	ENTAILMENT
1188	This example is Sports	CBC SPORTS ONLINE- - The National Hockey League Players #39; Association extended an olive branch to commissioner Gary Bettman on Thursday, inviting the league back to the negotiating table so it can examine a new proposal from the union.	ENTAILMENT
1189	This example is Sports	PORTSMOUTH - Five former or current city residents are among the individuals the Internal Revenue Service is looking for because their income tax refund checks could not be delivered.	ENTAILMENT
1190	This example is World	PC World - The one-time World Class Product of the Year PDA gets a much-needed upgrade.	ENTAILMENT
1191	This example is Sports	(Sports Network) - The defending world champion Detroit Pistons will try to get back to the .500 mark tonight, when they travel to New Orleans to battle the struggling Hornets.	ENTAILMENT
1192	This example is Sports	1. Novelists Stephen King and Stewart O #39;Nan are collaborating on a book about this year #39;s Red Sox. The working title is The Girl Who Now Hates Tom Gordon.	ENTAILMENT
1193	This example is Sports	Sonoma, CA (Sports Network) - Tom Kite battled heavy rain and cold temperatures on Saturday to shoot an even-par 72 and take the third-round lead of the Champions Tour #39;s season-ending Charles Schwab Cup Championship.	ENTAILMENT
1194	This example is World	PC World - Windows XP Service Pack 2 seems a smooth upgrade for most, but many are\  putting off installing Microsoft's big security patch anyway.	ENTAILMENT
1195	This example is World	ENGLAND fast bowler Steve Harmison is the world #39;s number one bowler, according to the latest PwC Test ratings. The Durham quick #39;s match-winning nine-wicket haul in the fourth and final Test against the West 	ENTAILMENT
1196	This example is Sports	London, England (Sports Network) - Blackburn named Welsh national team coach Mark Hughes its new boss Wednesday, effective immediately.	ENTAILMENT
1197	This example is Sports	MOBILE, Ala. (SportsTicker) - After having the door opened for her, Heather Daly-Donofrio is walking right in. Ineligible to participate in the past, Daly-Donofrio carded an 8-under-par 64 in Saturday #39;s 	ENTAILMENT
1198	This example is Sports	Athens, Greece (Sports Network) - Ilias Iliadis captured Greece #39;s second gold medal of the 2004 Olympics with a thrilling victory over Roman Gontyuk of the Ukraine in the men #39;s under 81kg category in judo on Tuesday. 	ENTAILMENT
1199	This example is Sports	Philadelphia, PA (Sports Network) - Philadelphia Eagles fullback Jon Ritchie was placed on injured reserve Monday and will miss the remainder of the season after suffering a torn ACL during Sunday #39;s game versus Detroit.	ENTAILMENT
1200	This example is Business	Madrid, Spain (Sports Network) - Real Madrid #39;s  #39;galacticos #39; dominated Sunday at the Bernabeu in a 5-0 demolition of Levante.	CONTRADICTION
1201	This example is Sci/Tech	 DALLAS (Sports Network) - Dirk Nowitzki scored 25 points  and grabbed 10 rebounds as the Dallas Mavericks overcame an  early 17-point deficit for a 101-98 overtime victory against  Golden State at American Airlines Center.	CONTRADICTION
1202	This example is World	Phoenix, AZ (Sports Network) - Quentin Richardson hit six of Phoenix #39;s 13 three-pointers on his way to a 26-point effort, as the Suns ran away from the Orlando Magic, 121-100, at America West Arena.	CONTRADICTION
1203	This example is Sci/Tech	 ORLANDO, Fl. (Sports Network) - Hedo Turkoglu came off the  bench to contribute 19 points and Dwight Howard netted 15  points with 11 rebounds, leading the Orlando Magic over the  Dallas Mavericks, 94-84, at TD WaterHouse Center. Steve Francis  fell just shy of a triple-double, finishing with 16 points, 10  boards and nine assists while Grant Hill collected 17 points  with nine rebounds for Orlando, which handed the Mavericks  their first loss of the 2004 season.	CONTRADICTION
1204	This example is Sci/Tech	 ORLANDO, Fl. (Sports Network) - Hedo Turkoglu came off the  bench to contribute 19 points and Dwight Howard netted 15  points with 11 rebounds, leading the Orlando Magic over the  Dallas Mavericks, 94-84, at TD WaterHouse Center. Steve Francis  fell just shy of a triple-double, finishing with 16 points, 10  boards and nine assists while Grant Hill collected 17 points  with nine rebounds for Orlando, which handed the Mavericks  their first loss of the 2004 season.	CONTRADICTION
1205	This example is World	DALLAS (Sports Network) - Dirk Nowitzki scored 25 points and grabbed 10 rebounds as the Dallas Mavericks overcame an early 17-point deficit for a 101-98 overtime victory against Golden State at American Airlines Center.	CONTRADICTION
1206	This example is Business	(Sports Network) - Johan Santana continues his push for the American League Cy Young Award, as he takes the ball for the Minnesota Twins in the opener of a three-game series against the visiting Chicago White Sox.	CONTRADICTION
1207	This example is World	CBC SPORTS ONLINE - Seattle Mariners outfielder Ichiro Suzuki is the new single-season singles king of Major League Baseball. Suzuki broke the 77-year-old record with his 199th single of the year.	CONTRADICTION
1208	This example is World	Rotterdam, the Netherlands (Sports Network) - A top of the table clash between Schalke of the German Bundesliga and Dutch power Feyenoord highlights Matchday 4 of the UEFA Cup group stage.	CONTRADICTION
1209	This example is Business	COLUMBUS, Ohio (Sports Network) - Troy Smith threw for 241 yards and two touchdowns and ran for 145 yards and a score to lead the Ohio State Buckeyes to a 37-21 victory over No.	CONTRADICTION
1210	This example is Sci/Tech	Cleveland, OH (Sports Network) - Jeff Garcia completed 15-of-24 passes for 180 yards, including a 46-yard touchdown pass to Quincy Morgan, leading Cleveland over Baltimore, 20-3, in the season-opener for both teams at Cleveland Browns Stadium.	CONTRADICTION
1211	This example is Sci/Tech	CHAMPAIGN, Ill. (Sports Network) - Roger Powell Jr. scored 19 points and grabbed seven rebounds to lead fifth-ranked Illinois to a lopsided 91-73 win over No.	CONTRADICTION
1212	This example is Sci/Tech	Indianapolis, IN (Sports Network) - Peyton Manning threw four touchdown passes and Mike Vanderjagt kicked a 35-yard field goal with two seconds remaining in the fourth quarter to give the Indianapolis Colts a 31-28 victory over the Minnesota Vikings at 	CONTRADICTION
1213	This example is Sci/Tech	SPORTS NETWORK - Oakland Raiders offensive lineman Frank Middleton is expected to miss the remainder of the season because of a torn left quadriceps muscle that will require surgery.	CONTRADICTION
1214	This example is Business	 CHAMPAIGN, Ill. (Sports Network) - Roger Powell Jr. scored  19 points and grabbed seven rebounds to lead fifth-ranked  Illinois to a lopsided 91-73 win over No. 1 Wake Forest in the  ACC/Big Ten Challenge at Assembly Hall.	CONTRADICTION
1215	This example is Sci/Tech	 NEW ORLEANS, La. (Sports Network) - New Orleans Hornets  center Jamaal Magloire is expected to be sidelined for up to  three months because of a dislocated right ring finger.	CONTRADICTION
1216	This example is Sci/Tech	PC World - Here's a hands-on look at the moderately priced, multiformat DV-CP802.	CONTRADICTION
1217	This example is Business	Minneapolis, MN (Sports Network) - Gary Sheffield tied the game in the ninth inning with his second homer of the game and Hideki Matsui singled home Alex Rodriguez with the go-ahead run, as the New York Yankees rallied for a 13-10 victory over the ...	CONTRADICTION
1218	This example is Sci/Tech	 AUBURN HILLS, Mich. (Sports Network) - Rasheed Wallace  racked up 23 points and 12 rebounds and five other Detroit  players scored in double-figures as the Pistons cruised to a  100-88 victory over Boston at the Palace at Auburn Hills.	CONTRADICTION
1219	This example is Business	(Sports Network) - Jerome Williams will take the mound for the first time in two months tonight, as the playoff-hopeful San Francisco Giants conclude their three-game series with the San Diego Padres at Petco Park.	CONTRADICTION
1220	This example is Business	Champaign, IL (Sports Network) - Taylor Stubblefield #39;s third touchdown catch of the day early in the fourth quarter sealed 15th-ranked Purdue #39;s 38-30 win over Illinois in the Big Ten opener for both schools at Memorial Stadium.	CONTRADICTION
1221	This example is Sci/Tech	 EDEN PRAIRIE, Minn. (Sports Network) - Minnesota Vikings  wide receiver Randy Moss is listed as doubtful for Sunday's  game against the Jacksonville Jaguars with a right hamstring  injury.	CONTRADICTION
1222	This example is Sci/Tech	Final Score: Connecticut 61, New York 51 New York, NY (Sports Network) - Nykesha Sales scored 15 points to lead Connecticut to a 61-51 win over New York in Game 1 of their best-of-three Eastern Conference Finals series at Madison Square Garden.	CONTRADICTION
1223	This example is Sci/Tech	 MIAMI (Sports Network) - Frank Gore scored from one yard  out in the final minute to lift the third-ranked Miami  Hurricanes to a 41-38 victory over No. 18 Louisville in a  non-conference thriller at the Orange Bowl.	CONTRADICTION
1224	This example is World	Alkmaar, the Netherlands (Sports Network) - Rangers #39; 16-match unbeaten run came to an end Thursday as it lost at AZ Alkmaar, 1-0, in a UEFA Cup encounter.	CONTRADICTION
1225	This example is Sci/Tech	 AUBURN HILLS, Mich. (Sports Network) - Ron Artest scored 24  points, as Indiana defeated Detroit 97-82 in a game that was  stopped late in the fourth quarter due to a fight on the court  that spilled into the stands and included the fans.	CONTRADICTION
1226	This example is Sci/Tech	Cleveland, OH (Sports Network) - LeBron James poured in a career-high 43 points to lead Cleveland to an easy 92-76 win over Detroit at Gund Arena.	CONTRADICTION
1227	This example is World	(Sports Network) - The New York Knicks hope to get back to .500 this evening when they conclude a four-game road trip against the Dallas Mavericks at the AmericanAirlines Center.	CONTRADICTION
1228	This example is World	(Sports Network) - Roger Clemens tries to win his seventh straight decision and possibly vault the Houston Astros into the lead in the National League wild card standings, as they go for a three-game sweep of the NL Central champion St.	CONTRADICTION
1229	This example is World	Paris, France (Sports Network) - French favorite Sebastien Grosjean and three- time Roland Garros champion Gustavo Kuerten of Brazil will not play in next month #39;s Paris Masters due to injuries.	CONTRADICTION
1230	This example is World	(Sports Network) - Dwyane Wade followed up his career-high 37-point effort on Monday night with 22 points and nine assists to lead the Miami Heat to a 103-93 victory over the Washington Wizards in the back end of a home-and-home set on Tuesday at 	CONTRADICTION
1231	This example is Business	KNOXVILLE, Tennessee (Sports Network) - Mike Goolsby #39;s interception return for a touchdown gave Notre Dame the lead and the Fighting Irish held on for a 17-13 win over ninth-ranked Tennessee at Neyland Stadium.	CONTRADICTION
1232	This example is World	 ATHENS, Ga. (Sports Network) - David Greene threw a  school-record five touchdown passes to lift the No. 3 Georgia  Bulldogs to a 45-16 rout of the 13th-ranked LSU Tigers in a  Southeastern Conference matchup at Sanford Stadium.	CONTRADICTION
1233	This example is Business	(Sports Network) - The Heat suffered a 93-84 loss to the San Antonio Spurs on Friday night at the SBC Center. Shaquille O #39;Neal had 23 points and 21 rebounds for Miami, which played without star guard Dwyane 	CONTRADICTION
1234	This example is World	(Sports Network) - Matt Ginter will get the start for an injured Victor Zambrano this afternoon when the New York Mets conclude their three-game series with the San Francisco Giants at SBC Park.	CONTRADICTION
1235	This example is Sci/Tech	 ANAHEIM, Calif. (Sports Network) - The Anaheim Angels have  reportedly traded outfielder Jose Guillen to the  Washington-bound Expos in exchange for outfielder Juan Rivera  and a prospect.	CONTRADICTION
1236	This example is Sci/Tech	(Sports Network) - Brad Miller had 26 points and nine rebounds and Peja Stojakovic chipped in 22 points to lead the Sacramento Kings to a 101-89 victory over the Denver Nuggets on Sunday.	CONTRADICTION
1237	This example is World	(Sports Network) - The New York Yankees try to move one step closer to a division title when they conclude their critical series with the Boston Red Sox at Fenway Park.	CONTRADICTION
1238	This example is Sci/Tech	(Sports Network) - The suddenly struggling Los Angeles Clippers attempt to put an end to a three-game skid tonight, when they battle the Minnesota Timberwolves at the Target Center.	CONTRADICTION
1239	This example is Business	(Sports Network) - The San Francisco Giants not only have wild card apsirations, but they can possibly win the NL West. San Francisco will play the middle contest of a three-game series versus the Los Angeles Dodgers today in southern California.	CONTRADICTION
1240	This example is Sci/Tech	(Sports Network) - Los Angeles will try to win the NL West title tonight, while hampering San Francisco #39;s playoff chances, as the Dodgers and Giants open a three-game series at Dodger Stadium.	CONTRADICTION
1241	This example is Sci/Tech	 EAST RUTHERFORD, N.J. (Sports Network) - The Toronto  Raptors have traded All-Star swingman Vince Carter to the New  Jersey Nets in exchange for center Alonzo Mourning, forward  Eric Williams, center/forward Aaron Williams and two first-  round draft picks.	CONTRADICTION
1242	This example is Sci/Tech	San Francisco, CA (Sports Network) - Dustan Mohr dropped a fly ball with two outs and the bases loaded in the top of the 12th inning to allow two runs to score, and the New York Mets went on to defeat the San Francisco Giants 11-9 in the see-saw middle 	CONTRADICTION
1243	This example is Sci/Tech	Anaheim, CA (Sports Network) - The Washington Nationals have signed free-agent first baseman Wil Cordero to a one-year contract, and also agreed to terms with outfielder Jeffrey Hammonds on a minor league deal with an invitation to spring training.	CONTRADICTION
1244	This example is Sci/Tech	 INDIANAPOLIS, Ind. (Sports Network) - The Toronto Raptors  have traded All-Star swingman Vince Carter to the New Jersey  Nets in exchange for center Alonzo Mourning, forward Eric  Williams, center/forward Aaron Williams and two conditional  first-round draft picks. The trade cannot be announced until  the NBA approves it for salary-cap purposes.	CONTRADICTION
1245	This example is World	(Sports Network) - The winless Golden State Warriors start a five-game road trip tonight, as they visit the undefeated Dallas Mavericks at American Airlines Center.	CONTRADICTION
1246	This example is Sci/Tech	 COLUMBUS, Ohio (Sports Network) - Troy Smith threw for 161  yards and two touchdowns, leading the Ohio State Buckeyes to a  commanding 30-7 victory over the Indiana Hoosiers in Big Ten  action from Ohio Stadium.	CONTRADICTION
1247	This example is Sci/Tech	(Sports Network) - The Colorado Rockies continue a four-game series versus the NL West-leading Los Angeles Dodgers tonight at Dodger Stadium.	CONTRADICTION
1248	This example is Business	Eindhoven, the Netherlands (Sports Network) - PSV Eindhoven will be without striker Jan Vennegoor of Hesselink for up to six weeks due to a shoulder injury.	CONTRADICTION
1249	This example is Sci/Tech	SPORTS NETWORK - Tampa Bay Buccaneers defensive tackle Anthony McFarland is likely sidelined the rest of this season because of a torn triceps muscle.	CONTRADICTION
1250	This example is Business	 EAST RUTHERFORD, New Jersey (Sports Network) - Retired NBA  center and seven-time All- Star Alonzo Mourning is going to  give his playing career one more shot.	CONTRADICTION
1251	This example is World	 MIAMI (Sports Network) - Frank Gore scored on an 18-yard  touchdown run in overtime, as No. 5 Miami-Florida outlasted  fourth-ranked and arch-rival Florida State, 16-10, at the  Orange Bowl in the season-opener for both teams.	CONTRADICTION
1252	This example is Business	(Sports Network) - The Detroit Pistons will try to avoid their first three- game losing streak of the season when they head to Madison Square Garden to battle the New York Knicks.	CONTRADICTION
1253	This example is Business	 LEXINGTON, Ky. (Sports Network) - Kelenna Azubuike poured  in a game-high 21 points, Shagari Alleyne added 11 points and  Kentucky rolled past Morehead State, 71-40, in non-conference  play at Rupp Arena.	CONTRADICTION
1254	This example is Business	WEST LAFAYETTE, Indiana (Sports Network) - Garrett Rivas kicked a 35-yard field goal with 2:45 left in the fourth quarter to lead 13th-ranked Michigan to a 16-14 win over No.	CONTRADICTION
1255	This example is Business	CBC SPORTS ONLINE - Free-agent first baseman Richie Sexson is the newest member of the Seattle Mariners. The four-year deal, which was contingent on Sexson passing a physical, was announced Wednesday and is reportedly worth \$10 million US per season.	CONTRADICTION
1256	This example is World	 ST. LOUIS (Sports Network) - St. Louis Cardinals starting  pitcher Chris Carpenter is expected to miss the first round of  the playoffs next week with an injury to his right arm.	CONTRADICTION
1257	This example is Sci/Tech	 NEW ORLEANS (Sports Network) - Dustin Almond passed for 299  yards with a touchdown and rushed for another score to lead the  Southern Mississippi Golden Eagles to a 31-10 victory over the  North Texas Mean Green in the New Orleans Bowl at the  Superdome.	CONTRADICTION
1258	This example is Sci/Tech	 CHAPEL HILL, N.C. (Sports Network) - Rashad McCants scored  a game-high 28 points to lead No. 9 North Carolina over  eighth-ranked Kentucky, 91-78, as the nation's two winningest  programs battled at Dean Smith Center.	CONTRADICTION
1259	This example is World	(Sports Network) - The Toronto Raptors continues its Western Conference road trip tonight when they play the Utah Jazz at the Delta Center.	CONTRADICTION
1260	This example is Sci/Tech	COLUMBUS, Ohio (Sports Network) - Troy Smith threw for 161 yards and two touchdowns, leading the Ohio State Buckeyes to a commanding 30-7 victory over the Indiana Hoosiers in Big Ten action from Ohio Stadium.	CONTRADICTION
1261	This example is Business	Sports India, Cricket: Kolkata, Nov 27 : With the revocation of captain Sourav Ganguly #39;s two-match suspension, a resurgent Indian team is looking forward to the second and final Test against South Africa beginning at the Eden Gardens here Sunday.	CONTRADICTION
1262	This example is Business	(Sports Network) - The Toronto Blue Jays posted a blowout victory over the Oakland Athletics on Sunday afternoon. Gabe Gross hit his first career grand slam and Russ Adams added his first career homer in a 	CONTRADICTION
1263	This example is Business	New York, NY (Sports Network) - The one-year deal between Eddie Robinson and the New York Knicks is off after the free agent forward failed a physical.	CONTRADICTION
1264	This example is Business	 TOKYO (Sports Network) - Roger Clemens pitched four-plus  solid innings and David Ortiz had a two-run single to highlight  a three-run sixth inning, as the MLB All-Stars downed the  Japanese All-Stars, 7-2, at the Tokyo Dome.	CONTRADICTION
1265	This example is Sci/Tech	 STARKVILLE, Miss. (Sports Network) - Lawrence Roberts  scored 19 points and pulled down 13 rebounds to lead  15th-ranked Mississippi State to a 66-52 victory over South  Alabama at Humphrey Coliseum.	CONTRADICTION
1266	This example is Sci/Tech	(Sports Network) - Anaheim registered a narrow 2-1 win over the Cleveland Indians at Jacobs Field Sunday night. John Lackey pitched 7 1/3 solid innings to lead the Angels to the victory.	CONTRADICTION
1267	This example is Sci/Tech	(Sports Network) - The Oakland Athletics try to strengthen their hold atop the American League West this evening when they start a four-game series with the Texas Rangers at the Coliseum.	CONTRADICTION
1268	This example is World	 DENVER (Sports Network) - Carmelo Anthony of the Denver  Nuggets was cited for possession of marijuana before boarding a  team flight, but the star forward said the drug was left in his  bag by a friend.	CONTRADICTION
1269	This example is Sci/Tech	(Sports Network) - Rashard Lewis scored 22 points to lead the Seattle SuperSonics to a 103-95 win over the Indiana Pacers at KeyArena.	CONTRADICTION
1270	This example is Business	(Sports Network) - Ryan Drese attempts win No. 15 this afternoon when the Texas Rangers conclude their three-game set with the Seattle Mariners at Ameriquest Field.	CONTRADICTION
1271	This example is World	 SHAWNEE, Oklahoma (Sports Network) - Former heavyweight  champion Riddick Bowe is eyeing a return to the ring after  hanging up the gloves in 1996.	CONTRADICTION
1272	This example is Sci/Tech	Lyon, France (Sports Network) - Lyon will head into the winter break on top of the Ligue 1 table and unbeaten after a 1-1 draw against Marseille Friday at the Stade Gerland.	CONTRADICTION
1273	This example is World	Sports #39; highest court rejected an appeal from a South Korean gymnast on Thursday, ruling that Hamm is the rightful champion in the men #39;s all-around competition at the Athens Games.	CONTRADICTION
1274	This example is Sci/Tech	KANSAS CITY, Mo. (Sports Network) - Adrian Peterson rushed for 171 yards and three scores, as the second-ranked Oklahoma Sooners likely punched their ticket to the Orange Bowl with a 42-3 pasting of the Colorado Buffaloes in the Big 12 championship game.	CONTRADICTION
1275	This example is Sci/Tech	CBC SPORTS ONLINE - AC Milan striker Andriy Shevchenko was named the Ballon d #39;Or (Golden Ball) award winner on Monday as European soccer player of the year.	CONTRADICTION
1276	This example is Sci/Tech	Miami, FL (Sports Network) - Frank Gore scored from one yard out in the final minute to lift the third-ranked Miami Hurricanes to a 41-38 victory over No.	CONTRADICTION
1277	This example is World	Louisville, KY (Sports Network) - Stefan LeFors threw three touchdown passes to lead 12th-ranked Louisville to a 55-28 rout over TCU at Papa John #39;s Cardinal Stadium.	CONTRADICTION
1278	This example is Business	(Sports Network) - The Dallas Mavericks were knocked off by the Seattle SuperSonics, 107-102, at American Airlines Center. Dirk Nowitzki tallied 27 points and seven rebounds for the Mavs, who have dropped two of three.	CONTRADICTION
1279	This example is Sci/Tech	Chicago, IL (Sports Network) - A two-run triple by JD Drew keyed a three-run rally in the top of the eighth inning as the Atlanta Braves eliminated the Chicago Cubs from playoff contention with an 8-6 comeback victory at Wrigley Field.	CONTRADICTION
1280	This example is Business	Lecce, Italy (Sports Network) - Alessandro Del Piero led Juventus to a 1-0 victory in the rain over Lecce Sunday. The win allowed Juve to maintain a six point cushion on top of the table.	CONTRADICTION
1281	This example is Sci/Tech	Pro baseball: New York Yankees vs. Red Sox at Fenway Park, 7 p.m. College field hockey: Fairfield at Sacred Heart, 4 p.m.; Castleton St. at Becker, 4 p.m.; UMBC at Maine, 5 p.m.; Providence at UNH, 7 p.m.	CONTRADICTION
1282	This example is Business	(Sports Network) - The Reds begin a four-game set against the Chicago Cubs at Great American Ball Park today. Cincinnati will rely on righthander Josh Hancock to get the job done on the mound tonight.	CONTRADICTION
1283	This example is Sci/Tech	ANN ARBOR, Michigan (Sports Network) - Braylon Edwards caught a 24-yard touchdown pass in the third overtime to lead 12th-ranked Michigan to a 45-37 win over Michigan State in Big Ten action at Michigan Stadium.	CONTRADICTION
1284	This example is Sci/Tech	 PHOENIX (Sports Network) - Free agent third baseman Troy  Glaus is reportedly headed to the Arizona Diamondbacks.	CONTRADICTION
1285	This example is World	Liverpool, England (Sports Network) - Antonio Nunez arrived at Liverpool Tuesday as part of the deal that sent Michael Owen to Spanish giant Real Madrid. 	CONTRADICTION
1286	This example is Business	 ORLANDO, Fla. (Sports Network) - Hedo Turkoglu came off the  bench to contribute 19 points and Dwight Howard netted 15  points with 11 rebounds, leading the Orlando Magic over the  Dallas Mavericks, 94-84, at TD WaterHouse Center.	CONTRADICTION
1287	This example is World	St. Louis, MO (Sports Network) - John Carney #39;s 31-yard field goal 7:04 into overtime handed the New Orleans Saints a dramatic 28-25 victory over the St.	CONTRADICTION
1288	This example is Sci/Tech	Munich, Germany (Sports Network) - Bayern Munich will try to avenge a 1-0 loss to Juventus from two weeks ago when it hosts the Italian side Wednesday in a Champions League Matchday 4 encounter.	CONTRADICTION
1289	This example is World	CBC SPORTS ONLINE - Gary Sheffield of the New York Yankees underwent successful arthroscopic surgery on his left shoulder Tuesday.	CONTRADICTION
1290	This example is Sci/Tech	Monaco, France (Sports Network) - Auxerre and its potent strike force of Benjani Mwaruwari and Bonaventure Kalou have a difficult challenge Sunday when they travel to Monaco for an important French Ligue 1 match.	CONTRADICTION
1291	This example is World	(Sports Network) - The Suns fell in overtime to the Cleveland Cavaliers, 114-109, on Wednesday at Gund Arena. Shawn Marion paced six Phoenix players in double figures with 22 points and Quentin Richardson had 21.	CONTRADICTION
1292	This example is Business	 CHICAGO (Sports Network) - Peyton Manning threw four  touchdown passes and Edgerrin James ran for 204 yards with a  score, as the Indianapolis Colts rolled to a 41-10 victory over  the Chicago Bears at Soldier Field.	CONTRADICTION
1293	This example is World	PHILADELPHIA (Sports Network) - Kyle Eckel rushed for a career-high 179 yards and a touchdown to lead the Navy Midshipmen to a 42-13 rout of the Army Black Knights in the 105th meeting of the storied rivalry between the service academies from Lincoln 	CONTRADICTION
1294	This example is Sci/Tech	(Sports Network) - Two of the top teams in the American League tangle in a possible American League Division Series preview tonight, as the West-leading Oakland Athletics host the wild card-leading Boston Red Sox for the first of a three-game set at the 	CONTRADICTION
1295	This example is Sci/Tech	(Sports Network) - The struggling Cleveland Indians try to halt a season-high eight-game losing streak tonight, as they host the New York Yankees in the second of a three-game series at Jacobs Field.	CONTRADICTION
1296	This example is Sci/Tech	Syracuse, NY (Sports Network) - Syracuse junior point guard Billy Edelin has been granted the academic waiver petition by the NCAA, making him eligible to play immediately for the Orange.	CONTRADICTION
1297	This example is World	Sapporo, Japan (Sports Network) - Daisuke Matsuzaka went the distance on a five-hitter to lead Japan to a 5-1 victory over the Major League Baseball All- Stars in the sixth of an eight-game exhibition series.	CONTRADICTION
1298	This example is World	 PHOENIX (Sports Network) - Randy Johnson became the  all-time major league strikeout leader among left-handed  pitchers on a night he led the Arizona Diamondbacks to a 3-2  win over the Colorado Rockies in the third of a four- game set  at Bank One Ballpark.	CONTRADICTION
1299	This example is Business	 PHOENIX (Sports Network) - Randy Johnson became the  all-time major league strikeout leader among left-handed  pitchers on a night he led the Arizona Diamondbacks to a 3-2  win over the Colorado Rockies in the third of a four- game set  at Bank One Ballpark.	CONTRADICTION
1300	This example is Sports	World News New York, Sep 24, : Sanjay Kumar, former CEO of New York-based software giant Computer Associates, has pleaded not guilty to charges of defrauding investors by fudging records.	CONTRADICTION
1301	This example is World	(Sports Network) - Ichiro Suzuki will try to add to his new single-season hits record, as he takes the field for the Seattle Mariners in the middle test of a season-ending three-game series against the visiting Texas Rangers.	CONTRADICTION
1302	This example is Business	(Sports Network) - The Mariners will try to get back on the winning track tonight, when they battle the Anaheim Angels in the middle test of a three- game series.	CONTRADICTION
1303	This example is World	CBC SPORTS ONLINE - Scott Gomez has headed home to Alaska to play some hockey during the lockout. Gomez, a 24-year-old Anchorage native, skated Monday with the Alaska Aces of the ECHL and could debut in Friday #39;s home opener against the San Diego Gulls.	CONTRADICTION
1304	This example is World	(Sports Network) - The Anaheim Angels and Texas Rangers will continue their battle for the division crown this evening, as they continue a four-game series at Ameriquest Field.	CONTRADICTION
1305	This example is Sci/Tech	Houston, TX (Sports Network) - JD Drew singled home Rafael Furcal with the go-ahead run in the top of the ninth and John Smoltz pitched out of a jam in the bottom of the inning, as the Atlanta Braves forced a decisive fifth game of the National League 	CONTRADICTION
1306	This example is World	Houston, TX (Sports Network) - JD Drew singled home Rafael Furcal with the go-ahead run in the top of the ninth and John Smoltz pitched out of a jam in the bottom of the inning, as the Atlanta Braves forced a decisive fifth game of the National League 	CONTRADICTION
1307	This example is Business	SPACE.com -  quot;My heart stopped \  here on the ground. quot;\  -- Erik Lindbergh	CONTRADICTION
1308	This example is World	Anaheim, CA (Sports Network) - Anaheim Angels outfielder Vladimir Guerrero was drilled on the left side of his head by a pitch from Mariners pitcher Ryan Franklin, forcing him out of Monday #39;s game in the first inning.	CONTRADICTION
1309	This example is Business	Lyon, France (Sports Network) - Juventus and French international striker David Trezeguet underwent surgery Tuesday on his injured left shoulder.	CONTRADICTION
1310	This example is World	Southampton, England (Sports Network) - Southampton and manager Paul Sturrock have agreed to an amicable separation, effective immediately.	CONTRADICTION
1311	This example is World	Liverpool, England (Sports Network) - Former English international and Liverpool great Emlyn Hughes passed away Tuesday from a brain tumor.	CONTRADICTION
1312	This example is World	CBC SPORTS ONLINE - New York Yankees right-fielder Gary Sheffield will undergo arthroscopic shoulder surgery Tuesday. Sheffield, runner-up to Anaheim #39;s Vladimir Guerrero for most valuable player honours in 	CONTRADICTION
1313	This example is Sci/Tech	Baltimore, MD (Sports Network) - The Baltimore Orioles have agreed to terms with veteran first baseman/designated hitter Rafael Palmeiro Wednesday to a one-year contract.	CONTRADICTION
1314	This example is Sci/Tech	Las Vegas, NV (Sports Network) - Brian Grant had 22 points and Chris Mihm added 15, as the Los Angeles Lakers downed the Phoenix Suns, 111-103.	CONTRADICTION
1315	This example is World	Los Angeles, CA (Sports Network) - Steve Finley #39;s two-run single capped a five-run ninth inning, leading the Los Angeles Dodgers to a 5-4 victory over the Colorado Rockies at Dodger Stadium in the second contest of a four-game series.	CONTRADICTION
1316	This example is Business	 NORMAN, Okla. (Sports Network) - True freshman Adrian  Peterson rushed for 183 yards and two touchdowns as the No. 2  Oklahoma Sooners downed the Oregon Ducks, 31-7, at Memorial  Stadium.	CONTRADICTION
1317	This example is Sci/Tech	Reuters - EarthLink Inc. on Thursday\posted a higher third-quarter profit, helped by subscriber\growth, but it forecast revenue below analysts' consensus\target for the current quarter, which dragged down shares 9\percent.	CONTRADICTION
1318	This example is Sci/Tech	Jacksonville, FL (Sports Network) - According to Tuesday #39;s edition of the Florida Times-Union, Jacksonville Jaguars starting quarterback Byron Leftwich will miss at least four weeks and perhaps the rest of the season with a left knee injury.	CONTRADICTION
1319	This example is Sci/Tech	(Sports Network) - The New York Yankees will try to strengthen their hold on first place in the American league East this evening when they continue their three- game series with the Toronto Blue Jays at Yankee Stadium.	CONTRADICTION
1320	This example is Business	(Sports Network) - The Anaheim Angels will try to get back on the winning track and break an 18-inning scoreless drought when they open up a crucial three-game set against the Seattle Mariners tonight at Angel Stadium.	CONTRADICTION
1321	This example is Business	 PHILADELPHIA (Sports Network) - Offensive lineman Shawn  Andrews, Philadelphia's No. 1 draft pick this year, suffered a  fractured right leg in Sunday's game against the New York  Giants. Head coach Andy Reid said after the Eagles' 31-17  victory that Andrews will miss the rest of the season.	CONTRADICTION
1322	This example is World	 OAKLAND, Calif. (Sports Network) - Texas Rangers second  baseman Alfonso Soriano left Thursday's 5-4 loss to Oakland  after he injured his left leg, and he might miss the rest of  the season.	CONTRADICTION
1323	This example is Sci/Tech	STARKVILLE, Mississippi (Sports Network) - Jerious Norwood #39;s 37-yard touchdown run with 32 seconds remaining in the fourth quarter lifted Mississippi State to a shocking 38-31 victory over 20th-ranked Florida.	CONTRADICTION
1324	This example is Sci/Tech	 COLUMBUS, Ohio (Sports Network) - Mike Nugent's 55-yard  field goal as time expired lifted the ninth-ranked Ohio State  Buckeyes to a dramatic 24-21 win over the pesky Marshall  Thundering Herd in the first-ever meeting between the teams.	CONTRADICTION
1325	This example is Sports	The story of Baiji power station, which can produce more electricity than any plant in Iraq, helps explain why power generation remains one of the most vexing reconstruction challenges in the country.	CONTRADICTION
1326	This example is World	BOMBAY -- For centuries, this city has been the citadel where Zoroastrianism, one of the world's oldest religions, has persevered in the face of overwhelming odds.	CONTRADICTION
1327	This example is Business	(Sports Network) - Curt Schilling will try to become the first pitcher in the major leagues to reach 19 wins, as he heads to the mound for the Boston Red Sox in the second test of a four-game series against the Seattle Mariners.	CONTRADICTION
1328	This example is Sci/Tech	Brescia, Italy (Sports Network) - New acquisition Zlatan Ibrahimovic scored in his debut as Juventus dominated Brescia 3-0 Sunday.	CONTRADICTION
1329	This example is Sci/Tech	 ANAHEIM, Calif. (Sports Network) - Anaheim Angels  outfielder Vladimir Guerrero was drilled on the left side of  his head by a pitch from Mariners pitcher Ryan Franklin,  forcing him out of Monday's game in the first inning.	CONTRADICTION
1330	This example is Sci/Tech	(Sports Network) - The Los Angeles Lakers begin a season-high six-game homestand tonight against the Washington Wizards at the Staples Center.	CONTRADICTION
1331	This example is Sci/Tech	Athens, Greece (Sports Network) - Greek weightlifter Leonidas Sampanis on Sunday was stripped of the bronze medal he won last week and banished from the Athens Games for failing an antidoping test.	CONTRADICTION
1332	This example is World	(Sports Network) - Pedro Martinez will try to win his fourth consecutive decision, as he takes the hill for the Boston Red Sox in the middle test of a three-game series against the visiting Toronto Blue Jays. 	CONTRADICTION
1333	This example is Sci/Tech	Minneapolis, MN (Sports Network) - The Minnesota Twins have come to terms with veteran pitcher Terry Mulholland on a minor league contract.	CONTRADICTION
1334	This example is World	Philadelphia, PA (Sports Network) - Donovan McNabb threw four touchdown passes, including three to Terrell Owens, to lead the Philadelphia Eagles to a 31-17 victory over the New York Giants in the season-opener for both teams at Lincoln Financial Field.	CONTRADICTION
1335	This example is Business	 COLUMBUS, Ohio (Sports Network) - Troy Smith threw for 241  yards and two touchdowns and ran for 145 yards and a score to  lead the Ohio State Buckeyes to a 37-21 victory over No. 7  Michigan in the final game of the regular season for both  teams.	CONTRADICTION
1336	This example is Sci/Tech	Athens, Greece (Sports Network) - Ellen Estes scored the game-winning goal with just 2:20 remaining, leading the United States women #39;s water polo team to a 6-5 victory over Australia in the bronze medal match Thursday.	CONTRADICTION
1337	This example is Business	DIVISION 1-AA POLL Balloting conducted by the Sports Network, with first-place votes in parentheses, records, total points and last week's ranking. W-L Pts LW 1. Southern Ill. (85) 5-1 2,620 1 2. Ga. Southern (17) 5-1 2,523 3 3. Delaware (1) 4-1 2,342 4 4. Western Ky. (2) 4-1 2,277 6 5. Montana 5-1 2,081 7 6. Wofford 4-1 1,932 ...	CONTRADICTION
1338	This example is Business	 CHAMPAIGN, Ill. (Sports Network) - Luther Head had a  game-high 17 points and Dee Brown added 15 along with nine  assists as top-ranked Illinois cruised to a 78-59 victory over  in-state foe Chicago State at Assembly Hall.	CONTRADICTION
1339	This example is Sci/Tech	New York, NY (Sports Network) - Great Britain #39;s Paula Radcliffe captured the New York City marathon in the closest-ever women #39;s finish in the history of the race, while Hendrik Ramaala of South Africa won the men #39;s side.	CONTRADICTION
1340	This example is World	(Sports Network) - Barry Zito has been in excellent form over his last few starts, and the Oakland Athletics need him to continue in that direction tonight when they battle the Texas Rangers in the middle test of an important three-game series at 	CONTRADICTION
1341	This example is World	 NORMAN, Okla. (Sports Network) - Jason White completed  29-of-35 passes for 383 yards and three touchdowns as No. 2  Oklahoma dominated Nebraska, 30-3, in Big 12 action at Memorial  Stadium.	CONTRADICTION
1342	This example is Sci/Tech	WORLD Trade Organisation (WTO) members have finally established a framework for negotiations to conclude the Doha Round. This is good news.	CONTRADICTION
1343	This example is Sci/Tech	SPORTS NETWORK - Chicago Bears Pro Bowl linebacker Brian Urlacher is sidelined 4-6 weeks because of a lower left leg injury. Urlacher, 26, hurt the leg during Sunday #39;s 19-17 overtime win at Tennessee and underwent 	CONTRADICTION
1344	This example is World	(Sports Network) - Jose Contreras tries to stay perfect in a Chicago uniform this evening when the White Sox continue their three-game set against the Detroit Tigers at US Cellular Field. 	CONTRADICTION
1345	This example is World	(Sports Network) - The Yankees will try to get back on the winning track this afternoon, when they try to avoid a three-game sweep at the hands of the Baltimore Orioles at Yankee Stadium.	CONTRADICTION
1346	This example is World	 LOS ANGELES (Sports Network) - The Los Angeles Clippers  placed rookie guard Shaun Livingston on the injured list  Tuesday with a dislocated right kneecap.	CONTRADICTION
1347	This example is Business	(Sports Network) - The Toronto Blue Jays look to rebound from a tough loss as they host the New York Yankees for the third of a four-game set at SkyDome.	CONTRADICTION
1348	This example is World	 ALAMEDA, Calif. (Sports Network) - Oakland Raiders  quarterback Rich Gannon is expected to be sidelined for at  least six weeks after sustaining fractured vertebrae in his  neck.	CONTRADICTION
1349	This example is Sci/Tech	Raleigh, NC (Sports Network) - Julius Hodge scored 22 points and pulled down eight rebounds to lead 16th-ranked North Carolina State to a 60-53 victory over Purdue in the ACC/Big Ten Challenge at the RBC Center.	CONTRADICTION
1350	This example is Sci/Tech	Bronx, NY (Sports Network) - The Toronto Blue Jays activated pitcher Roy Halladay from the 15-day disabled list and he is expected to start Tuesday #39;s game against the New York Yankees.	CONTRADICTION
1351	This example is Sci/Tech	 MIAMI (Sports Network) - The Florida Marlins have signed  pitcher Al Leiter to a one-year contract, one day after the New  York Mets decided not to offer the lefthander arbitration.	CONTRADICTION
1352	This example is Business	World News, HO CHI MINH CITY, A United Airlines plane has landed in Vietnam #39;s Ho Chi Minh City, the first commercial American airliner to fly to the country since the Vietnam War.	CONTRADICTION
1353	This example is World	(Sports Network) - The San Antonio Spurs begin a stretch of five road contests in six games this evening, when they tangle with the Atlanta Hawks at Philips Arena.	CONTRADICTION
1354	This example is World	 CHARLOTTE, N.C. (Sports Network) - LeBron James, playing  his first game since suffering a facial fracture, scored a  game-high 26 points, grabbed eight rebounds and dished out six  assists to lead Cleveland to a 94-83 win over the Bobcats at  Charlotte Coliseum.	CONTRADICTION
1355	This example is World	 NEW YORK, (Sports Network) - The New York Yankees and New  York Mets swapped lefthanded relievers on Friday, with the  Yankees shipping Felix Heredia across the East River in  exchange for Mike Stanton and cash considerations.	CONTRADICTION
1356	This example is World	SPORTS NETWORK - New York Jets quarterback Chad Pennington suffered a rotator cuff injury during Sunday #39;s game against the Buffalo Bills and is expected to miss the next two to four weeks.	CONTRADICTION
1357	This example is World	Oakland, CA (Sports Network) - Bartolo Colon hurled seven shutout innings of three-hit ball as the Anaheim Angels drew first blood in this three-game series for the American League West title with a 10-0 victory over the Oakland Athletics at Network 	CONTRADICTION
1358	This example is Sci/Tech	(Sports Network) - The Utah Jazz and Denver Nuggets play the first of a home- and-home set tonight, as the squad meet at the Pepsi Center.	CONTRADICTION
1359	This example is World	Sports India, Cricket Southampton, Sep 22 : The West Indies Wednesday beat Pakistan by seven wickets in the second semi-final to set up the title clash with England in the Champions Trophy Saturday.	CONTRADICTION
1360	This example is Sci/Tech	 KANSAS CITY, Mo. (Sports Network) - Kansas City Chiefs  running back Priest Holmes is listed as doubtful for Sunday's  game against New Orleans because of a knee injury.	CONTRADICTION
1361	This example is Sci/Tech	 ANN ARBOR, Mich. (Sports Network) - Dion Harris dropped in  a game-high 24 points in helping to lead the Michigan  Wolverines to a 69-60 victory over the Colorado Buffaloes in  the second round of the Preseason NIT from Crisler Arena.	CONTRADICTION
1362	This example is World	Bronx, NY (Sports Network) - Johan Santana threw seven shutout innings and Jacque Jones homered to lead the Minnesota Twins to a 2-0 victory over New York in the opener of a best-of-five American League Division Series at Yankee Stadium.	CONTRADICTION
1363	This example is Business	Listen up sports fans, ESPN #39;s about to bring its news, stats, scores, and video - to cell phones. The Disney-owned cable TV powerhouse has inked a deal with Sprint to launch the first ESPN-branded cell phone.	CONTRADICTION
1364	This example is Sci/Tech	Salt Lake City, UT (Sports Network) - Lee Nailon finished with 16 points, hitting a pair of free throws to put the Hornets ahead with 1:42 remaining, lifting New Orleans to its first win of the season, 76-75, over the Utah Jazz at the Delta Center.	CONTRADICTION
1365	This example is Sports	PHILADELPHIA - Larry Bowa #39;s fiery personality was a perfect fit as a player on Philadelphia #39;s 1980 championship team. It was too much for the Phillies he managed, though, and it was one reason he was fired 	CONTRADICTION
1366	This example is Business	Madrid, Spain (Sports Network) - Villarreal midfielder Marcos Senna was suspended Thursday by UEFA after failing a drug test back in August.	CONTRADICTION
1367	This example is Sci/Tech	 TORONTO (Sports Network) - Toronto Raptors All-Star  swingman Vince Carter was placed on the injured list Friday  after tests revealed a mild strain of his left Achilles'  tendon.	CONTRADICTION
1368	This example is Sci/Tech	 TORONTO (Sports Network) - Toronto Raptors All-Star  swingman Vince Carter was placed on the injured list Friday  after tests revealed a mild strain of his left Achilles'  tendon.	CONTRADICTION
1369	This example is World	Bologna, Italy (Sports Network) - Czech striker Pavel Nedved scored off a free kick in the 86th minute Sunday to give Juventus a 1-0 win at Bologna.	CONTRADICTION
1370	This example is Business	East Rutherford, NJ (Sports Network) - Dwyane Wade paced a balanced attack with 21 points and Shaquille O #39;Neal added 16 in his Heat debut, leading Miami to an easy 100-77 win over the New Jersey Nets at the Meadowlands.	CONTRADICTION
1371	This example is Business	Prague, Czech Republic (Sports Network) - Juventus star and Czech national team captain Pavel Nedved will sit out international matches until he completely recovers from a knee injury, even though he is still playing for his club team Juventus.	CONTRADICTION
1372	This example is Business	 ORCHARD PARK, N.Y. (Sports Network) - Jeff Reed kicked five  field goals and James Harrison returned a fumble for a  touchdown, as the Pittsburgh Steelers completed the best season  in franchise history and knocked the Buffalo Bills out of  playoff contention with a 29-24 victory at Ralph Wilson  Stadium.	CONTRADICTION
1373	This example is Business	CBC SPORTS ONLINE - The Buffalo Sabres agreed to terms with former first-round draft choice Thomas Vanek on Friday. The Sabres signed the left-winger, the fifth overall selection in the 2003 NHL Entry Draft, to a three-year entry-level contract.	CONTRADICTION
1374	This example is Sci/Tech	 HOUSTON (Sports Network) - The Houston Rockets exercised  the fourth-year option on center Yao Ming's contract on  Thursday.	CONTRADICTION
1375	This example is Business	 NEW YORK, (Sports Network) - Minnesota Vikings quarterback  Daunte Culpepper is ahead of all players in voting for the 2005  Pro Bowl, while Philadelphia's Donovan McNabb is one of three  Eagles in the top-10.	CONTRADICTION
1376	This example is World	Sports India, Cricket: London, Nov 16 : New Zealand barrister Tim Castle was Tuesday appointed to hear India captain Sourav Ganguly #39;s appeal against his two-Test suspension, the International Cricket Council (ICC) announced here.	CONTRADICTION
1377	This example is Sci/Tech	Mallorca, Spain (Sports Network) - Simon Khan stands at five-under par through 13 holes and holds a share of the lead during the first round of the Mallorca Classic.	CONTRADICTION
1378	This example is Business	CBC SPORTS ONLINE - Roy Halladay was determined to end a difficult season on a high note. The Toronto Blue Jays #39; ace was back in his Cy Young form, throwing eight innings of one-run ball in a 4-2 victory over the New York Yankees on Saturday afternoon.	CONTRADICTION
1379	This example is World	 CHICAGO (Sports Network) - The Chicago Cubs Thursday  declined to pick up the 2005 options on outfielder Moises Alou  and second baseman Mark Grudzielanek, making the two veterans  free agents.	CONTRADICTION
1380	This example is Business	(Sports Network) - The Tampa Bay Devil Rays are trying to close out what could be the most successful season in franchise history, as they host the Kansas City Royals in the rubber match of a three-game series today at Tropicana Field.	CONTRADICTION
1381	This example is Business	Madrid, Spain (Sports Network) - Real Madrid #39;s powerful offense was held in check during a scoreless draw with Villarreal Sunday.	CONTRADICTION
1382	This example is World	Athens, Greece (Sports Network) - Alexandre Despatie of Canada was the top qualifier as he moved into the semifinals of the men #39;s 3-meter springboard diving competition on Monday.	CONTRADICTION
1383	This example is Sci/Tech	Chicago, IL (Sports Network) - Tony Parker scored 17 points and had five assists to lead a balanced San Antonio attack that handed the Spurs a 91-75 victory over the Chicago Bulls at the United Center.	CONTRADICTION
1384	This example is Business	 SOUTH BEND, Indiana (Sports Network) - True freshman Darius  Walker ran for 115 yards and a pair of fourth-quarter  touchdowns, leading Notre Dame to a 28-20 victory over  eighth-ranked Michigan at Notre Dame Stadium.	CONTRADICTION
1385	This example is Business	Amsterdam, the Netherlands (Sports Network) - Ajax defender Hatem Trabelsi finally ended his holdout by signing a new two-year contract on Friday.	CONTRADICTION
1386	This example is World	Lyon, France (Sports Network) - Olympique Lyon #39;s start to the season could not have been much better, until it came to a screeching halt Saturday in a French Ligue 1 match against Strasbourg.	CONTRADICTION
1387	This example is Business	Cincinnati, OH (Sports Network) - The Cincinnati Reds have scheduled a press conference for 4 pm (et) today, at which time the club is expected to announce that shortstop Barry Larkin will not be re-signed.	CONTRADICTION
1388	This example is Business	Cincinnati, OH (Sports Network) - The Cincinnati Reds have scheduled a press conference for 4 pm (et) today, at which time the club is expected to announce that shortstop Barry Larkin will not be re-signed.	CONTRADICTION
1389	This example is World	Minneapolis, MN (Sports Network) - Minnesota Vikings wide receiver Randy Moss was in the starting lineup during Sunday #39;s 20-3 victory over the Tennessee Titans despite having a hamstring injury, but the All-Pro was removed from the game after the team #39;s 	CONTRADICTION
1390	This example is Business	Munich, Germany (Sports Network) - Bayern Munich will be without striker Roque Santa Cruz for up to six weeks due to knee surgery.	CONTRADICTION
1391	This example is World	 MAUI, Hawaii (Sports Network) - Jeff Horner scored 18  points and Pierre Pierce added 16, as Iowa knocked off  12th-ranked Louisville, 76-71, in the opening round of the Maui  Invitational at the Lahaina Civic Center.	CONTRADICTION
1392	This example is Sci/Tech	(Sports Network) - The Florida Marlins continue their pursuit of the National League wild card spot, as they continue a five-game series against the Montreal Expos.	CONTRADICTION
1393	This example is Sci/Tech	(Sports Network) - The Florida Marlins continue their pursuit of the National League wild card spot, as they continue a five-game series against the Montreal Expos.	CONTRADICTION
1394	This example is Sci/Tech	 NEW YORK (Sports Network) - The New York Jets and  quarterback Chad Pennington are close to a deal that would make  the quarterback the highest- paid player in franchise history.	CONTRADICTION
1395	This example is Sci/Tech	 ATLANTA (Sports Network) - The Atlanta Braves have acquired  standout righthander Tim Hudson from the Oakland Athletics in  exchange for outfielder Charles Thomas, right-handed pitcher  Juan Cruz and left-handed pitcher Dan Meyer.	CONTRADICTION
1396	This example is Business	CBC SPORTS ONLINE - Tiger Woods is on the verge of winning his first stroke-play golf tournament in over a year. Woods fired a 5-under-par 65 Saturday to stretch his commanding lead to 10 strokes after three 	CONTRADICTION
1397	This example is Business	Muncie, IN (Sports Network) - Randy Holcomb #39;s tip-in at the final buzzer enabled Indiana to record an 85-84 victory over Washington in the preseason opener for both teams at Ball State University #39;s Worthen Arena.	CONTRADICTION
1398	This example is Sci/Tech	 PHILADELPHIA (Sports Network) - Kyle Eckel rushed for a  career-high 179 yards and a touchdown to lead the Navy  Midshipmen to a 42-13 rout of the Army Black Knights in the  105th meeting of the storied rivalry between the service  academies from Lincoln Financial Field.	CONTRADICTION
1399	This example is World	CBC SPORTS ONLINE - Ottawa Senators right-winger Marian Hossa is joining younger brother Marcel and Slovak countryman Rastislav Pavlikovsky with Mora of the Swedish Elite League.	CONTRADICTION
1400	This example is World	CBC SPORTS ONLINE - John Smoltz will open Spring Training 2005 in the Atlanta Braves #39; rotation and armed with a new contract. General manager John Schuerholz spent a busy Thursday coming to terms on a two-year pact with his former closer.	CONTRADICTION
1401	This example is Business	 WINSTON-SALEM, North Carolina (Sports Network) - Xavier  Beitia's 22-yard field goal with 1:03 left to play lifted  fifth-ranked Florida State to a 20-17 victory over Atlantic  Coast Conference rival Wake Forest at Groves Stadium.	CONTRADICTION
1402	This example is Business	(Sports Network) - The Seattle Mariners host the Tampa Bay Devil Rays tonight in the the middle contest of a three-game set at Safeco Field.	CONTRADICTION
1403	This example is World	(Sports Network) - The Dodgers will try to win their three-game series against arch-rival San Francisco and increase their narrow 1 1/2-contest lead in the standings today at SBC Park.	CONTRADICTION
1404	This example is Business	 NEW YORK (Sports Network) - New York Yankees outfielder  Gary Sheffield will have arthroscopic surgery Tuesday on his  ailing left shoulder.	CONTRADICTION
1405	This example is Sci/Tech	 WASHINGTON (Sports Network) - Dwyane Wade continued his hot  start to the 2004-05 campaign with a career-high 37 points, as  the Miami Heat improved to 3-0 on the young season with a  118-106 win over the Washington Wizards.	CONTRADICTION
1406	This example is Sports	PC World -  #36;300 Cyber-shot squeezes high-end performance into its small package.	CONTRADICTION
1407	This example is Business	 ANAHEIM, Calif. (Sports Network) - Anaheim Angels  outfielder Vladimir Guerrero was drilled on the left side of  his head by a pitch from Mariners pitcher Ryan Franklin,  forcing him out of Monday's 5-2 win in the first inning.	CONTRADICTION
1408	This example is Business	CBC SPORTS ONLINE - Soccer legend Diego Maradona will return to Cuba to continue his drug rehabilitation with the permission of a federal judge.	CONTRADICTION
1409	This example is Business	 HATTIESBURG, Miss. (Sports Network) - Thomas Decod blocked  a potential game-tying point after touchdown and Wendell Hunter  returned it for a two-point conversion as fourth-ranked  California hung on for a 26-16 win over Southern Mississippi at  M.M. Roberts Stadium.	CONTRADICTION
1410	This example is Business	(Sports Network) - The anticipation has been building for a year, and finally tonight the rematch will begin, as the Boston Red Sox battle the New York Yankees in Game 1 of the American League Championship Series.	CONTRADICTION
1411	This example is Business	Birmingham, England (Sports Network) - Aston Villa striker Darius Vassell will be out for an  quot;extended period quot; due to a fractured ankle.	CONTRADICTION
1412	This example is Business	Indianapolis, IN (Sports Network) - Josh Scobee hit a 53-yard field goal with 38 seconds left and Byron Leftwich threw for 300 yards and two touchdowns, as Jacksonville defeated Indianapolis 27-24 at the RCA Dome.	CONTRADICTION
1413	This example is Sci/Tech	(Sports Network) - The Washington Wizards lost to the Dallas Mavericks, 122-113, on Sunday at the MCI Center. Antawn Jamison netted 23 points and grabbed nine boards for the Wizards, who have dropped four of their last five contests.	CONTRADICTION
1414	This example is Business	 ALAMEDA, Calif. (Sports Network) - Oakland Raiders wide  receiver Ronald Curry suffered a torn left Achilles' tendon  during Sunday's loss to Kansas City and will miss the remainder  of the season.	CONTRADICTION
1415	This example is World	 IOWA CITY, Iowa (Sports Network) - Drew Tate completed  15-of-24 passes for 186 yards with three touchdowns and three  interceptions to lead No. 17 Iowa over ninth-ranked Wisconsin,  30-7, in the regular season finale for both squads with the Big  Ten championship on the line at Kinnick Stadium.	CONTRADICTION
1416	This example is Business	Kansas City, MO (Sports Network) - New York Yankees first baseman Jason Giambi will make his first appearance since late July, as the former American League MVP was inserted in the starting lineup for Tuesday night #39;s game against the Kansas City Royals at 	CONTRADICTION
1417	This example is Business	(Sports Network) - The Minnesota Twins will try to lock up their third consecutive AL Central title tonight, when they begin a three-game set against the second-place Chicago White Sox at US Cellular Field.	CONTRADICTION
1418	This example is Business	CBC SPORTS ONLINE - Corey Dillon rushed for a pair of touchdowns as the visiting New England Patriots clipped the Kansas City Chiefs 27-19 before a crowd of 78,431 at Arrowhead Stadium on Monday.	CONTRADICTION
1419	This example is World	 PHILADELPHIA (Sports Network) - Eric Williams scored 17  points on 7-of-10 shooting from the field to lead sixth-ranked  Wake Forest to a 67-64 win over Temple at the Liacouras Center.	CONTRADICTION
1420	This example is Sci/Tech	Barcelona, Spain (Sports Network) - Real Madrid coach Jose Antonio Camacho tried to shake things up with some major changes to his lineup.	CONTRADICTION
1421	This example is Business	 EAST RUTHERFORD, N.J. (Sports Network) - New York Giants  safety Shaun Williams was placed on injured reserve Wednesday  due to a left knee injury.	CONTRADICTION
1422	This example is World	 KANSAS CITY, Mo. (Sports Network) - Kansas City Chiefs  running back Priest Holmes will miss the remainder of the  season after being placed on injured reserve Thursday.	CONTRADICTION
1423	This example is Business	Pittsburgh, PA (Sports Network) - Carlos Zambrano tossed 7 1/3 shutout innings to lead the Chicago Cubs to a 1-0 victory over the Pittsburgh Pirates in the middle contest of a three-game set at PNC Park.	CONTRADICTION
1424	This example is World	(Sports Network) - The Detroit Pistons try to get back on the winning track this evening when they start a brief two-game road trip against the Memphis Grizzlies at FedExForum.	CONTRADICTION
1425	This example is Business	 DALLAS (Sports Network) - John Lucas poured in a game-high  24 points to lead No. 6 Oklahoma State over SMU, 76-57, at  Moody Coliseum.	CONTRADICTION
1426	This example is World	New Orleans, LA (Sports Network) - Tampa Bay quarterback Chris Simms left in the first quarter of Sunday #39;s game against New Orleans with a left shoulder injury.	CONTRADICTION
1427	This example is World	New Orleans, LA (Sports Network) - Kansas City Chiefs running back Priest Holmes missed Sunday #39;s 27-20 loss to New Orleans with a knee injury.	CONTRADICTION
1428	This example is Sci/Tech	 Miami, Fla. (Sports Network) - Miami Dolphins head coach  Dave Wannstedt has officially named Jay Fiedler the starting  quarterback for Sunday's season opener against the Tennessee  Titans.	CONTRADICTION
1429	This example is Sci/Tech	CBC SPORTS ONLINE - Carlos Delgado and Vernon Wells provided the Toronto Blue Jays with a lethal 1-2 punch Sunday at SkyDome. Carlos Delgado had three hits and Vernon Wells hit a home run, as the Jays beat 	CONTRADICTION
1430	This example is Business	 NEW YORK (Sports Network) - Johan Santana threw seven  shutout innings and Jacque Jones homered to lead the Minnesota  Twins to a 2-0 victory over New York in the opener of a  best-of-five American League Division Series at Yankee Stadium.	CONTRADICTION
1431	This example is World	 ATLANTA (Sports Network) - The Atlanta Hawks waived center  Jelani McCoy Tuesday and activated guard Royal Ivey from the  injured list.	CONTRADICTION
1432	This example is Business	World #39;s No.1 retailer makes half-million dollar contribution to help defeat a state ballot measure. LOS ANGELES (Reuters) - Wal-Mart Stores Inc.	CONTRADICTION
1433	This example is World	New York, NY (Sports Network) - The NBA has decided to postpone the pre-season game the Utah Jazz were scheduled to play in Russia because of security concerns.	CONTRADICTION
1434	This example is Sci/Tech	 JACKSONVILLE, Fla. (Sports Network) - Jacksonville Jaguars  quarterback Byron Leftwich expects to be back in the starting  lineup this week when his team travels to Minnesota to take on  the Vikings.	CONTRADICTION
1435	This example is Sci/Tech	St. Andrews, Scotland (Sports Network) - Luke Donald shot a four-under 68 on Saturday to move into the lead after the third round of the dunhill links championship.	CONTRADICTION
1436	This example is World	One thing that the Olympics have always provided is that hardy perennial known as the  quot;feel-good story. quot; The sort of story in which, against all odds--and with undeniable drama--the farm boy from Iowa who grew up with rickets in one leg ...	CONTRADICTION
1437	This example is Business	Sports India, Cricket: Faisalabad, Oct. 21 : Pakistan scored 256 for the loss of eight wickets on the second day of the Faisalabad test.	CONTRADICTION
1438	This example is Sci/Tech	 KANSAS CITY, Mo., (Sports Network) - Kansas City Chiefs  quarterback Trent Green is listed as questionable for Sunday's  game against the Oakland Raiders with bruises to his ribs and  hip.	CONTRADICTION
1439	This example is World	New Orleans, LA (Sports Network) - Tampa Bay quarterback Chris Simms left in the first quarter of Sunday #39;s win against New Orleans with a left shoulder injury.	CONTRADICTION
1440	This example is Business	(Sports Network) - Tracy McGrady scored a game-high 25 points and added six rebounds to lead the Houston Rockets over the Atlanta Hawks, 92-69, on Wednesday at the Toyota Center.	CONTRADICTION
1441	This example is Business	MAUI, Hawaii (Sports Network) - Taquan Dean poured in a game-high 30 points and Francisco Garcia added 16 points to lead 12th-ranked Louisville over Stanford, 82-67, in the fifth place game of the Maui Invitational at the Lahaina Civic Center.	CONTRADICTION
1442	This example is Sci/Tech	 CHICAGO (Sports Network) - Luther Head scored 23 points on  8-of-10 shooting to lead top-ranked Illinois to an 83-66  victory over Oregon at the United Center. Deron Williams added  17 points and seven assists in the victory.	CONTRADICTION
1443	This example is World	Pro basketball: Charlotte vs. Celtics at the FleetCenter, 7:30 p.m. College hockey: Men -- UMass at BC, 7 p.m.; Merrimack at BU, 7 p.m.; Maine at Northeastern, 7 p.m.; Colgate at UMass-Lowell, 7 p.m.; Princeton at Brown, 7 p.m.; Providence at UNH, 7 p.m.; Yale at Harvard, 8 p.m.; UBS tournament at Worcester: Worcester St. at Fitchburg St., 5:30 p.m.; ...	CONTRADICTION
1444	This example is Sci/Tech	Cincinnati, OH (Sports Network) - The Cincinnati Reds exercised the 2006 contract option for first baseman Sean Casey. Casey, who is a three-time All-Star, signed a three-year contract extension in February 2002 with a club option for the coming season.	CONTRADICTION
1445	This example is World	(Sports Network) - Winners in four of their last five games, the Detroit Tigers hand the ball to 23-year-old lefthander Wilfredo Ledezma tonight for the middle portion of a three-game series with the Chicago White Sox at Comerica Park.	CONTRADICTION
1446	This example is Business	CBC SPORTS ONLINE - Zoran Planinic of the New Jersey Nets underwent surgery on his broken left hand Thursday and is sidelined indefinitely.	CONTRADICTION
1447	This example is Business	Auburn Hills, MI (Sports Network) - Richard Hamilton banked home a shot over the outstretched arm of Shaquille O #39;Neal with 1.3 seconds remaining, lifting Detroit to a 78-77 victory over Miami at the Palace.	CONTRADICTION
1448	This example is World	Sports India, Cricket: Chennai, Oct 18 : Rains Monday poured water on India #39;s hopes of winning the second Test against Australia as the fifth and final day #39;s play was washed out at the MA Chidambaram Stadium here.	CONTRADICTION
1449	This example is World	 EL SEGUNDO, California (Sports Network) - Los Angeles  Lakers center Vlade Divac is not expected to be ready for the  start of training camp due to a herniated disc in his lower  back.	CONTRADICTION
1450	This example is Business	(Sports Network) - The Golden State Warriors lost to the New Orleans Hornets, 98-89, on Wednesday. The Warriors are 1-1 on their current four-game road trip.	CONTRADICTION
1451	This example is World	(Sports Network) - The Minnesota Twins and Cleveland Indians will close out the regular season with a doubleheader of sorts, as the teams battle at the Metrodome today.	CONTRADICTION
1452	This example is Business	Phoenix, AZ (Sports Network) - Barry Bonds hit career home run No. 699, Jason Schmidt tossed a complete game to pick up a win for the first time in five starts, and San Francisco grabbed solo possession of 	CONTRADICTION
1453	This example is Sci/Tech	Rome, Italy (Sports Network) - Juventus stretched its lead in the Italian Serie A on Saturday with a 3-0 win over Siena. Del Piero put his side on the scoreboard in the 53rd minute when the Siena keeper, Marco 	CONTRADICTION
1454	This example is Business	Rome, Italy (Sports Network) - AC Milan won 1-0 at Cagliari Sunday as a crucial week lies ahead for the Italian giants. Milan rested many of its regulars including Jaap Stam and Hernan Crespo because of a 	CONTRADICTION
1455	This example is Business	DAVIE, Fla. (Sports Network) - Miami Dolphins linebacker Zach Thomas will miss Sunday #39;s game against the Buffalo Bills with a hamstring injury.	CONTRADICTION
1456	This example is Sci/Tech	(Sports Network) - The Mets fell 2-1 in 10 innings to the Chicago Cubs at Shea Stadium on Friday night. Mets starter Kris Benson allowed just one run on four hits, striking out seven and walking one.	CONTRADICTION
1457	This example is Business	New York, NY (Sports Network) - Former Miami Dolphins running back Ricky Williams will remain retired after declining the NFL #39;s reinstatement offer.	CONTRADICTION
1458	This example is Business	DETROIT (SportsTicker) - The Detroit Tigers are willing to take a chance on aging closer Troy Percival. By George Nikitin, AP. The Tigers on Wednesday signed the 35-year-old Percival, who had spent his entire 	CONTRADICTION
1459	This example is World	 Baton Rouge, La. (Sports Network) - Redshirt freshman  kicker Alexis Serna's third missed extra point of the game in  overtime allowed the fourth-ranked LSU Tigers to escape with a  22-21 victory over Oregon State.	CONTRADICTION
1460	This example is Sci/Tech	London, England (Sports Network) - Captain David Beckham will make his return to the English national team Wednesday when they travel to Madrid for a friendly.	CONTRADICTION
1461	This example is World	Pittsburgh, PA (Sports Network) - The Pittsburgh Pirates have reportedly ironed out a trade to send veteran catcher Jason Kendall to the Oakland Athletics for pitchers Mark Redman and Arthur Rhodes.	CONTRADICTION
1462	This example is World	New York, NY (Sports Network) - New York Yankees closer Mariano Rivera is reportedly dealing with a personal issue that could affect his availability early in the American League Championship Series against the Boston Red Sox, which begins Tuesday in the 	CONTRADICTION
1463	This example is Business	 SAN DIEGO (Sports Network) - The San Diego Chargers have  acquired wide receiver Keenan McCardell from Tampa Bay in  exchange for two picks in next year's draft. The deal was made  roughly an hour before the NFL's trading deadline on Tuesday.	CONTRADICTION
1464	This example is Sci/Tech	World News  gt; London, Oct 1 : British Prime Minister Tony Blair was today admitted to the Hammersmith Hospital in west London for corrective treatment of an irregular heartbeat.	CONTRADICTION
1465	This example is World	 STILLWATER, Okla. (Sports Network) - Joey Graham scored 20  points and grabbed seven rebounds to lead fifth-ranked Oklahoma  State to an 86-73 win over Alabama-Birmingham at Gallagher-Iba  Arena.	CONTRADICTION
1466	This example is Sci/Tech	Stuttgart, Germany (Sports Network) - Matthias Sammer brings a resurgent Stuttgart club against Dortmund this weekend. Sammer has helped Stuttgart to second in the Bundesliga table with 17 points and no losses after seven matches.	CONTRADICTION
1467	This example is World	(Sports Network) - The Milwaukee Brewers resume a four-game series against the NL Central champion St. Louis Cardinals tonight at Miller Park.	CONTRADICTION
1468	This example is Business	 Davie, Fla. (Sports Network) - The Miami Dolphins bolstered  their depleted running corps on Wednesday, acquiring running  back Lamar Gordon from the St. Louis Rams in exchange for a  2005 third-round draft pick.	CONTRADICTION
1469	This example is Sci/Tech	Milwaukee, WI (Sports Network) - Barry Bonds did not homer, but JT Snow and Deivi Cruz did, and Brett Tomko threw a complete game to lead the San Francisco Giants to an 8-1 victory over the Milwaukee Brewers at Miller Park.	CONTRADICTION
1470	This example is Business	 LOS ANGELES (Sports Network) - Matt Leinart threw a pair of  touchdown passes and LenDale White ran for two scores, as No. 1  Southern California blanked Washington, 38-0, in a Pac-10  mismatch at the Coliseum.	CONTRADICTION
1471	This example is Business	(Sports Network) - A pair of pitchers that rank in the top 10 in the Major Leagues in ERA face-off this evening, when Ben Sheets anchors the Milwaukee Brewers against Carlos Zambrano and the Chicago Cubs in the first of a three- game set at Wrigley Field.	CONTRADICTION
1472	This example is Business	 ANAHEIM, Calif., (Sports Network) - The Anaheim Angels on  Friday signed veteran free-agent outfielder Steve Finley to a  two-year deal worth \$14 million, with a club option for the  2007 season.	CONTRADICTION
1473	This example is Business	Foxboro, MA (Sports Network) - Miami Dolphins quarterback Jay Fiedler suffered a rib injury during the closing moments of Sunday #39;s 24-10 loss to the New England Patriots.	CONTRADICTION
1474	This example is Sci/Tech	Bali, Indonesia (Sports Network) - Seventh-seeded Argentine Gisela Dulko moved into the quarterfinals, while third-seeded Japanese Ai Sugiyama and 2003 Bali runner-up Chanda Rubin were a pair of opening-round losers Wednesday at the \$225,000 Wismilak 	CONTRADICTION
1475	This example is World	Lafayette, LA (Sports Network) - Rookie JR Smith scored 22 points to lead four Hornets in double figures, as New Orleans topped the Los Angeles Clippers, 105-95, in preseason action.	CONTRADICTION
1476	This example is Business	 NEW ORLEANS (Sports Network) - The New Orleans Saints  Monday acquired cornerback Mike McKenzie and a future  conditional draft choice from Green Bay. In exchange, the  Packers received a second-round pick in 2005 and quarterback  J.T. O'Sullivan.	CONTRADICTION
1477	This example is World	(Sports Network) - Pedro Martinez tries to stop a personal three-game losing streak this evening when the Boston Red Sox attempt a three-game sweep of the Tampa Bay Devil Rays at Tropicana Field.	CONTRADICTION
1478	This example is World	CBC SPORTS ONLINE - News of Sergei Zholtok #39;s death sent shockwaves through the Latvia and hockey communities on Thursday. The 31-year-old died while playing with Latvian club Riga 2000 in Belarus on Wednesday night.	CONTRADICTION
1479	This example is World	(Sports Network) - A pair of teams trying for a strong finish to the season meet tonight, as the Kansas City Royals visit the Chicago White Sox for the opener of a four-game series at US Cellular Field.	CONTRADICTION
1480	This example is World	(Sports Network) - The Minnesota Twins try to get back on the winning track when they conclude their three-game set with the New York Yankees at Yankee Stadium.	CONTRADICTION
1481	This example is Business	ATHENS, Georgia (Sports Network) - Freshman quarterback Erik Ainge threw two touchdown passes as No. 17 Tennessee held off third-ranked and previously unbeaten Georgia for a 19-14 win in an SEC clash at Sanford Stadium.	CONTRADICTION
1482	This example is World	 BALTIMORE (Sports Network) - Baltimore signed Marques  Ogden, brother of Ravens All-Pro tackle Jonathan Ogden to the  club's practice squad on Tuesday.	CONTRADICTION
1483	This example is World	Los Angeles, CA (Sports Network) - Matt Leinart threw a pair of touchdown passes and LenDale White ran for two scores, as No. 1 Southern California blanked Washington, 38-0, in a Pac-10 mismatch at the Coliseum.	CONTRADICTION
1484	This example is World	CBC SPORTS ONLINE - Suspended Indiana Pacers forward Ron Artest will take the first steps in hopes of saving his NBA season next week.	CONTRADICTION
1485	This example is Business	 LAKE FOREST, Ill. (Sports Network) - Chicago Bears  linebacker Brian Urlacher is expected to undergo an MRI exam  this week to determine the severity of a left hamstring injury  he sustained in this past Sunday's game against Jacksonville.	CONTRADICTION
1486	This example is Sci/Tech	Barcelona, Spain (Sports Network) - David Beckham scored the game-winner for Real Madrid as the  #39;galacticos #39; and Barcelona both won in week two of the Spanish Premier division.	CONTRADICTION
1487	This example is Business	 DETROIT (Sports Network) - The Detroit Tigers have signed  free-agent closer Troy Percival. According to a source, the  deal is for two years and worth \$12 million.	CONTRADICTION
1488	This example is World	Madrid, Spain (Sports Network) - Spanish favorites Albert Costa and Alex Corretja highlighted Monday #39;s opening round winners at the Masters Series Madrid.	CONTRADICTION
1489	This example is World	 LOS ANGELES (Sports Network) - Los Angeles Dodgers third  baseman Robin Ventura has decided to call it quits following a  16-year Major League Baseball career.	CONTRADICTION
1490	This example is World	 HOUSTON (Sports Network) - The Houston Rockets activated  guard Tyronn Lue from the injured list prior to Wednesday's  game against the Hawks.	CONTRADICTION
1491	This example is Business	Nashville, TN (Sports Network) - Chris Brown rushed for 98 yards on eight carries, leading the Tennessee Titans to a 27-7 romp over the Green Bay Packers in the preseason finale for both teams at the Coliseum.	CONTRADICTION
1492	This example is World	Albuquerque, NM (Sports Network) - Alex Smith passed for 167 yards and ran for a pair of touchdowns, leading No. 14 Utah to a 28-7 victory over New Mexico in a Mountain West Conference matchup.	CONTRADICTION
1493	This example is World	 TORONTO (Sports Network) - The Portland Trail Blazers fined  forward Zach Randolph for missing the team flight to Toronto,  where they will meet the Raptors Sunday afternoon.	CONTRADICTION
1494	This example is Business	CBC SPORTS ONLINE - Canada #39;s Jacques Villeneuve is getting back into a Formula One driver #39;s seat. F1 team Renault announced that Villeneuve will test drive at Silverstone this week.	CONTRADICTION
1495	This example is World	(Sports Network) - The Anaheim Angels try to make it three straight wins this evening when they start a three-game set with the New York Yankees at Yankee Stadium. 	CONTRADICTION
1496	This example is Business	 NEW YORK (Sports Network) - The New York Mets on Friday  claimed outfielder Ron Calloway off waivers from the Washington  Nationals.	CONTRADICTION
1497	This example is Sci/Tech	 PHOENIX (Sports Network) - The Arizona Diamondbacks signed  free agent shortstop Royce Clayton to a one-year contract on  Tuesday. Financial terms were not released.	CONTRADICTION
1498	This example is Sci/Tech	MIAMI (Sports Network) - Shaquille O #39;Neal made his home debut, but once again it was Dwyane Wade stealing the show with 28 points as the Miami Heat downed the Cleveland Cavaliers, 92-86, in front of a record crowd at AmericanAirlines Arena.	CONTRADICTION
1499	This example is World	CBC SPORTS ONLINE - Four-time Olympic rowing champion Matthew Pinsent announced his retirement from the sport on Tuesday. Pinsent, 34, captured his most recent gold medal by winning the coxless fours event in Athens this past August.	CONTRADICTION
1500	This example is World	 NEW YORK (Sports Network) - Hakim Warrick scored 25 points  and Gerry McNamara added 21, as fifth-ranked Syracuse pulled  away late for a 77-62 victory over No. 24 Memphis in the  championship game of the Coaches versus Cancer Classic at  Madison Square Garden.	CONTRADICTION
1501	This example is Sci/Tech	Philadelphia, PA (Sports Network) - Philadelphia 76ers guard Aaron McKie was activated from the injured list prior to Friday afternoon #39;s contest against the Washington Wizards.	CONTRADICTION
1502	This example is Business	(Sports Network) - The Houston Rockets fell to the Dallas Mavericks in overtime, 113-106, at AmericanAirlines Center on Thursday. Tracy McGrady also had an excellent game, scoring a season-high 48 points on 	CONTRADICTION
1503	This example is Business	Davie, FL (Sports Network) - Miami Dolphins head coach Dave Wannstedt named AJ Feeley as his starting quarterback for next Sunday #39;s game against the Cincinnati Bengals.	CONTRADICTION
1504	This example is Sci/Tech	PC World - Desktops, servers affected, but no vulnerabilities deemed critical.	CONTRADICTION
1505	This example is Sci/Tech	 ALAMEDA, California (Sports Network) - Oakland cornerback  Charles Woodson finally ended a lengthy holdout Tuesday and  signed the Raiders' one-year tender. The deal is reportedly  worth \$8.782 million for the upcoming season.	CONTRADICTION
1506	This example is Business	(Sports Network) - Johan Santana is unbeaten (14-0) in 16 starts since the All- Star break and has an amazing ERA of 1.13 in that span.	CONTRADICTION
1507	This example is Business	AFP - Singapore consumer electronics maker Creative Technology net profit in the September quarter fell 83.5 percent to 4.8 million US dollars, with last year's huge one-time gains magnifying the decline.	CONTRADICTION
1508	This example is Business	London, England (Sports Network) - Chelsea has told Adrian Mutu his services are no longer needed at the club after testing positive for cocaine use.	CONTRADICTION
1509	This example is World	(Sports Network) - The Golden State Warriors lost to the Cleveland Cavaliers, 99-88, on Monday at Gund Arena. Jason Richardson scored 27 points to lead the Warriors, who have dropped seven of their first eight games.	CONTRADICTION
1510	This example is Business	Stockholm, Sweden (Sports Network) - Top-seeded Andre Agassi earned a grueling victory against fourth-seeded Tommy Haas in Saturday #39;s semifinals at the Stockholm Open.	CONTRADICTION
1511	This example is Business	Cleveland, OH (Sports Network) - The Cleveland Cavaliers placed forward/center Scott Williams on the injured list with patella tendinitis in his left knee.	CONTRADICTION
1512	This example is Sci/Tech	(Sports Network) - Jarrod Washburn tries to put the brakes on a personal three-game losing streak this evening when the Anaheim Angels continue their critical three-game series with the Oakland Athletics at Angel Stadium.	CONTRADICTION
1513	This example is Sci/Tech	(Sports Network) - The two top teams in the National League West will begin a gigantic three-game series tonight, as the San Francisco Giants take on the Los Angeles Dodgers at SBC Park.	CONTRADICTION
1514	This example is World	 DALLAS (Sports Network) - Dallas Mavericks All-Star forward  Dirk Nowitzki is expected to be sidelined 7-to-10 days after an  MRI exam Monday revealed a mild left ankle sprain.	CONTRADICTION
1515	This example is World	Sports India: Cricket  gt; Kolkata, Nov 28 : South African captain Graeme Smith today said the visitors, who scored 227 for five on the opening day of the second cricket Test here, were aiming at a first innings total of 400-450 to put pressure on India.	CONTRADICTION
1516	This example is Sci/Tech	(Sports Network) - The New Jersey Nets were defeated by the Philadelphia 76ers, 108-100, in overtime on Wednesday at the Wachovia Center.	CONTRADICTION
1517	This example is World	Los Angeles, CA (Sports Network) - Tim Duncan had 26 points and 16 rebounds to lead the San Antonio Spurs past the Los Angeles Lakers, 105-96.	CONTRADICTION
1518	This example is Business	CBC SPORTS ONLINE - The Chicago Bears decided Monday not to sign free-agent quarterback Tim Couch. Couch, 26, underwent a physical and worked out twice for the Bears, but they failed to bite.	CONTRADICTION
1519	This example is Business	St. Louis, MO (Sports Network) - St. Louis Cardinals starting pitcher Chris Carpenter is expected to miss the first round of the playoffs next week with an injury to his right arm.	CONTRADICTION
1520	This example is World	EAST LANSING, Mich. (Sports Network) - Maurice Ager scored 19 points and pulled down six rebounds, as 10th-ranked Michigan State crushed Nicholls State, 102-52, at the Breslin Center.	CONTRADICTION
1521	This example is Business	Hasselt, Belgium (Sports Network) - Seeded Italians Francesca Schiavone and Silvia Farina Elia led Tuesday #39;s parade of first-round winners at the inaugural Gaz de France Stars tennis event.	CONTRADICTION
1522	This example is Sci/Tech	New York, NY (Sports Network) - The New York Mets bought of the contract of pitcher Al Leiter on Monday, making him a free agent. Leiter -- who went 10-8 with a 3.21 earned run average in 30 starts in 2004 	CONTRADICTION
1523	This example is Sci/Tech	Indianapolis, IN (Sports Network) - Peyton Manning continued his MVP-type season by throwing for 320 yards and five touchdowns, as the Indianapolis Colts rolled to a 49-14 rout of the Houston Texans at the RCA Dome.	CONTRADICTION
1524	This example is Sci/Tech	 LOS ANGELES (Sports Network) - LenDale White carried the  ball 14 times for 123 yards and scored three touchdowns to lead  top-ranked Southern California to a dominating 49-0 shutout of  Colorado State at the Coliseum.	CONTRADICTION
1525	This example is Sci/Tech	 FOXBORO, Mass., (Sports Network) - Cincinnati Bengals  quarterback Carson Palmer left Sunday's 35-28 loss against New  England in the third quarter due to a left knee sprain.	CONTRADICTION
1526	This example is World	Monaco, France (Sports Network) - Nice had little working in its favor with the score 3-0 in favor of Monaco in the second half on Saturday night, and a derby loss seemed inevitable.	CONTRADICTION
1527	This example is Business	Sports India: Cricket  gt; Nagpur, Oct 28 : Australia Thursday took a firm grip on the third Test against India as the home bowlers looked completely ineffective, allowing the visitors to build an overall lead of 415 runs with two days still to go.	CONTRADICTION
1528	This example is Sci/Tech	London, England (Sports Network) - England captain David Beckham fractured a rib during his country #39;s 2-0 win over Wales Saturday.	CONTRADICTION
1529	This example is Business	Orlando, FL (Sports Network) - The Orlando Magic acquired forward Brandon Hunter from the Charlotte Bobcats on Monday in exchange for guard Keith Bogans.	CONTRADICTION
1530	This example is Sci/Tech	East Rutherford, NJ (Sports Network) - Retired NBA center and seven-time All- Star Alonzo Mourning is going to give his playing career one more shot.	CONTRADICTION
1531	This example is World	Michael Wilbon is wrong Sports, Aug. 22. Paul Hamm should turn in his gold medal, which he did not earn. The judges #39; clerical error had no effect on how Paul Hamm or Yang Tae Young performed, and the correction can be made after the fact.	CONTRADICTION
1532	This example is Sci/Tech	MANHATTAN, Kansas (Sports Network) - Dwayne Wright rushed for 74 yards and two touchdowns and Paul Pinegar added a pair of scoring passes, as Fresno State crushed 13th-ranked Kansas State, 45-21, at KSU Stadium.	CONTRADICTION
1533	This example is Sci/Tech	Rome, Italy (Sports Network) - Juventus stretched its lead in the Italian Serie A to five points on Sunday with a 3-0 win over Chievo.	CONTRADICTION
1534	This example is Business	 CHICAGO (Sports Network) - Chicago White Sox slugger Frank  Thomas will remain with the team for 2005 after he exercised an  \$8 million option in his contract.	CONTRADICTION
1535	This example is World	 SCOTTSDALE, Ariz. (Sports Network) - Former heavyweight  champion Mike Tyson was arrested after allegedly jumping on the  hood of a car outside a nightclub.	CONTRADICTION
1536	This example is Business	Indianapolis, IN (Sports Network) - Minnesota Timberwolves center Michael Olowokandi spent Wednesday night in jail after police needed a stun gun to compel him to leave a nightclub.	CONTRADICTION
1537	This example is World	Miami, FL (Sports Network) - Lamont Thompson returned one of three Tennessee interceptions for a touchdown and Chris Brown ran for 100 yards in the first half, as the Titans opened the season with a 17-7 victory over the Miami Dolphins at Pro Player 	CONTRADICTION
1538	This example is Sci/Tech	Los Angeles, CA (Sports Network) - Jose Lima tossed a five-hit shutout and Shawn Green homered twice as the Los Angeles Dodgers staved off elimination in the National League Division Series with a 4-0 blanking of the St.	CONTRADICTION
1539	This example is Sci/Tech	(Sports Network) - Curt Schilling #39;s career postseason record is 5-1, and when you consider his ERA of 1.66 in those 11 games he is one of the most dominating starters in the playoffs.	CONTRADICTION
1540	This example is World	No cheering in the press box. This is the first, second and third commandment of sports journalism, at least until Vijay Singh #39;s approach shot on a Sunday back nine appears to be sailing a tad too long.	CONTRADICTION
1541	This example is Business	 PITTSBURGH (Sports Network) - Kevin Bettencourt scored five  of his 13 points in the final two minutes to lead Bucknell to a  69-66 upset over 10th-ranked and previously unbeaten  Pittsburgh.	CONTRADICTION
1542	This example is Sci/Tech	Houston, TX (Sports Network) - Daunte Culpepper #39;s fifth touchdown pass of the game -- a 50-yard strike to Marcus Robinson in overtime -- lifted the Minnesota Vikings to a 34-28 win over the Houston Texans at Reliant Stadium.	CONTRADICTION
1543	This example is Business	New Orleans, LA (Sports Network) - New Orleans #39; Steve Gleason was fined \$5,000 by the NFL on Wednesday for punching the Panthers #39; Kemp Rasmussen during last Sunday #39;s 32-21 loss to Carolina.	CONTRADICTION
1544	This example is Business	Kansas City, MO (Sports Network) - Angel Berroa went 5-for-5 with five runs scored and Kansas City exploded for 10 runs in the fifth inning en route to a 17-8 victory over the New York Yankees in the opener of a three-game series at Kauffman Stadium.	CONTRADICTION
1545	This example is Business	Chicago, IL (Sports Network) - The Chicago Cubs Thursday declined to pick up the 2005 options on outfielder Moises Alou and second baseman Mark Grudzielanek, making the two veterans free agents.	CONTRADICTION
1546	This example is Business	It's reality TV at its most sci-fi. Two Hollywood stunt pilots hired by NASA are practicing to snag the 400-pound Genesis capsule Wednesday to give it a softer landing as it hurtles to earth. It'll be broadcast live so they better get it right.	CONTRADICTION
1547	This example is Business	 SPRINGFIELD, Massachusetts (Sports Network) - Former  Portland Trail Blazers guard Clyde Drexler highlights the class  of 2004 inductees for the Basketball Hall of Fame.	CONTRADICTION
1548	This example is Sci/Tech	 HEMPSTEAD, N.Y., (Sports Network) - New York Jets wide  receiver Santana Moss is probable for Sunday's AFC East  showdown against the red-hot New England Patriots. Both teams  are undefeated and will square off at Gillette Stadium in  Foxboro, MA.	CONTRADICTION
1549	This example is Sci/Tech	CBC SPORTS ONLINE - The Houston Rockets welcomed aboard reigning scoring champion Tracy McGrady with open arms and an open wallet.	CONTRADICTION
1550	This example is Sci/Tech	 ANAHEIM, Calif., (Sports Network) - The Tampa Bay Devil  Rays acquired catcher Kevin Cash from the Toronto Blue Jays on  Sunday in exchange for right-handed pitcher Chad Gaudin.	CONTRADICTION
1551	This example is World	Bergamo, Italy (Sports Network) - Serie A cellar dwellers Atalanta fired its coach Andrea Mandorlini after he failed to produce a victory in any of the club #39;s first 14 league matches this season.	CONTRADICTION
1552	This example is Sci/Tech	Los Angeles, CA (Sports Network) - The Los Angeles Dodgers acquired right- handed pitcher Elmer Dessens and cash considerations from the Arizona Diamondbacks in exchange for minor league outfielder Jereme Milons on Thursday. 	CONTRADICTION
1553	This example is Sci/Tech	Anchorage, AK (Sports Network) - New Jersey Devils center Scott Gomez has signed with an East Coast Hockey League team in his hometown of Anchorage.	CONTRADICTION
1554	This example is World	(Sports Network) - The Seattle Mariners continue their four-game series against the Boston Red Sox tonight. In Thursday #39;s opener, Bobby Madritsch twirled eight shutout innings and Jose Lopez went 3-for-4 with 	CONTRADICTION
1555	This example is Business	Parma, Italy (Sports Network) - Parma fired coach Silvio Baldini Monday after a loss to Livorno on Sunday left the club near the bottom of the table.	CONTRADICTION
1556	This example is Sci/Tech	Eden Prairie, MN (Sports Network) - Minnesota Vikings wide receiver Randy Moss practiced on Wednesday despite nursing a strained right hamstring and is listed as questionable for this Sunday #39;s game against the New York Giants.	CONTRADICTION
1557	This example is Sci/Tech	 COLUMBUS, Ohio (Sports Network) - Ohio State head football  coach Jim Tressel announced Friday that senior running back  Lydell Ross has been suspended for Saturday's home game against  Indiana.	CONTRADICTION
1558	This example is Sci/Tech	New Orleans, LA (Sports Network) - New Orleans Hornets forward Jamal Mashburn will sit out the 2004-05 season due to a patella femoral irritation of his right knee.	CONTRADICTION
1559	This example is Sci/Tech	CBC SPORTS ONLINE - Former Montreal Expos great Tim Raines has landed a coaching job with the Chicago White Sox. The once-prolific base-stealer has signed on to be Chiago #39;s first-base and base-running coach.	CONTRADICTION
1560	This example is Business	(Sports Network) - Elton Brand scored a game-high 19 points and hauled down 16 rebounds, while Bobby Simmons netted 18 as the Los Angeles Clippers routed the Indiana Pacers, 102-68, on Wednesday at Conseco Fieldhouse.	CONTRADICTION
1561	This example is World	CBC SPORTS ONLINE - The Toronto Argonauts may or may not host the East Division semifinal this year, but they will play home games at York University in 2006.	CONTRADICTION
1562	This example is Business	Kiev, Ukraine (Sports Network) - Shakhtar Donetsk #39;s Champions League aspirations were dealt a severe blow Thursday when the club learned star striker Julius Aghahowa will be out for two weeks.	CONTRADICTION
1563	This example is World	CBC SPORTS ONLINE - The US Olympic Committee doesn #39;t think the entire American team that won gold in the 4x100-metre relay at the 2000 Sydney Olympics should be stripped of their medals.	CONTRADICTION
1564	This example is Business	PC World - Success of alternative apps like Firefox may be putting pressure on the software giant.	CONTRADICTION
1565	This example is World	 LEXINGTON, Kentucky (Sports Network) - David Greene became  the winningest quarterback in Division I-A history and Thomas  Brown ran for 130 yards with three touchdowns to lead  eighth-ranked Georgia to a 62-17 rout of Kentucky at  Commonwealth Stadium.	CONTRADICTION
1566	This example is Business	St. Louis, MO (Sports Network) - Jim Edmonds homered and delivered the go- ahead run in the eighth inning on a sacrifice fly, leading the St.	CONTRADICTION
1567	This example is World	 LAWRENCE, Kan. (Sports Network) - Wayne Simien had 25  points and 14 rebounds as the top-ranked Kansas Jayhawks  survived a scare and fought off the Vermont Catamounts, 68-61.	CONTRADICTION
1568	This example is World	" NEW YORK (Reuters) - Adult entertainment company Playboy  Enterprises Inc. &lt;A HREF=""http://www.investor.reuters.com/FullQuote.aspx?ticker=PLA.N target=/stocks/quickinfo/fullquote""&gt;PLA.N&lt;/A&gt; on Monday said it expects higher  profit in 2005 than in 2004, helped in part by gains at its  international television and online subscription businesses as  well as recent efforts to reduce debt."	CONTRADICTION
1569	This example is Sci/Tech	" BOSTON (Sports Network) - The New York Yankees will start  Orlando ""El Duque"" Hernandez in Game 4 of the American League  Championship Series on Saturday against the Boston Red Sox."	CONTRADICTION
1570	This example is Business	" BOSTON (Sports Network) - The New York Yankees will start  Orlando ""El Duque"" Hernandez in Game 4 of the American League  Championship Series on Saturday against the Boston Red Sox."	CONTRADICTION
1571	This example is Sci/Tech	New York, NY (Sports Network) - Green Bay Packers running back Ahman Green, Detroit Lions defensive tackle Shaun Rogers and Arizona Cardinals kicker Neil Rackers were named the NFC Offensive, Defensive and Special Teams Players of the Week for Week 7 of 	CONTRADICTION
1572	This example is Business	CBC SPORTS ONLINE - Major League Baseball owners tabled Thursday #39;s vote to relocate the Montreal Expos to Washington. According to baseball commissioner Bud Selig, the owners will likely vote before the winter meetings on Dec. 6.	CONTRADICTION
1573	This example is Sci/Tech	Nashville, TN (Sports Network) - Adewale Ogunleye was credited with a safety in overtime to end the game, accounting for two of the Chicago Bears #39; 16 points scored on either defense or special teams in a 19-17 victory over Tennessee.	CONTRADICTION
1574	This example is Sci/Tech	San Diego, CA (Sports Network) - Caron Butler scored 18 points to help the Los Angeles Lakers to a 117-91 preseason victory over the Seattle SuperSonics.	CONTRADICTION
1575	This example is Sci/Tech	LAWRENCE, Kan. (Sports Network) - Wayne Simien scored 14 points with 10 rebounds to lead No. 2 Kansas over Nevada, 85-52, at Allen Fieldhouse.	CONTRADICTION
1576	This example is Business	La Coruna, Spain (Sports Network) - Osasuna overcame a red card to shock Deportivo La Coruna Sunday, 3-1. Deportivo took a 1-0 lead into halftime on a Walter Pandiani strike in the 19th minute.	CONTRADICTION
1577	This example is World	Liverpool, England (Sports Network) - Portsmouth striker Lomana LuaLua took advantage of a last minute mistake by Liverpool goalkeeper Jerzy Dudek to salvage a 1-1 draw at Anfield Tuesday.	CONTRADICTION
1578	This example is Business	PC World - Hard-drive video recorders support HDTV, while Blu-ray and HD-DVD wait in the wings. Plus: pricey headphones and cheap megapixels.	CONTRADICTION
1579	This example is Sci/Tech	STILLWATER, Oklahoma (Sports Network) - Jason White threw three first-half touchdown passes to Mark Bradley and Adrian Peterson ran for a career-high 249 yards with a score, as second-ranked Oklahoma held on for a 38-35 victory over 20th- ranked Oklahoma 	CONTRADICTION
1580	This example is World	(Sports Network) - The Detroit Tigers continue their three-game series with the Cleveland Indians in tonight #39;s rubber match at Comerica Park.	CONTRADICTION
1581	This example is Business	CBC SPORTS ONLINE - Alexei Kovalev doesn #39;t think the NHL lockout will end soon so he #39;s decided to do something about it. The gifted winger signed with Russia #39;s AK Bars Kazan, a team already loaded with NHL stars.	CONTRADICTION
1582	This example is World	CBC SPORTS ONLINE - Canadian reliever Rheal Cormier agreed Tuesday to a two-year, \$5.25-million US contract with the Philadelphia Phillies.	CONTRADICTION
1583	This example is Business	MacCentral - Blizzard Entertainment on Tuesday shipped World of Warcraft, its first entry into the popular Massively Multiplayer Online Role Playing Game (MMORPG) genre. The game ships in North America, Australia and New Zealand for Mac and PC in both Standard and Collector's Editions for US #36;49.95 and  #36;79.99. Further beta testing will be announced in Europe, Korea and elsewhere in Asia before the games are released in those regions.	CONTRADICTION
1584	This example is Sci/Tech	(Sports Network) - The Montreal Expos will get their chance to climb out of the cellar in the National League East this week, as they begin a three-game series against the New York Mets Tuesday at Olympic Stadium.	CONTRADICTION
1585	This example is Sci/Tech	 HOUSTON (Sports Network) - Tyrone Moss ran for 148 yards  and two touchdowns to lead fourth-ranked Miami-Florida to a  38-13 victory over Houston at Reliant Stadium.	CONTRADICTION
1586	This example is Sci/Tech	Europeans were right. It was a world election. They favored Kerry, roughly 6-1. Now they must live with the result. Europeans opposed Bush largely because they believe his 	CONTRADICTION
1587	This example is Business	 CLEVELAND, Ohio (Sports Network) - Cleveland Browns head  coach Butch Davis resigned Tuesday.	CONTRADICTION
1588	This example is World	(Sports Network) - The inconsistent San Diego Padres will try for consecutive wins for the first time since August 28-29 tonight, when they begin a huge four-game set against the Los Angeles Dodgers at Dodger Stadium.	CONTRADICTION
1589	This example is Sci/Tech	Sports India, Cricket: Kanpur, Nov 21 : Stopgap opener Andrew Hall scored his maiden Test century and debutant Zander de Bruyn made 83 Sunday to give South Africa a vice-like grip on the second day of the first Test against India at the Green Park 	CONTRADICTION
1590	This example is World	 EAST RUTHERFORD, N.J. (Sports Network) - The New Jersey  Nets Saturday placed guard Ron Mercer on the injured list.  Mercer is scheduled to undergo left knee surgery on Monday and  could be out of action for up to four weeks.	CONTRADICTION
1591	This example is World	Toronto, ON (Sports Network) - Ted Lilly threw a three-hit shutout with a career-high 13 strikeouts to lead the Toronto Blue Jays to a 3-0 victory over the Boston Red Sox at SkyDome.	CONTRADICTION
1592	This example is World	 TORONTO (Sports Network) - Former Toronto Blue Jays manager  Bobby Mattick has died after suffering a stroke. Mattick was  89.	CONTRADICTION
1593	This example is Business	 DAVIE, Fla., (Sports Network) - The Miami Dolphins will be  without running back Travis Minor for Sunday's game against  Cincinnati because of an ankle injury.	CONTRADICTION
1594	This example is World	 MIAMI (Sports Network) - Brock Berlin completed 13-of-19  passes for a career-high 361 yards along with four touchdowns,  while Roscoe Parrish hauled in five passes for 141 yards as  12th-ranked Miami-Florida routed Wake Forest. 52-7, at the  Orange Bowl.	CONTRADICTION
1595	This example is Sci/Tech	Salt Lake City, UT (Sports Network) - The Jazz announced Tuesday that the club will retire John Stockton #39;s No. 12 on November 22, 2004, when Utah hosts the New Orleans Hornets.	CONTRADICTION
1596	This example is Business	 ATHENS, Ohio (Sports Network) - Ohio University named  former Nebraska coach Frank Solich as its new head football  coach during a Thursday afternoon press conference.	CONTRADICTION
1597	This example is World	(Sports Network) - The Atlanta Braves will try to move one step closer to their 13th straight division title, as they continue a three-game series against the Cincinnati Reds tonight from Turner Field.	CONTRADICTION
1598	This example is World	 RALEIGH, N.C. (Sports Network) - Julius Hodge poured in a  game-high 21 points as 19th-ranked North Carolina State routed  Elon, 71-45, in the semifinal round of the BCA Invitational at  the RBC Center.	CONTRADICTION
1599	This example is Business	Miami, FL (Sports Network) - Frank Gore rushed for 195 yards and a touchdown, Roscoe Parrish scored twice in the fourth quarter and No.	CONTRADICTION
1600	This example is World	Lisbon, Portugal (Sports Network) - CD Nacional suspended three players who were arrested following an altercation at a Portuguese nightclub early Monday morning.	CONTRADICTION
1601	This example is Sci/Tech	Houston, TX (Sports Network) - Kevin Garnett registered 20 points, 17 rebounds and nine assists to lead the Minnesota Timberwolves past the Houston Rockets, 96-91, at the Toyota Center.	CONTRADICTION
1602	This example is World	Hasselt, Belgium (Sports Network) - Third-seeded Russian Elena Bovina was an easy opening-round winner Monday at the inaugural Gaz de France Stars tennis event, where Belgian star Kim Clijsters will see her first action since early May this week.	CONTRADICTION
1603	This example is Business	 MADISON, Wisconsin (Sports Network) - John Stocco ran for  two touchdowns and threw for another score to lead fifth-ranked  Wisconsin to a 38-14 win over Minnesota in the Big Ten  Conference at Camp Randall Stadium.	CONTRADICTION
1604	This example is Sci/Tech	Manchester, England (Sports Network) - Manchester United confirmed on its website Wednesday that is has made an offer to Everton for young striker Wayne Rooney.	CONTRADICTION
1605	This example is Business	Oakland, CA (Sports Network) - Garret Anderson delivered an RBI single for the lead during a three-run eighth inning, and Anaheim clinched its first division title in 18 years with a 5-4 victory over Oakland at the Coliseum.	CONTRADICTION
1606	This example is Business	CBC SPORTS ONLINE - Vince Carter scored 20 points as the Toronto Raptors completed their NBA pre-season with a 100-92 win over the Cleveland Cavaliers at Air Canada Centre on Friday.	CONTRADICTION
1607	This example is World	Landover, MD (Sports Network) - Clinton Portis ran 64 yards for a touchdown the first time he touched the ball and finished with 149 yards rushing on 29 carries to lead the Washington Redskins to a 16-10 victory over the Tampa Bay Buccaneers at FedEx Field 	CONTRADICTION
1608	This example is Business	(Sports Network) - Livan Hernandez has 50 wins since the start of the 2001 season. Unfortunately for the powerful righthander, he hasn #39;t solved the Atlanta Braves.	CONTRADICTION
1609	This example is Sci/Tech	 SYRACUSE, N.Y. (Sports Network) - Hakim Warrick netted 19  points and Syracuse roared out to an early 24-0 lead as the  sixth-ranked Orange opened their 2004-05 season with a 104-54  pasting of Northern Colorado in the opening round of the  Coaches vs. Cancer Classic at the Carrier Dome.	CONTRADICTION
1610	This example is Sci/Tech	CBC SPORTS ONLINE - The Vancouver Canucks have re-signed the Sedin twins for another season. Henrik and Daniel Sedin each agreed to one-year deals with the Canucks on Friday.	CONTRADICTION
1611	This example is World	 MINNEAPOLIS (Sports Network) - Minnesota Vikings wide  receiver Randy Moss will be a game-time decision for Sunday's  game against Tennessee because of a hamstring injury.	CONTRADICTION
1612	This example is World	TUSCALOOSA, Ala. (Sports Network) - Jason Campbell passed for 224 yards and a touchdown, Courtney Taylor caught four passes for 89 yards and a score, and No.	CONTRADICTION
1613	This example is Sci/Tech	(Sports Network) - Ben Wallace will return to fold for Detroit tonight, when the Pistons begin a tough three-game homestand against the Minnesota Timberwolves at the Palace of Auburn Hills.	CONTRADICTION
1614	This example is Sci/Tech	Porto, Portugal (Sports Network) - Champions League holder FC Porto and defending Bundesliga champion Werder Bremen each produced late goals Tuesday to secure advancement into the knockout stage of this season #39;s Champions League competition.	CONTRADICTION
1615	This example is World	Sports India: Madrid, Oct 11: England football captain David Beckham is expected back in Madrid Wednesday and resume light training despite fracturing a rib, reports Xinhua.	CONTRADICTION
1616	This example is Business	 PHILADELPHIA (Sports Network) - Dorsey Levens has found  employment for the 2004 season after the veteran running back  signed a one-year contract with the Philadelphia Eagles on  Monday.	CONTRADICTION
1617	This example is World	 NEW YORK (Sports Network) - Former Miami Dolphins running  back Ricky Williams will remain retired after declining the  NFL's reinstatement offer.	CONTRADICTION
1618	This example is Sci/Tech	BOMBAY -- In the fantasy world of Indian film, Shilpa Shetty is a reigning princess, a lissome 29-year-old with a talent for twirling across Alpine meadows, muscle-bound suitors in tow. Serious drama? Well, it's Bollywood, after all.	CONTRADICTION
1619	This example is Business	 TORONTO (Sports Network) - Calgary Flames goaltender Miikka  Kiprusoff will receive a huge increase in salary for the  upcoming season after an arbitrator Monday awarded the Vezina  Trophy finalist \$2.95 million.	CONTRADICTION
1620	This example is World	 PHILADELPHIA (Sports Network) - The New Orleans Hornets are  going to have their work cut out for them in the 2004-05  season. When the NBA approved its realignment plan, the Hornets  became the newest member of the Western Conference as the  expansion Charlotte Bobcats were placed in the East, giving  each conference 15 clubs comprised of three divisions of five  teams.	CONTRADICTION
1621	This example is Business	 Miami, Florida (Sports Network) - Due to the possible  threat of Hurricane Ivan, the NFL has rescheduled the  Titans/Dolphins game up a day to Saturday at 1:00 p.m. (et).	CONTRADICTION
1622	This example is World	CBC SPORTS ONLINE - Michael Schumacher wasn #39;t in the winner #39;s circle at Sunday #39;s Belgian Grand Prix, but still managed to make some noise.	CONTRADICTION
1623	This example is Sci/Tech	(Sports Network) - Odalis Perez threw five innings last Thursday against the Diamondbacks before leaving the game with tightness in his biceps.	CONTRADICTION
1624	This example is Sci/Tech	CANTON, Ohio (Sports Network) - Former All-Pro quarterbacks Dan Marino and Steve Young, both first-year eligible candidates, head a list of 89 former players, coaches, and contributors who comprise a list of preliminary nominees for enshrinement to the 	CONTRADICTION
1625	This example is World	Seattle, WA (Sports Network) - University of Washington head football coach Keith Gilbertson will step down at the end of the 2004 season.	CONTRADICTION
1626	This example is Sci/Tech	 NEW ORLEANS (Sports Network) - New Orleans' Steve Gleason  was fined \$5,000 by the NFL on Wednesday for punching the  Panthers' Kemp Rasmussen during last Sunday's 32-21 loss to  Carolina.	CONTRADICTION
1627	This example is Sci/Tech	 ATLANTA (Sports Network) - The Atlanta Hawks signed free  agent guards Kenny Anderson and Jon Barry on Thursday. Terms of  the contracts were not disclosed.	CONTRADICTION
1628	This example is Sci/Tech	Athens, Greece (Sports Network) - The United States has grabbed a 49-44 lead over Lithuania at the half of their bronze medal game at the Olympics.	CONTRADICTION
1629	This example is Sci/Tech	 LOS ANGELES (Sports Network) - Tracy McGrady tallied 32  points, seven rebounds and five assists to lead Houston over  the Los Angeles Clippers, 91-86, in an overtime contest at the  Staples Center.	CONTRADICTION
1630	This example is World	INDIANAPOLIS (Sports Network) - Deron Williams and Luther Head scored 20 points apiece, Dee Brown chipped in with 17, and No. 5 Illinois routed 24th- ranked Gonzaga, 89-72, in the John R. Wooden Tradition at Conseco Fieldhouse.	CONTRADICTION
1631	This example is World	Chicago, IL (Sports Network) - Chicago Blackhawks forward Tuomo Ruutu will undergo surgery Friday to repair a subluxation of his left shoulder.	CONTRADICTION
1632	This example is Business	CBC SPORTS ONLINE - The Toronto Argonauts may need to brush up on tackling for the playoffs, but their pass rush and kicker Noel Prefontaine are in top form.	CONTRADICTION
1633	This example is Sci/Tech	CBC SPORTS ONLINE - American tennis sensation Andy Roddick #39;s Olympic dreams are over after a straight set loss to No. 16 Fernando Gonzalez of Chile in third-round action Wednesday. 	CONTRADICTION
1634	This example is Business	Washington, DC (Sports Network) - Washington #39;s wait is over for the return of a Major League Baseball team, as it was announced on Wednesday that the Montreal Expos will be relocated to the nation #39;s capital in 2005.	CONTRADICTION
1635	This example is World	 EAST RUTHERFORD, N.J. (Sports Network) - New Jersey Nets  guard Ron Mercer is scheduled to have surgery Monday on his  left knee and could be out of action for up to four weeks.	CONTRADICTION
1636	This example is World	Milan, Italy (Sports Network) - Italy coach Marcello Lippi will field an altered team Wednesday in a friendly match against Finland.	CONTRADICTION
1637	This example is World	New Orleans, LA (Sports Network) - The New Orleans Saints Monday acquired cornerback Mike McKenzie and a future conditional draft choice from Green Bay.	CONTRADICTION
1638	This example is Business	 PHILADELPHIA (Sports Network) - Philadelphia Eagles  defensive tackle Sam Rayburn was involved in a two-car accident  Monday night and sustained minor injuries.	CONTRADICTION
1639	This example is Sci/Tech	PC World - German man sentenced to three years for selling counterfeit Microsoft products.	CONTRADICTION
1640	This example is Sci/Tech	Los Angeles, CA (Sports Network) - Tracy McGrady tallied 32 points, seven rebounds and five assists to lead Houston over the Los Angeles Clippers, 91-86, in an overtime contest at the Staples Center.	CONTRADICTION
1641	This example is Sci/Tech	CBC SPORTS ONLINE - Canadian ice dancers Aaron Lowe and Megan Wing are off to a strong start at the Skate America competition in Pittsburgh.	CONTRADICTION
1642	This example is Sci/Tech	 DAVIE, Fla. (Sports Network) - Dave Wannstedt resigned  Tuesday as head coach of the Miami Dolphins after the team sunk  to an NFL-worst 1-8 record. Defensive coordinator Jim Bates  will take over as interim coach for the remainder of the  season.	CONTRADICTION
1643	This example is Sci/Tech	Toronto, ON (Sports Network) - Winnipeg Blue Bombers running back Charles Roberts was named the Canadian Football League #39;s Offensive Player of the Month for September.	CONTRADICTION
1644	This example is Business	PC World - Supersleek 5GB digital audio player is set to challenge Apple's IPod Mini.	CONTRADICTION
1645	This example is Sci/Tech	(Sports Network) - The Utah Jazz began their 2004-05 campaign with a 104-78 victory over the Los Angeles Lakers at the Delta Center on Wednesday night.	CONTRADICTION
1646	This example is Sci/Tech	(Sports Network) - The Milwaukee Brewers continue a three-game series against Barry Bonds and the San Francisco Giants tonight at Miller Park.	CONTRADICTION
1647	This example is Business	 BATON ROUGE, La. (Sports Network) - LSU has named Les Miles  its new head football coach, replacing Nick Saban.	CONTRADICTION
1648	This example is World	(Sports Network) - The Arizona Diamondbacks and Colorado Rockies will finish a three-game series with a doubleheader today at Coors Field.	CONTRADICTION
1649	This example is Sports	Chip Eberhart writes in Post magazine,  #147;DVD Studio Pro Version 3.0 is truly a world-class DVD authoring application. This outstanding version of DVD Studio Pro adds enough bells, whistles and real-world functionality to make even a seasoned DVD author take notice and say,  #145;Wow! #146; #148; Sep 16	CONTRADICTION
1650	This example is Business	Seoul, Korea (Sports Network) - Third-seeded German Marlene Weingartner and fourth-seeded American Mashona Washington were a pair of opening-round upset victims Monday at the inaugural Korea Open Tennis Championships.	CONTRADICTION
1651	This example is Sci/Tech	 PHILADELPHIA (Sports Network) - The Philadelphia Phillies  re-signed righthander Cory Lidle to a two-year deal worth \$6.3  million Tuesday.	CONTRADICTION
1652	This example is Business	Sports India, Cricket: Mumbai, Oct 23 : Sachin Tendulkar is to play in the third cricket Test against Australia in Nagpur commencing Tuesday.	CONTRADICTION
1653	This example is Sci/Tech	Pro baseball: New York Yankees vs. Red Sox at Fenway Park, 7 p.m. College field hockey: Framingham St. at Fitchburg St., 10 a.m.; Bridgewater St. at Worcester St., 10 a.m.; Bryant at Franklin Pierce, 10:30 a.m.; UNew England at Endicott, 11 a.m.; WNEC at Elms, 11 a.m.; Wheaton at Springfield, 11 a.m.; Tufts at Amherst, 11 a.m.; Colby at Trinity, ...	CONTRADICTION
1654	This example is Business	 LAKE FOREST, Ill. (Sports Network) - Chicago Bears Pro Bowl  linebacker Brian Urlacher is expected to be sidelined  four-to-six weeks because of a lower left leg injury.	CONTRADICTION
1655	This example is Sci/Tech	Maui, HI (Sports Network) - Jeff Horner scored 18 points and Pierre Pierce added 16, as Iowa knocked off 12th-ranked Louisville, 76-71, in the opening round of the Maui Invitational at the Lahaina Civic Center.	CONTRADICTION
1656	This example is World	Liverpool, England (Sports Network) - Liverpool skipper Steven Gerrard is expected to return from a two-month absence Saturday at Middlesbrough.	CONTRADICTION
1657	This example is Business	Turin, Italy (Sports Network) - Juventus stretched its Serie A lead to five points Saturday with a 2-1 win over second-place Messina in Turin.	CONTRADICTION
1658	This example is World	 MIAMI (Sports Network) - Miami Dolphins quarterback Jay  Fiedler was placed on injured reserve Tuesday with a herniated  disk in his neck, ending his 2004 season.	CONTRADICTION
1659	This example is World	Anaheim, CA (Sports Network) - The New York Yankees are reportedly closing in on acquiring free-agent starting pitcher Carl Pavano.	CONTRADICTION
1660	This example is World	Bangkok, Thailand (Sports Network) - Former Australian Open champion Thomas Johansson of Sweden upended sixth-seeded Spaniard Feliciano Lopez in Monday #39;s opening-round action at the \$550,000 Thailand Open.	CONTRADICTION
1661	This example is Sci/Tech	(Sports Network) - The much-improved Phoenix Suns visit the winless New Orleans Hornets tonight at New Orleans Arena. Phoenix put an end to a two-game losing streak on Tuesday, tallying a 107-101 victory over Dallas at the AmericanAirlines Arena.	CONTRADICTION
1662	This example is World	Sao Paulo, Brazil (Sports Network) - Williams/BMW driver Juan Montoya captured the final event of the 2004 Formula One season - the Grand Prix of Brazil.	CONTRADICTION
1663	This example is Business	 SALT LAKE CITY (Sports Network) - Utah Jazz forward Andrei  Kirilenko signed a six-year, \$86 million contract extension  with the team Friday. The deal, which culminated three months  of negotiations, will kick in next season.	CONTRADICTION
1664	This example is World	CBC SPORTS ONLINE - Led by linebacker Mike O #39;Shea and kick return specialist Bashir Levingston, the Toronto Argonauts dominated voting for this week #39;s CFL player of the week awards.	CONTRADICTION
1665	This example is World	CBC SPORTS ONLINE - Calgary #39;s Maria Zambrano posted the best Canadian result at the 2004 world half-marathon championships Sunday in New Dehli with a 40th-place showing.	CONTRADICTION
1666	This example is World	St. Petersburg, FL (Sports Network) - The threat of Hurricane Jeanne has forced the cancellation of Sunday #39;s game between the Tampa Bay Devil Rays and the Toronto Blue Jays at Tropicana Field.	CONTRADICTION
1667	This example is Sports	PC World - Clamshell-style WCDMA phone packs a browser, e-mail software, and two cameras.	CONTRADICTION
1668	This example is Business	 STARKVILLE, Miss. (Sports Network) - Mississippi State has  extended the contract of head football coach Sylvester Croom,  keeping him with the university through the 2008 season.	CONTRADICTION
1669	This example is Business	 FOXBORO, Mass. (Sports Network) - New England Patriots  running back Corey Dillon is still listed as questionable for  Sunday's game against Seattle with a foot injury.	CONTRADICTION
1670	This example is Business	Filderstadt, Germany (Sports Network) - Former champion Mary Pierce of France and 2002 runner-up Daniela Hantuchova of Slovakia were opening-round winners on Tuesday, but sixth-seeded Russian Vera Zvonareva was an upset victim at the \$650,000 Porsche 	CONTRADICTION
1671	This example is Business	SOUTH BEND, Indiana (Sports Network) - True freshman Darius Walker ran for 115 yards and a pair of fourth-quarter touchdowns, leading Notre Dame to a 28-20 victory over eighth-ranked Michigan at Notre Dame Stadium.	CONTRADICTION
1672	This example is Business	 BALTIMORE (Sports Network) - Baltimore Ravens cornerback  Deion Sanders is listed as questionable on the team's injury  report for Sunday's game against Cincinnati.	CONTRADICTION
1673	This example is Business	Athens, Greece (Sports Network) - US women #39;s basketball player Katie Smith will miss the remainder of the Olympics after an MRI exam revealed torn cartilage in her right knee.	CONTRADICTION
1674	This example is Sci/Tech	SPORTS NETWORK - Chad Pennington threw three touchdown passes to lead the New York Jets to a 41-14 victory over the Miami Dolphins at Giants Stadium.	CONTRADICTION
1675	This example is World	 EDEN PRAIRIE, Minn., (Sports Network) - The Minnesota  Vikings added some much- needed depth to its secondary on  Tuesday by signing veterans Terrance Shaw and Ralph Brown.	CONTRADICTION
1676	This example is World	London, England (Sports Network) - Arsenal coach Arsene Wenger was fined \$29,000 Thursday by the English Football Association (FA).	CONTRADICTION
1677	This example is World	CBC SPORTS ONLINE - Donovan McNabb threw three of his four touchdown passes to Terrell Owens as the Philadelphia Eagles pasted the Dallas Cowboys 49-21 victory at Texas Stadium on Monday.	CONTRADICTION
1678	This example is Sci/Tech	 BALTIMORE (Sports Network) - Baltimore Ravens cornerback  Chris McAlister agreed to a one-year tender with the team on  Monday, ending the All-Pro's month-long holdout.	CONTRADICTION
1679	This example is Sci/Tech	 BOSTON (Sports Network) - Larry Walker had hits in each of  his first four at-bats, including a homer, helping the St.  Louis Cardinals rally from a five- run deficit to tie the Red  Sox at 7-7 after six innings.	CONTRADICTION
1680	This example is Sci/Tech	 EDEN PRARIE, Minnesota (Sports Network) - Minnesota Vikings  wide receiver Randy Moss will not play for the first time in  his NFL career on Monday night with a slight tear in his right  hamstring.	CONTRADICTION
1681	This example is Sci/Tech	(Sports Network) - The Detroit Pistons start a three-game homestand, as they welcome LeBron James and the Cleveland Cavaliers tonight to The Palace of Auburn Hills.	CONTRADICTION
1682	This example is Sci/Tech	 NEW YORK (Sports Network) - The New York Jets and  quarterback Chad Pennington finally agreed on a long-term  contract extension Wednesday.	CONTRADICTION
1683	This example is Business	Davie, FL (Sports Network) - The Miami Dolphins may be without linebacker Junior Seau for the remainder of the season, depending on the severity of his pectoral injury.	CONTRADICTION
1684	This example is Sci/Tech	 NEW YORK (Sports Network) - New York Yankees manager Joe  Torre said Monday he was unsure if closer Mariano Rivera would  be available for Tuesday's opener of the American League  Championship Series against Boston after a tragic accident at  the reliever's home in Panama over the weekend.	CONTRADICTION
1685	This example is Business	CBC SPORTS ONLINE - After suffering two straight defeats at the World Cup of Hockey, US coach Ron Wilson overhauled his lineup Friday with hopes of getting his team a victory.	CONTRADICTION
1686	This example is Sci/Tech	Detroit, MI (Sports Network) - Brett Favre threw for 257 yards and a pair of touchdowns as Green Bay stopped a four-game losing streak with a 38-10 pounding of Detroit in an NFC North showdown at Ford Field.	CONTRADICTION
1687	This example is Business	Lyon, France (Sports Network) - French international Sylvain Wiltord scored his first Ligue 1 goal of the season Saturday as Lyon edged Auxerre, 2-1.	CONTRADICTION
1688	This example is Sci/Tech	 DAVIE, Fla. (Sports Network) - Miami Dolphins linebacker  Zach Thomas will miss Sunday's game against the Buffalo Bills  with a hamstring injury.	CONTRADICTION
1689	This example is World	 SAN DIEGO, Calif. (Sports Network) - San Diego Chargers  quarterback Drew Brees will be under center for this Sunday's  contest versus the Denver Broncos.	CONTRADICTION
1690	This example is Business	World News London, Sep.15 : Days after father #39;s right campaigner Jason Hatch spent five hours at Buckingham Palace ledge dressed as Batman, he has been dumped by girlfriend Gemma Polson, because he himslef doesn #39;t have time for their daughter.	CONTRADICTION
1691	This example is World	CBC SPORTS ONLINE - Joey Harrington threw for a touchdown and Artose Pinner ran for another as the Detroit Lions upset Atlanta 17-10 at the Georgia Dome.	CONTRADICTION
1692	This example is Business	CBC SPORTS ONLINE - The Los Angeles Dodgers landed a dandy Thursday in free-agent infielder Jeff Kent. Kent, 36, agreed to a two-year contract, but financial terms were not disclosed.	CONTRADICTION
1693	This example is Business	CBC SPORTS ONLINE - After adding slugging third baseman Troy Glaus at baseball #39;s winter meetings, the Arizona Diamondbacks have turned their attention to pitching.	CONTRADICTION
1694	This example is Sci/Tech	Davie, FL (Sports Network) - Miami Dolphins linebacker Zach Thomas will miss Sunday #39;s game against the Buffalo Bills with a hamstring injury.	CONTRADICTION
1695	This example is Business	(Sports Network) - The Rockets came up short on Tuesday, falling 88-84 to the Atlanta Hawks at Philips Arena. Yao Ming made good on 13-of-15 shot attempts in a 27-point, 11-rebound performance for the Rockets, who have lost three of four.	CONTRADICTION
1696	This example is Sci/Tech	World News: Washington, Dec 10 : A National Academies #39; panel has ruled out sending a robotic mission to mend the Hubble Space Telescope, citing fears that a robot might crash into Hubble instead of fixing it.	CONTRADICTION
1697	This example is Sci/Tech	Kansas City, MO (Sports Network) - Lamar Hunt appears ready to get out of Major League Soccer and sever ties with the Kansas City Wizards.	CONTRADICTION
1698	This example is Sci/Tech	Detroit, MI (Sports Network) - Peyton Manning continued his amazing season, tying a career-high with six touchdown passes, as Indianapolis trounced Detroit, 41-9, in the traditional Thanksgiving Day game at Ford Field.	CONTRADICTION
1699	This example is Business	(Sports Network/CP files) - The Toronto Raptors play the fifth contest of a six-game road trip, as they visit the Los Angeles Clippers tonight at the Staples Center.	CONTRADICTION
1700	This example is Business	Loudon, NH (Sports Network) - Jeff Gordon will assume the pole position for Sunday #39;s Sylvania 300 at the New Hampshire International Speedway after a steady rain washed out Friday #39;s qualifying session.	CONTRADICTION
1701	This example is World	(Sports Network) - Bronson Arroyo tries to win his fifth straight decision, as the Boston Red Sox continue a four-game series with the Baltimore Orioles tonight at Fenway Park.	CONTRADICTION
1702	This example is Sci/Tech	Allen Park, MI (Sports Network) - Robert Porcher, Detroit #39;s all-time sack leader, retired Monday. The defensive end, who was inactivate for all seven games this season, posted 95 1/2 career sacks.	CONTRADICTION
1703	This example is Sci/Tech	EarthLink is offering free VoIP calling as an incentive to sign up for its high-speed Internet service. The free service is available to the company #39;s million-plus broadband customers.	CONTRADICTION
1704	This example is Sci/Tech	 ATLANTA (Sports Network) - Jason Campbell threw for a  career-high 374 yards along with three touchdowns as  third-ranked Auburn stated its case for a spot in the Orange  Bowl with a 38-28 victory over No. 15 Tennessee in the  Southeastern Conference Championship at the Georgia Dome.	CONTRADICTION
1705	This example is Sci/Tech	 ATLANTA (Sports Network) - Jason Campbell threw for a  career-high 374 yards along with three touchdowns as  third-ranked Auburn stated its case for a spot in the Orange  Bowl with a 38-28 victory over No. 15 Tennessee in the  Southeastern Conference Championship at the Georgia Dome.	CONTRADICTION
1706	This example is Sci/Tech	Morgantown, WV (Sports Network) - Rasheed Marshall passed for 144 yards and three touchdowns to lead No. 15 West Virginia over Syracuse, 27-6, in a Big East contest from Mountaineer Field at Milan Puskar Stadium.	CONTRADICTION
1707	This example is Sci/Tech	Anaheim, CA (Sports Network) - The Milwaukee Brewers have acquired slugging outfielder Carlos Lee from the Chicago White Sox in exchange for speedy outfielder Scott Podsednik, pitcher Luis Vizcaino and a player to be named later.	CONTRADICTION
1708	This example is Business	 NEW YORK (Sports Network) - Minnesota Twins lefthander  Johan Santana, who won his final 13 decisions of the regular  season, was a unanimous selection for the 2004 American League  Cy Young Award.	CONTRADICTION
1709	This example is Sci/Tech	Lake Forest, IL (Sports Network) - Chicago Bears quarterback Rex Grossman will miss the remainder of the season after an MRI exam revealed a torn anterior cruciate ligament in his right knee.	CONTRADICTION
1710	This example is World	 OAKLAND, California (Sports Network) - Texas Rangers relief  pitcher Frank Francisco will face misdemeanor assault charges  for his part in a September 13 melee between players and fans  during his club's game against the Oakland Athletics.	CONTRADICTION
1711	This example is Sci/Tech	CBC SPORTS ONLINE - The San Diego Chargers used a pair of draft picks to pry wide receiver Keenan McCardell from the Tampa Bay Buccaneers an hour before Tuesday #39;s trade deadline.	CONTRADICTION
1712	This example is World	El Paso, TX (Sports Network) - Texas-El Paso accepted an invitation to play in the Houston Bowl at Reliant Stadium on December 29.	CONTRADICTION
1713	This example is Business	(Sports Network) - The Cincinnati Reds will start a season-ending three-game series versus the Pittsburgh Pirates tonight at Great American Ball Park.	CONTRADICTION
1714	This example is World	 PHILADELPHIA (Sports Network) - The Philadelphia Eagles  announced Saturday that cornerback Lito Sheppard and defensive  tackle Sam Rayburn each signed contract extensions that will  keep both players in the fold through the 2011 season.	CONTRADICTION
1715	This example is World	Storrs, CT (Sports Network) - Connecticut head football coach Randy Edsall signed a six-year contract Thursday that could be worth up to \$5.	CONTRADICTION
1716	This example is Business	Barcelona, Spain (Sports Network) - Barcelona #39;s Brazilian defender Edmilson will be out for six months after undergoing surgery Monday on his right knee.	CONTRADICTION
1717	This example is Business	Tallahassee, FL (Sports Network) - Florida State head coach Bobby Bowden has suspended senior wide receiver Craphonso Thorpe for the Seminoles #39; game against fellow Atlantic Coast Conference member Duke on Saturday.	CONTRADICTION
1718	This example is Business	White Plains, NY (Sports Network) - Zina Garrison was given a one-year contract extension to remain captain of the American Fed Cup team, while the legendary Billie Jean King retired as a coach for the squad.	CONTRADICTION
1719	This example is Sci/Tech	(Sports Network) - The Miami Heat were handed a 104-95 setback by the Denver Nuggets on Saturday night at the Pepsi Center. Carmelo Anthony scored 28 points to lead Denver.	CONTRADICTION
1720	This example is Business	(Sports Network) - Tim Wakefield hopes to stop a personal three-game losing streak this evening when the Boston Red Sox continue their three-game set with the New York Yankees at Yankee Stadium.	CONTRADICTION
1721	This example is Sci/Tech	Nyon, Switzerland (Sports Network) - UEFA has opened disciplinary proceedings against Valencia and Werder Bremen after a heated Champions League match Tuesday night between the two clubs.	CONTRADICTION
1722	This example is Sci/Tech	CBC SPORTS ONLINE - Behind closed doors, some of hockey #39;s most influential people met to discuss the game. It wasn #39;ta meeting to end the lockout, but how to improve NHL hockey once it gets up and running again.	CONTRADICTION
1723	This example is Sci/Tech	 TAMPA, Fla. (Sports Network) - Tampa Bay quarterback Brian  Griese will start next Monday's game against St Louis. Chris  Simms is doubtful with a sprained left shoulder.	CONTRADICTION
1724	This example is Sci/Tech	 GAINESVILLE, Fla. (Sports Network) - The start time of  Saturday's college football game between 16th-ranked Florida  and Kentucky at Ben Hill Griffin Stadium in Gainesville was  moved from 6 p.m. (et) to 11:30 a.m. (et).	CONTRADICTION
1725	This example is Business	Phoenix, AZ (Sports Network) - The Phoenix Suns Friday placed Jake Voskuhl on the injured list after the center had an emergency appendectomy surgery.	CONTRADICTION
1726	This example is Sci/Tech	Pro baseball: Baltimore vs. Red Sox at Fenway Park, 7 p.m. College field hockey: Fitchburg St. at Anna Maria, 4 p.m.; Salve Regina at Framingham St., 4 p.m.; Southern Maine at Maine-Farmington, 4 p.m.; Keene St. at Williams, 4:15 p.m.; Husson at Colby, 4:30 p.m.; Gordon at Bates, 5 p.m.; Saint Anselm at Bentley, 7 p.m.; Simmons at Worcester St., ...	CONTRADICTION
1727	This example is Sci/Tech	(Sports Network) - The Brewers will try to keep Barry Bonds from getting his 700th homer today, when they close out their three-game series against the San Francisco Giants.	CONTRADICTION
1728	This example is Sci/Tech	CBC SPORTS ONLINE - Quarterback Brett Favre celebrated his 200th straight start with three touchdown passes as the Green Bay Packers defeated the St.	CONTRADICTION
1729	This example is World	CBC SPORTS ONLINE - Chicago Bears quarterback Craig Krenzel landed on injured reserve Tuesday, effectively ending his season. Krenzel injured an ankle as he scrambled for two yards in the second quarter of a 21-7 loss to the Dallas Cowboys on Nov. 25.	CONTRADICTION
1730	This example is Sci/Tech	Philadelphia, PA (Sports Network) - Southern California and Oklahoma will meet for the national championship in the Orange Bowl on January 4 after the schools finished 1-2 in the final BCS standings released Sunday afternoon.	CONTRADICTION
1731	This example is Business	 PHILADELPHIA (Sports Network) - The Philadelphia Eagles  locked up their most successful head coach in franchise history  Wednesday, signing Andy Reid to a four-year contract extension.	CONTRADICTION
1732	This example is World	 ST. PETERSBURG, Florida (Sports Network) - The threat of  Hurricane Jeanne has forced the cancellation of Sunday's game  between the Tampa Bay Devil Rays and the Toronto Blue Jays at  Tropicana Field.	CONTRADICTION
1733	This example is World	 ANAHEIM, Calif., (Sports Network) - Free agent starting  pitcher Carl Pavano has chosen to join the New York Yankees and  the two sides were working on finalizing a contract before the  end of the winter meetings.	CONTRADICTION
1734	This example is Business	 EDEN PRAIRIE, Minn. (Sports Network) - One day after being  upgraded to doubtful, Minnesota Vikings wide receiver Randy  Moss has been listed as out for Sunday's game against the Green  Bay Packers due to a right hamstring injury.	CONTRADICTION
1735	This example is World	London, England (Sports Network) - Just four days after racist chants marred a friendly between England and Spain, Birmingham City says striker Dwight Yorke was racially abused during a match at Blackburn on Sunday.	CONTRADICTION
1736	This example is Sci/Tech	Seattle, WA (Sports Network) - The Seattle Mariners have found their slugging first baseman, as they agreed to terms Wednesday with free agent Richie Sexson on a four-year contract.	CONTRADICTION
1737	This example is World	Manchester, England (Sports Network) - Gabriel Heinze is expected to finally make his debut for ninth-place Manchester United Saturday as the Red Devils travel to take on surprising Bolton.	CONTRADICTION
1738	This example is Business	 CLEVELAND, Ohio (Sports Network) - Cleveland Browns rookie  tight end Kellen Winslow is expected to be sidelined  six-to-eight weeks after suffering a broken right fibula during  Sunday's 19-12 loss to Dallas.	CONTRADICTION
1739	This example is Business	 SALT LAKE CITY (Sports Network) - Utah standout quarterback  Alex Smith has apparently decided to take his skills to the  next level, opting to skip his senior season and enter April's  NFL Draft.	CONTRADICTION
1740	This example is Business	 SALT LAKE CITY (Sports Network) - Utah standout quarterback  Alex Smith has apparently decided to take his skills to the  next level, opting to skip his senior season and enter April's  NFL Draft.	CONTRADICTION
1741	This example is World	 Philadelphia, Pa. (Sports Network) - The Philadelphia  Eagles locked up their most successful head coach in franchise  history Wednesday, signing Andy Reid to a four-year contract  extension.	CONTRADICTION
1742	This example is World	CBC SPORTS ONLINE - Wimbledon champion Maria Sharapova retained her Japan Open title with an easy victory over American Mashona Washington in Saturday #39;s final.	CONTRADICTION
1743	This example is Sci/Tech	CHESTNUT HILL, Mass. (Sports Network) - Diamond Ferri and Damien Rhodes each rushed for over 100 yards and combined to score four touchdowns as Syracuse routed 17th-ranked Boston College, 43-17, in Big East action at Alumni Stadium.	CONTRADICTION
1744	This example is Business	 ATLANTA (Sports Network) - Brock Berlin threw a career-high  three touchdown passes to lead No. 4 Miami-Florida to an easy  27-3 win over Georgia Tech in ACC action at Bobby Dodd Stadium.	CONTRADICTION
1745	This example is World	(Sports Network) - With his 700th career homer now behind him, Barry Bonds can focus on the task of trying to get his Giants into the playoffs.	CONTRADICTION
1746	This example is Business	Athens, Greece (Sports Network) - China #39;s Zhang Yining, already a gold medalist here with doubles partner Wang Nan, won the women #39;s singles title Sunday with a four-set victory over Hyang Mi Kim of North Korea.	CONTRADICTION
1747	This example is Sci/Tech	Portland, OR (Sports Network) - The Portland Trail Blazers signed center Theo Ratliff to a five-year contract extension on Tuesday.	CONTRADICTION
1748	This example is Sci/Tech	 EAST RUTHERFORD, NJ (Sports Network) - New Jersey guard  Jason Kidd is expected to make his season debut Monday, when  the Nets host the Toronto Raptors at Continental Airlines  Arena.	CONTRADICTION
1749	This example is Business	SPORTS NETWORK - Former Miami Dolphins running back Ricky Williams on Friday was ordered by an arbitrator to pay a huge sum of money to the NFL team, which filed a grievance against the star prior to training camp.	CONTRADICTION
1750	This example is Sci/Tech	Sacramento, CA (Sports Network) - Kobe Bryant tallied 31 points, 12 assists and six rebounds to lead the Los Angeles Lakers to a 115-99 victory over the Sacramento Kings at ARCO Arena.	CONTRADICTION
1751	This example is Sci/Tech	PC World - Software giant settles with Novell and the CCIA, ending years of legal wrangling.	CONTRADICTION
1752	This example is World	Paris, France (Sports Network) - AC Milan and Ukraine striker Andriy Shevchenko was named the European Footballer of the Year Monday.	CONTRADICTION
1753	This example is World	Dallas, TX (Sports Network) - Rashard Lewis scored 25 points and grabbed nine rebounds to lead the Seattle SuperSonics to a 107-102 win over the Dallas Mavericks at American Airlines Center.	CONTRADICTION
1754	This example is Sci/Tech	Bronx, NY (Sports Network) - Orlando Cabrera and Johnny Damon each had RBI singles in a two-run ninth inning, as the Boston Red Sox beat star closer Mariano Rivera and the New York Yankees, 3-2, to further tighten the American League East race.	CONTRADICTION
1755	This example is Business	Los Angeles, CA (Sports Network) - The Los Angeles Dodgers have signed manager Jim Tracy to a two-year contract extension, keeping him with the club through the 2006 season.	CONTRADICTION
1756	This example is World	 KANSAS CITY, Mo. (Sports Network) - Cleveland Indians  pitcher Kyle Denney was shot in the right calf late Wednesday  night after a bullet was fired at the team bus and grazed  another player.	CONTRADICTION
1757	This example is Sports	World News Brasilia, Oct 2 : Brazil has denied that technology for its centrifuge plants for uranium enrichment comes from the clandestine nuclear network headed by Pakistani scientist Abdul Qadeer Khan.	CONTRADICTION
1758	This example is World	Los Angeles, CA (Sports Network) - San Diego Padres shortstop Khalil Greene is expected to miss the rest of the season with a broken bone in his right index finger.	CONTRADICTION
1759	This example is Business	Barcelona, Spain (Sports Network) - Barcelona #39;s Henrik Larsson appears likely to miss the remainder of the season after it was discovered that he tore the anterior cruciate ligament in his left knee.	CONTRADICTION
1760	This example is World	Bolton, England (Sports Network) - Bolton rewarded coach Sam Allardyce with a new five-year-deal Monday. Allardyce, who has already been with Bolton for five years, turns 50 years old this week.	CONTRADICTION
1761	This example is Business	 LOS ANGELES (Sports Network) - Reggie Bush ran for 204  yards and a pair of long touchdowns as No. 1 Southern  California edged UCLA, 29-24, in a regular season-ending Pac-10  showdown between cross-town rivals at the Rose Bowl.	CONTRADICTION
1762	This example is Sci/Tech	Atlanta, GA (Sports Network) - Joey Harrington threw for a touchdown and Artose Pinner ran for another score, as the Detroit Lions handed Atlanta its first loss of the season with a 17-10 victory over the Falcons at the Georgia Dome.	CONTRADICTION
1763	This example is Business	By TIM REYNOLDS AP Sports Writer. in New Jersey as a Mets fan. I #39;m taking away my experience as positive. #39; #39;. Burnett, plus left-hander Dontrelle Willis.	CONTRADICTION
1764	This example is World	 LAS VEGAS (Sports Network) - Mike Sanford has been hired as  the ninth head football coach at UNLV. The former Utah  offensive coach takes over for the retired John Robinson.	CONTRADICTION
1765	This example is Sci/Tech	Oakland, CA (Sports Network) - The Oakland Athletics have acquired infielder Keith Ginter from the Milwaukee Brewers in exchange for pitcher Justin Lehr and outfielder Nelson Cruz.	CONTRADICTION
1766	This example is Sci/Tech	(Sports Network) - Boston Red Sox fans know all too well of past failure, but there #39;s a different aura this year, and it seems their long-standing curse of not winning a World Series since 1918 may finally disappear.	CONTRADICTION
1767	This example is World	Cincinnati, OH (Sports Network) - Cincinnati Bengals wide receiver Peter Warrick was placed on the injured list Friday because of a shin injury, ending his season .	CONTRADICTION
1768	This example is Business	Glasgow, Scotland (Sports Network) - The Scottish Claymores, an NFL Europe franchise, folded Thursday due to decreasing attendance.	CONTRADICTION
1769	This example is Business	Bucharest, Romania (Sports Network) - Victor Piturca has been re-appointed as Romania #39;s national team coach. Piturca, 48, was fired four years ago after a dispute with Romania legend Gheorghe Hagi.	CONTRADICTION
1770	This example is Sci/Tech	(Sports Network) - Javier Vazquez hopes to put the brakes on a personal three- game losing streak this afternoon when the New York Yankees close out their three-game set with the Kansas City Royals at Kauffman Stadium.	CONTRADICTION
1771	This example is World	Barcelona, Spain (Sports Network) - A late strike from Brazilian superstar Ronaldinho propelled Barcelona to a 2-1 Champions League win over AC Milan Tuesday at Camp Nou.	CONTRADICTION
1772	This example is World	 PITTSBURGH (Sports Network) - Pittsburgh Penguins forward  Mark Recchi has signed a contract to play with TPS Turku of the  Finnish Elite League if the NHL season is canceled.	CONTRADICTION
1773	This example is Sci/Tech	 COOPERSTOWN, N.Y. (Sports Network) - Five-time American  League batting champion Wade Boggs, two-time NL batting champ  Willie McGee and former Cy Young Award winner Jack McDowell are  among 12 first-year candidates on the 2005 Baseball Hall of  Fame ballot.	CONTRADICTION
1774	This example is Sci/Tech	World News: Hong Kong, Oct.21 : A gas explosion at a coal mine in central China has killed at least 56 people and left 100 others missing.	CONTRADICTION
1775	This example is World	(Sports Network) - The Chicago White Sox were handed an 8-4 setback by the Detroit Tigers on Thursday. Bobby Higginson homered twice to lead Detroit. 	CONTRADICTION
1776	This example is Sci/Tech	Indianapolis, IN (Sports Network) - Minnesota Timberwolves Michael Olowokandi spent Wednesday night in jail after police needed a stun gun to compel him to leave a club.	CONTRADICTION
1777	This example is World	Panama City, Panama (Sports Network) - United States men #39;s national team goalkeeper Tim Howard has returned to England, despite the squad #39;s scheduled match on Wednesday against Panama.	CONTRADICTION
1778	This example is World	 HEMPSTEAD, N.Y. (Sports Network) - New York Jets  quarterback Chad Pennington is expected to start Sunday's game  against Houston after missing the last three weeks with a  rotator cuff injury.	CONTRADICTION
1779	This example is Business	PC World's initial test results for this gaming chip are impressive.	CONTRADICTION
1780	This example is World	 BOSTON (Sports Network) - Paul Pierce nailed a jumper at  the buzzer to give the Boston Celtics a 90-88 victory over  Portland at the FleetCenter.	CONTRADICTION
1781	This example is Sci/Tech	PC World - Tiny 802.11b adapter will work with Zire 72, Tungsten T3 handhelds.	CONTRADICTION
1782	This example is Sci/Tech	New York, NY (Sports Network) - Amado Guevara was announced as Major League Soccer #39;s 2004 Honda Most Valuable Player on Thursday in Anaheim, California.	CONTRADICTION
1783	This example is Sci/Tech	CBC SPORTS ONLINE - Raimo Summanen, who signed a three-year deal through 2006 to coach Finland #39;s national hockey team, has been relieved of his duties.	CONTRADICTION
1784	This example is World	MADISON, Wisconsin (Sports Network) - John Stocco ran for two touchdowns and threw for another score to lead fifth-ranked Wisconsin to a 38-14 win over Minnesota in the Big Ten Conference at Camp Randall Stadium.	CONTRADICTION
1785	This example is World	 NASHVILLE, Tenn. (Sports Network) - Tennessee Titans  quarterback Steve McNair suffered a bruised sternum late in the  fourth quarter of Sunday's game against Jacksonville.	CONTRADICTION
1786	This example is World	Heraklio, Greece (Sports Network) - The old faces of US women #39;s soccer bid adieu, while the new faces introduced themselves in a gold-medal winning effort at the Athens Olympics on Thursday night at Karaiskaki Stadium.	CONTRADICTION
1787	This example is Sci/Tech	Athens, GA (Sports Network) - Michael Cooper ran for the only touchdown of the game, as third-ranked Georgia rode its defense to a 13-3 victory over Marshall at Sanford Stadium.	CONTRADICTION
1788	This example is Business	 ALAMEDA, Calif. (Sports Network) - Oakland Raiders  quarterback Rich Gannon will miss the remainder of the season,  but stopped short of announcing his retirement on Monday.	CONTRADICTION
1789	This example is Sci/Tech	Sports India Havana, Sep 21 : Argentine football legend Diego Maradona will be admitted to the Mental Health Centre hospital in Cuba for treatment of his cocaine addiction.	CONTRADICTION
1790	This example is Business	Liverpool, England (Sports Network) - Liverpool midfielder Luis Garcia pulled his hamstring during Tuesday #39;s 1-0 loss to Monaco in Champions League action and will be out of action for about a month.	CONTRADICTION
1791	This example is World	 CHICAGO (Sports Network) - The Chicago White Sox have come  to terms on a two-year, \$5.5 million contract with pitcher  Dustin Hermanson.	CONTRADICTION
1792	This example is World	Sporting Lisbon ended Dinamo Tbilisi #39;s interest in the UEFA Cup with a crushing 4-0 victory at the Boris Paichadze stadium in Georgia.	CONTRADICTION
1793	This example is World	ATLANTA (Sports Network) - Brock Berlin threw a career-high three touchdown passes to lead No. 4 Miami-Florida to an easy 27-3 win over Georgia Tech in ACC action at Bobby Dodd Stadium.	CONTRADICTION
1794	This example is Sci/Tech	BOSTON - This self-proclaimed band of idiots is going to play for the pennant. David Ortiz homered in the 10th inning to send the Boston Red Sox into their second consecutive AL championship series, completing a three-game sweep of the Anaheim Angels with an 8-6 victory Friday...	CONTRADICTION
1795	This example is Sci/Tech	SPACE.com - On these late summer evenings \  after the Sun has set, look low in the south for the classical Archer, Sagittarius.	CONTRADICTION
1796	This example is Business	Bee Sports Columnist. A divisional title on the line against Anaheim at the Large Net this weekend, and, for the A #39;s, it #39;s still all about the Big Three.	CONTRADICTION
1797	This example is Sports	For a small cap, Jacuzzi has a megabrand. But it's probably not enough to excite investors.	CONTRADICTION
1798	This example is World	Munich, Germany (Sports Network) - European Ryder Cup captain Bernhard Langer finalized his team on Sunday when he added six-time Ryder Cup veteran Colin Montgomerie and rookie Luke Donald.	CONTRADICTION
1799	This example is World	New Orleans, LA (Sports Network) - Saturday #39;s Conference USA game between No. 24 Louisville and Tulane has been postponed due to the possible threat of Hurricane Ivan.	CONTRADICTION
1800	This example is Sci/Tech	Shanghai, China (Sports Network) - Rubens Barrichello won the pole for Sunday #39;s Grand Prix of China Formula One race. The No.2 Ferrari driver circled the 3.387-mile, 14-turn Shanghai International Circuit in one minute, 34.	CONTRADICTION
1801	This example is Business	Villanova, PA (Sports Network) - Russian Nadia Petrova defeated fellow countrywoman Anastasia Myskina in quarterfinal action Friday at the Advanta Championships.	CONTRADICTION
1802	This example is Business	Zurich, Switzerland (Sports Network) - Former world No. 1 Venus Williams advanced on Thursday and will now meet Wimbledon champion Maria Sharapova in the quarterfinals at the \$1.	CONTRADICTION
1803	This example is Sci/Tech	Jiangsu, China (Sports Network) - Stephen Dodd closed with a four-under 68 Sunday to win the Volvo China Open by three strokes. Dodd finished the tournament at 12-under-par 276.	CONTRADICTION
1804	This example is Sci/Tech	College football: Bryant at Bentley, 7 p.m. College hockey: Men -- Maine at Merrimack, 7 p.m.; UMass at Providence, 7 p.m.; Harvard at Brown, 7 p.m.; Air Force at Holy Cross, 7 p.m.; North Dakota at BC, 8 p.m. Women -- BC at Dartmouth, 5 p.m.; Brown at Maine, 7 p.m.;	CONTRADICTION
1805	This example is World	LOS ANGELES (Sports Network) - Reggie Bush ran for 204 yards and a pair of long touchdowns as No. 1 Southern California edged UCLA, 29-24, in a regular season-ending Pac-10 showdown between cross-town rivals at the Rose Bowl.	CONTRADICTION
1806	This example is World	Anaheim, CA (Sports Network) - Free agent starting pitcher Carl Pavano has chosen to join the New York Yankees and the two sides were working on finalizing a contract before the end of the winter meetings.	CONTRADICTION
1807	This example is World	CBC SPORTS ONLINE - Chicago Bears linebacker Brian Urlacher hopes an MRI will determine the severity of a left hamstring injury sustained in this past Sunday #39;s 22-3 loss at Jacksonville.	CONTRADICTION
1808	This example is Sports	PC World - Copernic Desktop Search does the work without Google's security flaws.	CONTRADICTION
1809	This example is Sci/Tech	Kockelscheuer, Luxembourg (Sports Network) - Aussie Alicia Molik began her quest for a second title in two weeks on Thursday, while top-seeded Argentine Paola Suarez was among the second-round upset victims at the \$225,000 Seat Open Luxembourg.	CONTRADICTION
1810	This example is Business	 PHILADELPHIA (Sports Network) - The Philadelphia Phillies  introduced Charlie Manuel as their 51st manager on Thursday  afternoon. The 60-year-old Manuel was one of eight candidates  interviewed for the job.	CONTRADICTION
1811	This example is Business	Cologne, Germany (Sports Network) - Graeme McDowell carded a three-under 69 on Saturday to maintain a three-shot advantage after the third round of the Linde German #39;s Masters.	CONTRADICTION
1812	This example is World	 BOSTON (Sports Network) - Boston Red Sox ace Curt Schilling  will not start Game 5 of the American League Championship  Series against the New York Yankees, if it goes that far,  because of his ankle injury.	CONTRADICTION
1813	This example is Business	Toronto, ON (Sports Network) - Calgary Stampeders running back Joffrey Reynolds and defensive back Joey Boese were among the CFL Players of the Week announced Tuesday.	CONTRADICTION
1814	This example is World	New York, NY (Sports Network) - Minnesota Vikings quarterback Daunte Culpepper, Seattle Seahawks cornerback Ken Lucas and New Orleans Saints kicker John Carney were named NFC Offensive, Defensive and Special Teams Players of the Week, respectively, for 	CONTRADICTION
1815	This example is Business	Hasselt, Belgium (Sports Network) - Kim Clijsters retired in her semifinal match Saturday in the Gaz de France Stars tennis tournament with a wrist injury.	CONTRADICTION
1816	This example is World	 EAST RUTHERFORD, N.J., (Sports Network) - Washington  Redskins starting quarterback Mark Brunell suffered an injured  left hamstring in Sunday's 20-14 loss to the New York Giants.	CONTRADICTION
1817	This example is Business	 PHILADELPHIA (Sports Network) - Philadelphia Eagles  defensive tackle Sam Rayburn is listed as questionable for  Monday's game against the Dallas Cowboys at Texas Stadium,  while kicker David Akers is probable. Neither player practiced  on Wednesday.	CONTRADICTION
1818	This example is Sci/Tech	Phoenix, AZ (Sports Network) - The Arizona Diamondbacks have called a news conference for today at 1 pm (et), when they are expected to introduce Wally Backman as their new manager.	CONTRADICTION
1819	This example is Business	 NEW YORK (Sports Network) - The New York Yankees re-signed  catcher John Flaherty to a one-year contract on Friday.	CONTRADICTION
1820	This example is World	Anaheim, CA (Sports Network) - The Seattle Mariners have reportedly found their slugging first baseman for the 2005 season and beyond by coming to terms with free agent Richie Sexson.	CONTRADICTION
1821	This example is Sci/Tech	 SAN FRANCISCO (Sports Network) - Free-agent shortstop Omar  Vizquel signed a three-year contract with the San Francisco  Giants on Sunday. Per team policy, financial terms were not  disclosed.	CONTRADICTION
1822	This example is Business	San Francisco, CA (Sports Network) - Seattle Seahawks cornerback Ken Lucas will spend the night in a San Francisco hospital after suffering a chest contusion in Sunday #39;s 42-27 victory over the 49ers.	CONTRADICTION
1823	This example is Sci/Tech	Denver, CO (Sports Network) - Denver forward Carmelo Anthony had marijuana charges dropped by the city district attorney Wednesday.	CONTRADICTION
1824	This example is Business	 BIRMINGHAM, Ala. (Sports Network) - Winsome Frazier netted  18 points to lead 12th-ranked Mississippi State to a 55-48  victory over Birmingham-Southern in the second round of the  Coaches vs. Cancer Classic at the Birmingham Jefferson  Convention Complex.	CONTRADICTION
1825	This example is Business	 NEW YORK (Sports Network) - Carl Krauser scored 17 points,  grabbed seven rebounds and handed out four assists to lead No.  11 Pittsburgh over Memphis, 70-51, in the Jimmy V Classic from  New York's famed Madison Square Garden.	CONTRADICTION
1826	This example is Business	 NEW YORK (Sports Network) - Carl Krauser scored 17 points,  grabbed seven rebounds and handed out four assists to lead No.  11 Pittsburgh over Memphis, 70-51, in the Jimmy V Classic from  New York's famed Madison Square Garden.	CONTRADICTION
1827	This example is Sci/Tech	Miami, FL (Sports Network) - Due to the approach of Hurricane Ivan in the South Florida area, the Marlins have rescheduled two of their contests against the Montreal Expos slated for next week to US Cellular Field in Chicago.	CONTRADICTION
1828	This example is Sci/Tech	Washington, DC (Sports Network) - Washington Wizards forward Kwame Brown will not be ready for the season opener, but could play by the end of November.	CONTRADICTION
1829	This example is World	Amsterdam, the Netherlands (Sports Network) - Dutch club Roda JC announced Tuesday that coach Wiljan Vloet will not be back next season.	CONTRADICTION
1830	This example is Sci/Tech	Larry Bowa #39;s fiery personality made him a fan favorite during his playing days in Philadelphia. It also helped cost him his job as manager.	CONTRADICTION
1831	This example is Sci/Tech	 FLOWERY BRANCH, Ga. (Sports Network) - The Atlanta Falcons  Monday signed Pro Bowl tight end Alge Crumpler to a six-year  contract extension.	CONTRADICTION
1832	This example is Business	 LAWRENCE, Kan. (Sports Network) - Wayne Simien scored 14  points with 10 rebounds to lead No. 2 Kansas over Nevada,  85-52, at Allen Fieldhouse.	CONTRADICTION
1833	This example is Business	World News  gt; London, Oct 01 : British Prime Minister Tony Blair today underwent a non-surgical operation to correct a heart flutter and is  quot;doing ok quot;.	CONTRADICTION
1834	This example is Sci/Tech	CBC SPORTS ONLINE - Mark L. Attanasio was introduced Monday as the incoming owner of the Milwaukee Brewers. Attanasio, 46, has completed negotiations to purchase the Brewers from the family of baseball commissioner Bud Selig.	CONTRADICTION
1835	This example is Sci/Tech	 PHILADELPHIA (Sports Network) - The Philadelphia Phillies  have picked up the option for next season on closer Billy  Wagner. Under the terms of the contract, Wagner will make \$9  million in 2005. If the club not exercised the option, Wagner  would have been owed a \$3 million buyout and would have been  eligible to file for free agency.	CONTRADICTION
1836	This example is Sci/Tech	Denver, CO (Sports Network) - Denver Nuggets guard Voshon Lenard underwent successful surgery Monday to repair his torn left Achilles #39; tendon.	CONTRADICTION
1837	This example is Sci/Tech	RALEIGH, NC (Sports Network) - Julius Hodge poured in a game-high 21 points as 19th-ranked North Carolina State routed Elon, 71-45, in the semifinal round of the BCA Invitational at the RBC Center.	CONTRADICTION
1838	This example is World	 ATLANTA (Sports Network) - Atlanta Braves starting pitcher  Jaret Wright left Tuesday's game against the New York Mets with  a bruised right ankle.	CONTRADICTION
1839	This example is Sci/Tech	(Sports Network) - The Houston Astros won a franchise-record 18 straight games at Minute Maid Park to end the season and now will lean on their home crowd on Saturday for Game 3 of their National League Division Series against the Atlanta Braves.	CONTRADICTION
1840	This example is Sci/Tech	 Athens, Ga. (Sports Network) - Danny Ware rushed for 135  yards and three touchdowns in his collegiate debut, as No. 3  Georgia held off Division I-AA Georgia Southern, 48-28, in the  season opener for both schools at Sanford Stadium.	CONTRADICTION
1841	This example is Business	Brussels, Belgium (Sports Network) - Tennis stars Kim Clijsters and Lleyton Hewitt have ended their relationship, according to Clijsters #39; web site.	CONTRADICTION
1842	This example is Sci/Tech	 PHILADELPHIA (Sports Network) - Philadelphia Eagles running  back Brian Westbrook is listed as questionable for Sunday's  game against Baltimore because of a rib fracture.	CONTRADICTION
1843	This example is Sci/Tech	(Sports Network) - The Dodgers hope to avoid being swept by the St. Louis Cardinals, as they head into Game 3 of their National League Division Series today.	CONTRADICTION
1844	This example is World	Cadiz, Spain (Sports Network) - Alastair Forsyth shot a four-under 67 on Saturday to grab the lead after the third round of the Volvo Masters Andalucia.	CONTRADICTION
1845	This example is Business	London, England (Sports Network) - Arsenal midfielder Gilberto Silva will be shut down for at least one month as he attempts to recover from a back injury.	CONTRADICTION
1846	This example is Business	CBC SPORTS ONLINE - The Toronto Blue Jays have reportedly lured Corey Koskie back to Canada. The third baseman from Anola, Man., has reached a preliminary agreement with the Jays on a three-year, \$17-million US contract, according to the Globe and Mail.	CONTRADICTION
1847	This example is Sci/Tech	Minneapolis, MN (Sports Network) - Minnesota Timberwolves guard Sam Cassell did not show up Tuesday for the first day of training camp.	CONTRADICTION
1848	This example is Business	Moscow, Russia (Sports Network) - Anastasia Myskina of Russia successfully defended her title in Moscow with a straight-set win over countrywoman Elena Dementieva at the final of the \$1.	CONTRADICTION
1849	This example is Business	London, England (Sports Network) - Bolton #39;s El-Hadji Diouf was fined the maximum of two weeks worth of wages for spitting on Portsmouth #39;s Arjan de Zeeuw during a Premier League match on Saturday.	CONTRADICTION
1850	This example is Sci/Tech	World News Baghdad, Sep 9 : Foreign aid workers in Iraq are planning to leave the war-torn country since the kidnapping of two Italian women aid workers, Xinhua reports Thursday.	CONTRADICTION
1851	This example is Sci/Tech	 NEW YORK (Sports Network) - New York Yankees first baseman  Jason Giambi has been receiving treatment for a benign tumor in  his pituitary gland.	CONTRADICTION
1852	This example is Business	San Antonio, TX (Sports Network) - Dean Wilson shot a five-under 65 on Friday to move into the lead at the halfway point of the Texas Open.	CONTRADICTION
1853	This example is World	(Sports Network) - The Sacramento Kings play the second game of their regular season tonight, as they visit the San Antonio Spurs at the SBC Center.	CONTRADICTION
1854	This example is Sci/Tech	(Sports Network) - The Boston Celtics picked up a victory on Friday evening against the Toronto Raptors. Mark Blount scored 22 points, Paul Pierce added 20, as the Celtics edged Toronto for a 91-89 victory at the FleetCenter.	CONTRADICTION
1855	This example is World	Sports India, Cricket: Dhaka, Dec 12 : Pacer Irfan Pathan claimed his first 10-wicket haul and Sachin Tendulkar cracked a career-best unbeaten 248 to bring India within two wickets of victory on the third day of the first Test against Bangladesh here 	CONTRADICTION
1856	This example is World	(Sports Network) - The red-hot Boston Red Sox hope to continue rolling as they continue their three-game set with the Anaheim Angels this evening at Fenway Park.	CONTRADICTION
1857	This example is Sci/Tech	 NEW YORK (Sports Network) - Texas Rangers relief pitcher  Frank Francisco was suspended for the rest of the 2004 season  Friday by Major League Baseball after tossing a chair into the  stands and hitting two fans in the head earlier this week.	CONTRADICTION
1858	This example is Business	Chicago, IL (Sports Network) - DePaul University head men #39;s basketball coach Dave Leitao agreed to a six-year contract extension on Friday.	CONTRADICTION
1859	This example is Business	Milan, Italy (Sports Network) - Inter Milan has earned just two points after two Serie A matches, thanks to a 1-1 draw with Palermo on Saturday night.	CONTRADICTION
1860	This example is Business	Houston, TX (Sports Network) - Tyrone Moss ran for 147 yards and two touchdowns to lead fourth-ranked Miami-Florida to a 38-13 victory over Houston at Reliant Stadium.	CONTRADICTION
1861	This example is Business	CBC SPORTS ONLINE - Edgerrin James rushed for 124 yards and scored a pair of fourth-quarter touchdowns Sunday to lift the Indianapolis Colts to a 31-17 victory over the Tennessee Titans.	CONTRADICTION
1862	This example is Sci/Tech	New York, NY (Sports Network) - Kyle Martino has earned Major League Soccer #39;s Player of the Week honor for Week 21 of the 2004 season.	CONTRADICTION
1863	This example is Business	New York, NY (Sports Network) - Published reports out of New York indicate the Yankees and Arizona Diamondbacks have halted trade talks involving five-time Cy Young Award winner Randy Johnson.	CONTRADICTION
1864	This example is Business	 DALLAS (Sports Network) - Freshman Adrian Peterson rushed  for a season-high 225 yards and Kejuan Jones scored the game's  only touchdown, as second-ranked Oklahoma blanked No. 5 Texas,  12-0, in the Red River Shootout at the Cotton Bowl.	CONTRADICTION
1865	This example is World	Las Vegas, NV (Sports Network) - The middleweight megafight billed as the  quot;Quest for History quot; between undisputed champion Bernard Hopkins and the Golden Boy of boxing, Oscar De La Hoya, is just a day away.	CONTRADICTION
1866	This example is Business	Madrid, Spain (Sports Network) - Paul Broadhurst carded a three-under 68 on Saturday to hold onto a share of the lead after the third round of the Open de Madrid.	CONTRADICTION
1867	This example is Sci/Tech	College field hockey: Fitchburg St. at Endicott, 3:30 p.m.; Regis at UMass-Dartmouth, 3:30 p.m.; Lasell at UNew England, 3:30 p.m.; Saint Anselm at Stonehill, 4 p.m.; Bentley at AIC, 4 p.m.; Gordon at Nichols, 4 p.m.; Trinity at Eastern Conn., 4 p.m.; Dartmouth at UNH, 7 p.m.; Merrimack at UMass-Lowell, 7 p.m.; Anna Maria at Clark, 7 p.m.	CONTRADICTION
1868	This example is World	CBC SPORTS ONLINE - New York Yankees right-fielder Gary Sheffield revealed Tuesday that he and his wife were targeted by a blackmailer.	CONTRADICTION
1869	This example is Business	CBC SPORTS ONLINE - Point guard Avery Johnson retired Thursday as an active player to accept a coaching position with the Dallas Mavericks.	CONTRADICTION
1870	This example is World	Los Angeles, CA (Sports Network) - JT Snow homered to lead San Francisco over Los Angeles, 4-2, in the opener of a three-game series at Dodger Stadium.	CONTRADICTION
1871	This example is Sci/Tech	WASHINGTON (Sports Network) - Maurice Ager scored 13 points to lead 11th-ranked Michigan State to a 66-60 win over George Mason in the consolation game of the BB amp;T Classic from the MCI Center.	CONTRADICTION
1872	This example is Business	Houston, TX (Sports Network) - The Houston Rockets activated guard Tyronn Lue from the injured list prior to Wednesday #39;s game against the Hawks.	CONTRADICTION
1873	This example is World	Starkville, MS (Sports Network) - Mississippi State quarterback Omarr Conner is expected to miss at least three weeks after spraining a ligament in his right knee during Saturday #39;s 51-0 drubbing to LSU.	CONTRADICTION
1874	This example is Sci/Tech	Athens, Greece (Sports Network) - American middleweight Andre Dirrell lost his semifinal bout to Kazakhstan #39;s Gennadiy Golovkin on Friday, missing an opportunity to advance to the gold medal match.	CONTRADICTION
1875	This example is World	ATHENS - The game is poker. The stakes are gold. The US Olympic Committee plainly holds the stronger hand in the Paul Hamm case. So why is it willing to split the pot?	CONTRADICTION
1876	This example is Sci/Tech	San Antonio, TX (Sports Network) - The San Antonio Spurs Tuesday signed point guard Tony Parker to a multi-year contract extension.	CONTRADICTION
1877	This example is Sci/Tech	Bromwich, England (Sports Network) - West Bromwich signed Japanese international Junichi Inamoto to a 2 1/2-year contract on Tuesday.	CONTRADICTION
1878	This example is Business	Zurich, Switzerland (Sports Network) - Slovakian Daniela Hantuchova highlighted Monday #39;s first-round winners, while former top-10 star Mary Pierce of France was among the losers at the \$1.	CONTRADICTION
1879	This example is Sci/Tech	(Sports Network) - The Dodgers have been alone in first place in the National League West every day since July 8. That could change tonight, as Los Angeles tries to avoid being swept in a three-game series by the surging San Diego Padres at Petco Park.	CONTRADICTION
1880	This example is Sci/Tech	CBC SPORTS ONLINE - No matter how hard the Toronto Raptors fought or well they shot, the Washington Wizards always found a way to rally back.	CONTRADICTION
1881	This example is Sci/Tech	CBC SPORTS ONLINE - The San Francisco Giants plan to announce the signing of free-agent catcher Mike Matheny late Monday. Matheny, 34, reportedly will receive \$9 million US over three years.	CONTRADICTION
1882	This example is Business	PC World - Cell phones and wireless devices pass Airbus's onboard tests with flying colors.	CONTRADICTION
1883	This example is Sports	PC World - Ten security flaws found in Firefox browser, Thunderbird e-mail client.	CONTRADICTION
1884	This example is World	Irving, TX (Sports Network) - Tiki Barber ran for 122 yards and a touchdown and the New York Giants scored 20 unanswered points in the second half to post a 26-10 victory over Dallas in a showdown between NFC East rivals at Texas Stadium.	CONTRADICTION
1885	This example is World	Logan, UT (Sports Network) - Brent Guy, a former Utah State assistant, has been named the 25th head coach of the Aggies. Guy, who coached the Utah State linebackers from 1992-94, has spent the last four seasons 	CONTRADICTION
1886	This example is Business	 WASHINGTON (Sports Network) - Roger Powell Jr. netted 19  points on 8-of-11 shooting to lead top-ranked Illinois to a  74-59 victory over Georgetown at the MCI Center.	CONTRADICTION
1887	This example is Sci/Tech	PC World - MP3 Photo Jukebox features 1.6-inch color LCD and 4GB of storage.	CONTRADICTION
1888	This example is World	 PORTLAND, Ore., (Sports Network) - Portland Trail Blazers  forward Qyntel Woods was suspended without pay pending the  club's investigation regarding allegations by Multnomah County  for dog abandonment and by Clackamas County for dog fighting.	CONTRADICTION
1889	This example is Sci/Tech	 ANAHEIM, Calif. (Sports Network) - Pitcher Angel Garcia was  picked first overall by the Arizona Diamondbacks in baseball's  Rule 5 Draft on Monday, but moments after it was over he was  traded to the Tampa Bay Devil Rays for cash considerations.	CONTRADICTION
1890	This example is Business	Amsterdam, the Netherlands (Sports Network) - American international Earnie Stewart has signed an 18-month contract with VVV Venlo, the club where the midfielder began his career.	CONTRADICTION
1891	This example is Sci/Tech	PC World - Sony embraces MP3, while new Blu-ray and speaker technology reaches the living room.	CONTRADICTION
1892	This example is World	 WASHINGTON (Sports Network) - Former No. 1 overall pick  Kwame Brown returned from an off-season foot injury in  Washington's 95-68 rout of New Jersey Wednesday night.	CONTRADICTION
1893	This example is World	 MINNEAPOLIS (Sports Network) - Minnesota Vikings running  back Onterrio Smith, who has been suspended four games for  violating the NFL's substance abuse policy, will begin serving  that suspension Sunday.	CONTRADICTION
1894	This example is Business	 ATLANTA (Sports Network) - Atlanta Thrashers right wing  Dany Heatley, who is charged with vehicular homicide and five  other counts in the 2003 car crash that killed teammate Dan  Snyder, had his Wednesday arraignment waived by a judge.	CONTRADICTION
1895	This example is Sci/Tech	(Sports Network) - The Cardinals will try to get back on the winning track this evening, when they battle the San Diego Padres in the middle test of a three-game set at PETCO Park.	CONTRADICTION
1896	This example is World	 New York, NY (Sports Network) - The New York Mets have  reportedly told Art Howe he will be fired, but he has agreed to  remain as the team's manager until the end of this season.	CONTRADICTION
1897	This example is Business	 ORCHARD PARK, N.Y. (Sports Network) - Buffalo Bills running  back Travis Henry could be sidelined for the remainder of the  season with a lower right leg injury.	CONTRADICTION
1898	This example is World	 LOS ANGELES (Sports Network) - The Los Angeles Dodgers and  second baseman Jeff Kent agreed to a two-year contract on  Thursday, bringing the All-Star back to the state where he won  his lone NL MVP award.	CONTRADICTION
1899	This example is Business	NASSAU, Bahamas, Sun. Sept. 5: At least two people are dead in the Bahamas and several others injured, victims of Hurricane Frances.	CONTRADICTION
1900	This example is Sci/Tech	 MINNEAPOLIS, Minn. (Sports Network) - Minnesota Vikings  star receiver Randy Moss suffered a hamstring injury during  Sunday's win over New Orleans and his status for this weekend's  game versus Tennessee is unknown.	CONTRADICTION
1901	This example is Business	 INDIANAPOLIS (Sports Network) - Indiana Pacers forward  Jonathan Bender will be out indefinitely due to his chronically  injured left knee.	CONTRADICTION
1902	This example is World	NAUBISE, Nepal : Somewhere on the other side of the mist-covered green hills that guard Nepal #39;s ancient capital Kathmandu, Maoist rebels are grinning.	CONTRADICTION
1903	This example is World	CBC SPORTS ONLINE - Roger Clemens did his part, now Roy Oswalt - the Houston Astros #39; other ace pitcher -opes to follow his veteran teammate #39;s lead.	CONTRADICTION
1904	This example is Sci/Tech	Hong Kong (Sports Network) - Miguel Angel Jimenez fired a six-under 64 Friday to surge into the lead after the second round of the Omega Hong Kong Open.	CONTRADICTION
1905	This example is World	Sports India, Cricket: Kolkata, Nov 11 : The Pakistan cricket team will visit Indian captain Sourav Ganguly #39;s restaurant and watch a colour-version of the classic Indian film Mughal-e-Azam here Thursday.	CONTRADICTION
1906	This example is Sci/Tech	PC World - Design and performance issues hold back this very cool idea.	CONTRADICTION
1907	This example is World	 Davie, Fla. (Sports Network) - Sunday's game between the  Miami Dolphins and Pittsburgh Steelers has been postponed  because of Hurricane Jeanne.	CONTRADICTION
1908	This example is World	CBC SPORTS ONLINE - Free-agent outfielder Ricky Ledee decided Monday to accept a two-year contract offer from the Los Angeles Dodgers.	CONTRADICTION
1909	This example is Business	PC World - Western Digital's Scorpio drives promise stinging performance.	CONTRADICTION
1910	This example is Business	Indianapolis, IN (Sports Network) - The Indiana Pacers announced Friday that Jamaal Tinsley has signed a contract extension with the team.	CONTRADICTION
1911	This example is World	Morgantown, WV (Sports Network) - Paul Peterson threw two touchdown passes and Boston College scored a pair of touchdowns on punt returns, as the 21st-ranked Eagles upset No.	CONTRADICTION
1912	This example is Sci/Tech	World News: Wellington, Dec 16 : An Australian plan to boost coastal security with a vast surveillance net across the Tasman Sea has taken New Zealand by surprise.	CONTRADICTION
1913	This example is Business	Saturday night's Game 1 World Series telecast returned a 13.7 national rating (25 share), the highest number for a Game 1 since the 1999 opener of the Yankees-Braves Series delivered a 14.2 (26 share) on NBC. It was the highest-rated World Series Game 1 for Fox since it began broadcasting baseball in 1996 (NBC retained the Series in 1997 and ...	CONTRADICTION
1914	This example is World	 CHARLOTTE, N.C. (Sports Network) - Texas linebacker Derrick  Johnson was named the Bronco Nagurski Trophy winner Monday. The  award is presented annually to the best defensive player in  college football	CONTRADICTION
1915	This example is Business	By Adrian Curtis, PA Sport and Cindy Garcia-Bennett, PA International. Adrian Mutu is heading for talks about his Chelsea future with manager Jose Mourinho today following allegations that he has tested positive for a banned substance.	CONTRADICTION
1916	This example is Sports	PC World - Mozilla-based Netscape 7.2 improves printing and integrates instant messaging.	CONTRADICTION
1917	This example is Business	Paris, France (Sports Network) - Andre Agassi and David Nalbandian announced Monday that they have withdrawn from the Paris Masters because of injuries.	CONTRADICTION
1918	This example is Sci/Tech	 KAZAN, Russia (Sports Network) - Russian forward Alexei  Kovalev is the latest locked out National Hockey League player  to head abroad, as he signed on to play for AK Bars Kazan.	CONTRADICTION
1919	This example is Sci/Tech	Green Bay, WI (Sports Network) - Chris Brown rushed for 148 yards and two touchdowns and Steve McNair threw for 206 yards and two scores to lead the Tennessee Titans to a 48-27 rout of the Green Bay Packers at Lambeau Field.	CONTRADICTION
1920	This example is Business	Sports India, Cricket: Chennai, Oct 15 : Virender Sehwag scored a return-to-form seventh Test century Friday to give India the upper hand in the second cricket Test against Australia.	CONTRADICTION
1921	This example is World	 TORONTO (Sports Network) - The Toronto Blue Jays signed  free agent third baseman Corey Koskie to a three-year contract  on Tuesday with an option for 2008.	CONTRADICTION
1922	This example is World	 COLUMBIA, S.C. (Sports Network) - The University of South  Carolina has scheduled a news conference for 1 p.m. EST Tuesday  when it is expected to announce that Steve Spurrier will take  over as the school's new head football coach.	CONTRADICTION
1923	This example is Business	Sci/Tech News, America Online, the largest Internet service provider, said it would stop using Microsoft #39;s (Nasdaq: MSFT) Sender ID technology to filter unwanted e-mail being sent to its millions of members, and instead embrace an open-source friendly 	CONTRADICTION
1924	This example is Sci/Tech	 SALT LAKE CITY, (Sports Network) - The Jazz announced  Tuesday that the club will retire John Stockton's No. 12 on  November 22, 2004, when Utah hosts the New Orleans Hornets.	CONTRADICTION
1925	This example is Sci/Tech	Allen Park, MI (Sports Network) - The Detroit Lions placed starting strong safety Brian Walker on injured reserve and released six players Sunday to get down to the NFL #39;s roster limit of 53 players.	CONTRADICTION
1926	This example is Sports	PC World - Sony's upcoming gaming device earns mostly positive reviews from the crowd.	CONTRADICTION
1927	This example is Business	CBC SPORTS ONLINE - The Seattle Mariners continued efforts to bulk up their anemic offence Thursday, signing free-agent third baseman Adrian Beltre to lucrative contract.	CONTRADICTION
1928	This example is Sci/Tech	WINSTON-SALEM, NC (Sports Network) - Chris Paul scored 16 points to lead No. 2 Wake Forest over Virginia Commonwealth, 81-67, in the quarterfinal round of the Preseason NIT.	CONTRADICTION
1929	This example is Business	Foxboro, MA (Sports Network) - The New England Patriots Wednesday announced that they placed first-round draft pick Benjamin Watson on injured reserve with a knee injury.	CONTRADICTION
1930	This example is Business	(Sports Network) - The much-improved Orlando Magic will take aim at their fourth win in five games tonight, when they take on the Washington Wizards at the MCI Center.	CONTRADICTION
1931	This example is Sci/Tech	Toronto, ON (Sports Network) - The Toronto Blue Jays have signed utilityman Frank Menechino to a one-year contract. The deal is worth \$650,000 with an option for 2006.	CONTRADICTION
1932	This example is Sci/Tech	 ANAHEIM, Calif. (Sports Network) - The Boston Red Sox have  signed free agent pitcher David Wells. The deal is believed to  be for two years.	CONTRADICTION
1933	This example is Business	Getafe, Spain (Sports Network) - Leaders Barcelona survived a late rally by promoted Getafe to earn a 2-1 road win Saturday. The win gives Barca a strong nine point lead over second place Espanyol, which edged Atletico Madrid Saturday 2-1.	CONTRADICTION
1934	This example is Sci/Tech	CBC SPORTS ONLINE - Roger Federer, the world #39;s No. 1 tennis player, pulled out of the Swiss Indoors tournament Tuesday after injuring his left thigh in warm-up.	CONTRADICTION
1935	This example is Sci/Tech	CBC SPORTS ONLINE - David Hearn became the latest Canadian to qualify for the PGA Tour, earning his card by a single stroke. Hearn, from Brampton, Ont.	CONTRADICTION
1936	This example is Business	Dallas, TX (Sports Network) - Tim Duncan had 20 points, 13 rebounds and five blocks and Devin Brown scored 14 of his 16 points in the fourth quarter, leading the San Antonio Spurs to a 107-89 victory over the Dallas Mavericks at American Airlines Center.	CONTRADICTION
1937	This example is World	Nashville, TN (Sports Network) - Tennessee Titans quarterback Steve McNair is listed as the team #39;s emergency quarterback for Monday night #39;s tilt against the Kansas City Chiefs because of a bruised sternum.	CONTRADICTION
1938	This example is Sports	Ziff Davis - This is a great time to have broadband. Also: Dual-connect mobile phones, life beyond iPod, multiple music sources, and cheap backup. #149;Welcome to the Broadband World\ #149;Wi-Fi Phones: A Natural Duo\ #149;More Choices in Music Players...\ #149;...And in Music Services\ #149;Time to Back Up	CONTRADICTION
1939	This example is World	Cleveland, OH (Sports Network) - The Cleveland Cavaliers activated guard Dajuan Wagner from the injured list Monday. Wagner has missed the last five games because of soreness in his right foot.	CONTRADICTION
1940	This example is Sports	This year's Burning Man festival was alive with light all day and all night, as luminescent art and wild displays of fire lit the desert skies. Daniel Terdiman reports from Black Rock City, Nevada.	CONTRADICTION
1941	This example is Sci/Tech	Charleston, SC (Sports Network) - Andy Roddick and Mardy Fish will play singles for the United States in this weekend #39;s Davis Cup semifinal matchup against Belarus.	CONTRADICTION
1942	This example is Sci/Tech	 NEW ORLEANS (Sports Network) - Jason Campbell passed for  195 yards and a touchdown, Auburn's defense solidified its  status as one of the nation's toughest, and the third-ranked  Tigers completed the first perfect season in school history  with a 16-13 victory over No. 9 Virginia Tech in the Sugar  Bowl.	CONTRADICTION
1943	This example is Business	 LOS ANGELES (Sports Network) - Nate Robinson scored a  game-high 28 points to lead 16th-ranked Washington to a 100-93  win over Loyola-Marymount at Gersten Pavilion.	CONTRADICTION
1944	This example is World	Atlanta, GA (Sports Network) - Tuesday night #39;s game between the Philadelphia Phillies and Atlanta Braves at Turner Field was postponed because of rain.	CONTRADICTION
1945	This example is World	Los Angeles, CA (Sports Network) - Los Angeles Dodgers outfielder Milton Bradley was suspended for the remainder of the regular season by the league on Wednesday for his actions during Tuesday #39;s win against Colorado.	CONTRADICTION
1946	This example is Business	A 121 million-year-old baby arboreal bird, fossilised while still curled in its egg, has been found in China, Science magazine reports this week.	CONTRADICTION
1947	This example is Business	Sports India, Cricket: New Delhi, Oct.31 : The Centre has decided that it will not hike oil prices inspite of the spiralling international cost of crude.	CONTRADICTION
1948	This example is World	New York, NY (Sports Network) - United States men #39;s national team captain and former San Jose Earthquakes midfielder Landon Donovan announced Tuesday he will return to Europe to continue his soccer career and development as a player.	CONTRADICTION
1949	This example is Business	CBC SPORTS ONLINE - The Anaheim Angels suspended outfielder Jose Guillen for the rest of the season without pay Sunday following an outburst during a game the previous night.	CONTRADICTION
1950	This example is World	Hurricane Frances sends commodity prices soaring and depresses insurance stocks as it heads for the Florida coast.	CONTRADICTION
1951	This example is World	CBC SPORTS ONLINE - The Green Bay Packers finally managed to unload disgruntled cornerback Mike McKenzie - on the New Orleans Saints.	CONTRADICTION
1952	This example is World	Moscow, Russia (Sports Network) - Russia and France will meet for the Fed Cup title this weekend at Krylatskoe Ice Stadium in a rematch of last year #39;s semifinals.	CONTRADICTION
1953	This example is World	 SEATTLE (Sports Network) - The Seattle Mariners have  scheduled a Wednesday afternoon press conference to announce  Mike Hargrove as their new manager.	CONTRADICTION
1954	This example is Sci/Tech	Canton, OH (Sports Network) - Former All-Pro quarterbacks Dan Marino and Steve Young, both first-year eligible candidates, head a list of 89 former players, coaches, and contributors who comprise a list of preliminary nominees for enshrinement to the Pro 	CONTRADICTION
1955	This example is World	Los Angeles, CA (Sports Network) - The Los Angeles Clippers Monday exercised the contract option for the 2005-06 season on forward Chris Wilcox.	CONTRADICTION
1956	This example is Sci/Tech	PC World - With VPN bug resolved, distribution of Windows XP update will increase.	CONTRADICTION
1957	This example is Business	Shanghai, China (Sports Network) - Third-seeded Argentine Guillermo Canas recorded an easy straight-set win over second-seeded Czech Jiri Novak in Saturday #39;s semifinals at the \$380,000 Heineken Open Shanghai.	CONTRADICTION
1958	This example is World	 OXFORD, Miss. (Sports Network) - The University of  Mississippi introduced Southern California assistant Ed Orgeron  as its new head football coach during a Thursday press  conference.	CONTRADICTION
1959	This example is Business	(Sports Network) - A late schedule change certainly did not appear to faze the Titans in Week 1. Due to the threat of Hurricane Ivan in south Florida, Tennessees game against the Miami Dolphins was pushed up to Saturday, and resulted in a dominant, 17 	CONTRADICTION
1960	This example is Business	Chicago, IL (Sports Network) - Peyton Manning threw four touchdown passes and Edgerrin James ran for 204 yards with a score, as the Indianapolis Colts rolled to a 41-10 victory over the Chicago Bears at Soldier Field.	CONTRADICTION
1961	This example is Sci/Tech	(Sports Network) - The Boston Celtics found themselves on the wrong end of a 100-99 decision against the Denver Nuggets on Wednesday at the FleetCenter.	CONTRADICTION
1962	This example is Business	Calgary, AB (Sports Network) - Calgary Flames head coach Darryl Sutter underwent an emergency appendectomy and is expected to make a full recovery.	CONTRADICTION
1963	This example is Business	Rostock, Germany (Sports Network) - Hansa Rostock coach Juri Schluenz resigned Sunday following a 6-0 loss at home to Hamburg. The loss left Rostock in the basement of the Bundesliga with eight points from 13 matches.	CONTRADICTION
1964	This example is Sci/Tech	CBC SPORTS ONLINE - Rex Grossman #39;s latest stint as starting quarterback for the Chicago Bears lasted all of three games. Grossman, 24, suffered a season-ending ruptured anterior cruciate ligament in Sunday #39;s 27-22 loss at Minnesota.	CONTRADICTION
1965	This example is Business	Athens, Greece (Sports Network) - Gunn-Rita Dahle of Norway captured the gold medal on Friday in the women #39;s mountain bike competition at the Summer Olympics in Athens.	CONTRADICTION
1966	This example is Business	CBC SPORTS ONLINE - The Houston Rockets activated point guard Tyronn Lue off the injured list Wednesday. Lue, who missed five games with a sore right knee, had four points, an assist and a steal in Houston #39;s 92-69 victory over the Atlanta Hawks.	CONTRADICTION
1967	This example is World	Pro baseball: AL Championship Series -- New York Yankees vs. Red Sox (Game 3) at Fenway Park, 8 p.m.	CONTRADICTION
1968	This example is World	Miyazaki, Japan (Sports Network) - Tiger Woods shot a three-under 67 on Sunday to easily win the Dunlop Phoenix by eight strokes. Woods completed the tournament at 16-under-par 264.	CONTRADICTION
1969	This example is World	Linz, Austria (Sports Network) - Former world No. 1 Amelie Mauresmo of France led the parade into the semifinals at the \$585,000 Generali Ladies Linz tennis event.	CONTRADICTION
1970	This example is Sci/Tech	Philadelphia, PA (Sports Network) - Southern California and Oklahoma are still the top teams in the Bowl Championship Series standings, while Auburn remained third and on the outside looking in at the national championship game with one week remaining in 	CONTRADICTION
1971	This example is Sci/Tech	Tucson, AZ (Sports Network) - Mustafa Shakur led three Arizona players who scored at least 20 points as the 10th-ranked Wildcats opened their 2004-05 season with an 80-69 victory over San Diego at the McKale Center in the first round of the Preseason NIT.	CONTRADICTION
1972	This example is Sports	Sci/Tech News, New York - British tycoon Richard Branson #39;s Virgin Group said on Monday it was jumping into the market for online music, with a  quot;Digital Megastore quot; offering US customers song downloads for 99 cents.	CONTRADICTION
1973	This example is Business	 MIAMI (Sports Network) - Former Dolphins running back Ricky  Williams was ordered by an arbitrator Friday to pay a huge sum  of money to Miami, which filed a grievance against the star  after he retired just prior to training camp this season.	CONTRADICTION
1974	This example is Sci/Tech	(Sports Network) - Boston #39;s Curt Schilling wasn #39;t his usual dominant self on Tuesday in Game 1 of the American League Division Series versus Anaheim.	CONTRADICTION
1975	This example is Sports	PC World - Sales of laptops using Intel's mobile processor are picking up.	CONTRADICTION
1976	This example is Business	 PHILADELPHIA (Sports Network) - Southern California and  Oklahoma are still the top teams in the Bowl Championship  Series standings, while Auburn remained third and on the  outside looking in at the national championship game with one  week remaining in the regular season.	CONTRADICTION
1977	This example is World	Columbus, OH (Sports Network) - With the United States men #39;s national soccer team having already booked a place in the final round of World Cup qualifying, head coach Bruce Arena is likely to put a young squad on the field Wednesday against Jamaica at 	CONTRADICTION
1978	This example is Sports	Australia re-elected a conservative government recently, which will allow the expansion of a crucial part of the U.S. missile defense shield. Critics say the Pine Gap facility could start an arms race in Asia. Patrick Gray reports from Brisbane, Australia.	CONTRADICTION
1979	This example is World	(Sports Network) - The Cleveland Indians will continue with the second test of a regular season-ending three-game set against the Minnesota Twins at the Metrodome.	CONTRADICTION
1980	This example is World	CBC SPORTS ONLINE - Five-time Olympic biathlon champion Ole Einar Bjorndalen of Norway may have been absent from a World Cup event Wednesday, but his fellow countrymen Stian Eckhoff and Frode Andresen were there to pick up the slack.	CONTRADICTION
1981	This example is World	Orchard Park, NY (Sports Network) - Willis McGahee ran for 132 yards and a touchdown to lead the Buffalo Bills to a 22-17 victory over the New York Jets at Ralph Wilson Stadium.	CONTRADICTION
1982	This example is Sports	PC World - Software giant contesting order to pay  #36;521 million in patent infringement verdict.	CONTRADICTION
1983	This example is World	Martinsville, VA (Sports Network) - A plane owned by Hendrick Motorsports crashed Sunday on its way to a NASCAR race at Martinsville Speedway, killing all 10 people aboard.	CONTRADICTION
1984	This example is Sci/Tech	CBC SPORTS ONLINE - The Arizona Diamondbacks have reportedly signed free-agent third baseman Troy Glaus. The Arizona Republic reported Thursday that Glaus and the Diamondbacks have agreed to a four-year, \$45-million US contract.	CONTRADICTION
1985	This example is World	 BOSTON (Sports Network) - The Boston Celtics placed forward  Tom Gugliotta on the injured list Tuesday with lower back pain.	CONTRADICTION
1986	This example is Sci/Tech	 TEMPE, Ariz. (Sports Network) - Alex Smith threw for 328  yards and four touchdowns to lead fifth-ranked Utah to a  convincing 35-7 rout of 19th-ranked Pittsburgh in the Fiesta  Bowl at Sun Devil Stadium.	CONTRADICTION
1987	This example is World	CBC SPORTS ONLINE - The Baltimore Orioles reached terms Wednesday with first baseman Rafael Palmeiro on a one-year, \$3-million US contract.	CONTRADICTION
1988	This example is Sci/Tech	Vienna, Austria (Sports Network) - Top seeds David Nalbandian, Nicolas Massu and Rainer Schuettler were all quarterfinal losers Friday at the indoor BA-CA Tennis Trophy.	CONTRADICTION
1989	This example is Sci/Tech	Bungie's follow-up to its wildly successful shooter provides hours of fun, provided you're not too irritated by the ending or the long wait for a match on Xbox Live. By Lore Sjberg.	CONTRADICTION
1990	This example is World	 COLLEGE STATION, Texas (Sports Network) - Jason White threw  for 292 yards and five touchdown passes, including a 39-yarder  to Mark Bradley with 6:43 left to play for the tie-breaking  score, as second-ranked Oklahoma pulled out a thrilling 42-35  victory over No. 22 Texas A M in a key Big 12 showdown at Kyle  Field.	CONTRADICTION
1991	This example is World	Flowery Branch, GA (Sports Network) - The Atlanta Falcons Monday signed Pro Bowl tight end Alge Crumpler to a six-year contract extension.	CONTRADICTION
1992	This example is Business	Toronto, ON (Sports Network) - The Toronto Blue Jays signed free agent third baseman Corey Koskie to a three-year contract on Tuesday with an option for 2008.	CONTRADICTION
1993	This example is Business	BERKELEY, Calif. (Sports Network) - JJ Arrington rushed for 169 yards and a touchdown on 27 carries to lead No. 4 California to a convincing 41-6 win over Stanford in The Big Game at Memorial Stadium.	CONTRADICTION
1994	This example is World	Durham, NC (Sports Network) - Shelden Williams finished with 23 points, 14 rebounds and seven blocks to lead seventh-ranked Duke to an 88-55 win over Illinois-Chicago at Cameron Indoor Stadium.	CONTRADICTION
1995	This example is World	Lincoln, NE (Sports Network) - Bobby Purify ran for 130 yards with a touchdown and Joel Klatt threw for 222 yards with a score, as Colorado kept its Big 12 title hopes alive and sent Nebraska to its first losing season in 43 years with a 26-20 victory in 	CONTRADICTION
1996	This example is World	Cary, NC (Sports Network) - Notre Dame won its second women #39;s soccer title Sunday as it edged UCLA, 4-3 on penalty kicks. The two teams were tied at one after 110 minutes of regulation and two  quot;golden goal quot; overtime periods.	CONTRADICTION
1997	This example is Sci/Tech	Pittsburgh, PA (Sports Network) - Steelers wide receiver Plaxico Burress #39; injured hamstring will prevent him from playing in Saturday #39;s game against the New York Giants.	CONTRADICTION
1998	This example is World	Stuttgart, Germany (Sports Network) - Werder Bremen scored twice in the last 12 minutes as the defending Bundesliga champions beat Stuttgart in a physical match, 2-1.	CONTRADICTION
1999	This example is Business	Green Bay, WI (Sports Network) - The Green Bay Packers will be without the services of Pro Bowl center Mike Flanagan for the remainder of the season, as he will undergo left knee surgery.	CONTRADICTION
2000	This example is Sci/Tech	Kansas City, MO (Sports Network) - The Kansas City Royals declined to offer arbitration to veteran outfielder Juan Gonzalez and three others on Tuesday, effectively cutting them loose.	CONTRADICTION
2001	This example is Sports	 World Match Play: Ernie Els beat Lee Westwood 2 and 1 in the final yesterday on his 35th birthday in Virginia Water, England, to capture golf #39;s biggest payday - \$1.	CONTRADICTION
2002	This example is World	Farmington, PA (Sports Network) - Vijay Singh carded a three-under 69 on Sunday to hang on for the title at the 84 Lumber Classic.	CONTRADICTION
2003	This example is World	London, England (Sports Network) - Arsenal stretched its unbeaten run to 45 games in a controversial 3-0 win at Fulham Saturday. Fulham outplayed heavily favored Arsenal for much of the first half, and appeared 	CONTRADICTION
2004	This example is Sports	&lt;strong&gt;HP World&lt;/strong&gt; Free Alpha upgrades to stem defections	CONTRADICTION
2005	This example is Business	Bronx, NY (Sports Network) - Half of the scheduled doubleheader between the New York Yankees and Tampa Bay was postponed Monday after the Devil Rays had trouble leaving Florida because of Hurricane Frances.	CONTRADICTION
2006	This example is Sci/Tech	College field hockey: Sweet Briar at Nichols, 10 a.m.; Salve Regina at Regis, 11 a.m.; UMass-Dartmouth at Bridgewater St., 11 a.m.; Assumption at AIC, 11 a.m.; Middlebury at Colby, 11 a.m.; Conn. College at Wesleyan, 11 a.m.; Amherst at Bowdoin, 11:30 a.m.; URI at Yale, noon; Penn at Dartmouth, noon; Salem St. at Fitchburg St., noon; Trinity at Williams, noon; ...	CONTRADICTION
2007	This example is World	Chicago, IL (Sports Network) - William T.  quot;Billy quot; Reay, the winningest coach in the history of the Chicago Blackhawks, passed away on Thursday afternoon in Madison, Wisconsin.	CONTRADICTION
2008	This example is Sci/Tech	Oakland, CA (Sports Network) - The Orlando Magic activated forward Pat Garrity from the injured list on Friday and placed forward Brandon Hunter on the IL with a hyperextended right elbow.	CONTRADICTION
2009	This example is Sci/Tech	 STARKVILLE, Mississippi (Sports Network) - The NCAA  Wednesday placed Mississippi State on probation for four years  because of football recruiting violations.	CONTRADICTION
2010	This example is Sci/Tech	Notre Dame players will vote on Wednesday whether to play in the Insight Bowl in Phoenix, SportsLine.com has learned. In light of the firing of coach Ty Willingham, the players have yet to determine if they are emotionally ready to play in the Dec.	CONTRADICTION
2011	This example is World	 FARMINGTON, Penn. (Sports Network) - Tiger Woods announced  that he will not play in this week's 84 Lumber Classic due to  fatigue.	CONTRADICTION
2012	This example is Business	PC World - Here's what was good-looking, butt-ugly, and just plain annoying at the recent consumer electronics and home theater show.	CONTRADICTION
2013	This example is Sci/Tech	CBC SPORTS ONLINE - The Toronto Raptors extended the defending NBA champion Detroit Pistons to overtime but to little avail, losing 90-86 and Vince Carter to injury.	CONTRADICTION
2014	This example is Business	Tampa, FL (Sports Network) - Tampa Bay inked former Buc and Super Bowl MVP Dexter Jackson on Tuesday to add depth to its suddenly-thin safety position.	CONTRADICTION
2015	This example is Sci/Tech	 NEW YORK (Sports Network) - Portland Trail Blazers head  coach Maurice Cheeks was fined \$7,500 by the league on Monday  for his behavior during this past Friday's game against Utah.	CONTRADICTION
2016	This example is World	CHAMPAIGN -- ESPN #39;s Jay Bilas said Deron Williams, the Big Ten #39;s Preseason Player of the Year, wouldn #39;t rank in the top 10 in the ACC.	CONTRADICTION
2017	This example is Business	NORMAN, Okla. (Sports Network) - Jason White threw for three touchdowns and Adrian Peterson ran for 146 yards with a score, leading second-ranked Oklahoma to a 28-13 victory over Texas Tech at Memorial Stadium.	CONTRADICTION
2018	This example is Sci/Tech	 NEW ORLEANS (Sports Network) - New Orleans Hornets guard  Baron Davis is expected to be sidelined one-to-two weeks  because of a lower back injury.	CONTRADICTION
2019	This example is Sci/Tech	Ames, IA (Sports Network) - Former Iowa State standout wrestler Cael Sanderson has joined the school as an assistant for the upcoming season.	CONTRADICTION
2020	This example is Sci/Tech	PC World - Intel-based PCs are shipping now and AMD systems with the technology are on the way.	CONTRADICTION
2021	This example is Sci/Tech	Toronto, ON (Sports Network) - Allen Iverson had 32 points, six rebounds and four assists in 27 minutes of action, as the Philadelphia 76ers edged the Toronto Raptors, 99-97.	CONTRADICTION
2022	This example is World	(Sports Network) - A possible National League Division Series preview will take center stage this evening in St. Louis, as the MLB-best Cardinals host the Los Angeles Dodgers for the opener of a their three-game set at Busch Stadium.	CONTRADICTION
2023	This example is Business	BASEBALL Arizona (NL): Placed C Koyie Hill on the 15-day DL; purchased contract of C Chris Snyder from El Paso (Texas League). Baltimore (AL): Placed OF Larry Bigbie and 2B-OF Jerry Hairston on the 15-day DL; recalled OF Darnell McDonald from Ottawa (IL); purchased contract of OF Val Majewski from Bowie (EL). Houston (NL): Placed P Andy Pettitte on the ...	CONTRADICTION
2024	This example is Business	Houston, TX (Sports Network) - Third-seeded Lleyton Hewitt humbled eighth- seeded Gaston Gaudio 6-2, 6-1 on Friday to secure a spot in the semifinals at the 2004 Tennis Masters Cup.	CONTRADICTION
2025	This example is Business	 SOUTH BEND, Ind. (Sports Network) - The University of Notre  Dame announced Tuesday that Tyrone Willingham will not be  retained as the head football coach for 2005. The school has  scheduled a news conference for 4 p.m. EST.	CONTRADICTION
2026	This example is Sci/Tech	CBC SPORTS ONLINE - Free-agent pitcher Woody Williams rejoined the San Diego Padres more than three years after he was traded away.	CONTRADICTION
2027	This example is World	 GREENVILLE, N.C. (Sports Network) - East Carolina head  football coach John Thompson announced his resignation,  effective at the end of the season, on Wednesday.	CONTRADICTION
2028	This example is World	Athens, Greece (Sports Network) - American Jeremy Wariner led the United States to a sweep of the medals in the men #39;s 400 meter sprint Monday night at the Olympics.	CONTRADICTION
2029	This example is Business	(Sports Network) - The New York Yankees can clinch a playoff berth tonight, and they can do it with a pitcher who is still unbeaten this year.	CONTRADICTION
2030	This example is Sci/Tech	NEW YORK (Sports Network) - The Tampa Bay Devil Rays aren #39;t scheduled to arrive in New York City until nearly 6:00 pm Monday, leaving their scheduled doubleheader with the Yankees in the air.	CONTRADICTION
2031	This example is Business	SPACE.com - UPDATE: Story first posted 6:49 a.m. ET, November 16, \2004	CONTRADICTION
2032	This example is Business	By RONALD BLUM AP Sports Writer. either pick up his option or not, it #39;s up to them. Jon wants to remain a. on first baseman Travis Lee and their 2006 option on reliever Paul Quantrill.	CONTRADICTION
2033	This example is Business	Bronx, NY (Sports Network) - Ken Caminiti, who won the National League MVP in 1996 and later admitted to using steroids during his playing career, passed away on Sunday due to an apparent heart attack.	CONTRADICTION
2034	This example is Business	Moscow, Russia (Sports Network) - Russia and France cruised into the Fed Cup final Thursday, completing 5-0 shutouts over opponents Austria and Spain after taking commanding early leads in the semifinals.	CONTRADICTION
2035	This example is World	DURHAM, North Carolina (Sports Network) - Alvin Pearman ran for 223 yards and a touchdown on 38 carries and Wali Lundy added two touchdown runs to lead 14th-ranked Virginia to a 37-16 win over Duke in the Atlantic Coast Conference at Wallace Wade Stadium.	CONTRADICTION
2036	This example is Business	Chattanooga, TN (Sports Network) - Justin Rascati and Maurice Fenner each ran for two touchdowns to lead the James Madison Dukes over the Montana Grizzlies, 31-21, in the Division I-AA championship game at Finley Stadium.	CONTRADICTION
2037	This example is Sports	PC World - A high-capacity cigar, keys to the Internet, disc repair tools, Bluetooth add-on kit, and more.	CONTRADICTION
2038	This example is Business	Raleigh, NC (Sports Network) - Andrew Brackman scored 16 of his 20 points in the second half to lead 12th-ranked North Carolina State to a hard-fought 78-72 win over Louisiana-Lafayette at the RBC Center.	CONTRADICTION
2039	This example is World	CBC SPORTS ONLINE - Tommy Kane, the Montreal native who played wide receiver in the NFL and CFL, pleaded guilty to manslaughter Tuesday in connection with the death of his former wife.	CONTRADICTION
2040	This example is Business	 KANSAS CITY, Mo., (Sports Network) - Kansas City Chiefs  running back Priest Holmes is questionable for Sunday's game  against Houston because of a sprained ankle.	CONTRADICTION
2041	This example is World	London, England (Sports Network) - In Sunday #39;s only Premiership match, Bolton Wanderers moved back into the league #39;s fourth position after beating Newcastle United 2-1.	CONTRADICTION
2042	This example is World	San Diego, CA (Sports Network) - Adrian Beltre recorded three hits and two runs scored to lead the Los Angeles Dodgers to a 9-6 victory over the San Diego Padres in the finale of a three-game series at Petco Park.	CONTRADICTION
2043	This example is World	San Jose, CA (Sports Network) - San Jose State head football coach Fitz Hill announced his resignation, effective at season #39;s end.	CONTRADICTION
2044	This example is Business	Philadelphia, PA (Sports Network) - Southern California and Oklahoma remained the top two teams in the Bowl Championship Series standings, while Miami- Florida and Florida State plummeted in the rankings after suffering surprising road losses on Saturday.	CONTRADICTION
2045	This example is Business	Sports India, Cricket: Jaipur, Nov 15 : The Board of Control for Cricket in India (BCCI) is yet to get a formal communication from the international cricket body on the two-Test suspension of skipper Sourav Ganguly, an official said Monday.	CONTRADICTION
2046	This example is Sci/Tech	Dallas, TX (Sports Network) - The Dallas Mavericks signed free agent Avery Johnson on Thursday, bringing the guard back to the team for which he played during parts of 2002 and 2003.	CONTRADICTION
2047	This example is Business	Torino, Italy (Sports Network) - Juventus served notice of its intentions Tuesday, acquiring Italian national team captain Fabio Cannavaro and talented Swedish striker Zlatan Ibrahimovic.	CONTRADICTION
2048	This example is World	Athens, Greece (Sports Network) - Brazil #39;s Ricardo Sanos and Emanuel Rego won their country #39;s first-ever gold medal in men #39;s beach volleyball Wednesday night with a straight set victory over Javier Bosma and Pablo Herrera of Spain.	CONTRADICTION
2049	This example is Business	Miami, FL (Sports Network) - Former Dolphins running back Ricky Williams was ordered by an arbitrator Friday to pay a huge sum of money to Miami, which filed a grievance against the star after he retired just prior to training camp this season.	CONTRADICTION
2050	This example is World	Evanston, IL (Sports Network) - Northwestern head football coach Randy Walker was hospitalized with an undisclosed illness before a Monday press conference.	CONTRADICTION
2051	This example is Business	CBC SPORTS ONLINE - Vijay Singh officially supplanted Tiger Woods as the world #39;s finest golfer, earning PGA player of the year honours on Monday.	CONTRADICTION
2052	This example is World	CBC SPORTS ONLINE - The Montreal Expos might be able to teach the Florida Marlins a thing or two about playing baseball at neutral venues.	CONTRADICTION
2053	This example is World	Gainesville, FL (Sports Network) - Steve Spurrier will not coach the Florida Gators again after he withdrew his name from consideration in the process to select a new head football coach at the university.	CONTRADICTION
2054	This example is World	Birmingham, England (Sports Network) - West Bromwich Albion coach Gary Megson will not re-sign with the club when his contract runs out on June 30, 2005.	CONTRADICTION
2055	This example is Sci/Tech	 GAINESVILLE, Fla. (Sports Network) - Steve Spurrier will  not coach the Florida Gators again after he withdrew his name  from consideration in the process to select a new head football  coach at the university.	CONTRADICTION
2056	This example is World	CBC SPORTS ONLINE - Peyton Manning threw for a career-high 472 yards and five touchdowns on 25-of-44 passing, but his last-ditch comeback attempt ended with an interception in the end zone in the closing minutes as Kansas City outlasted Indianapolis 45-35 	CONTRADICTION
2057	This example is Business	Los Angeles, CA (Sports Network) - Karl Dorrell, head football coach at UCLA, agreed to a two-year contract extension Friday that will keep him at the school through the 2010 season.	CONTRADICTION
2058	This example is Sci/Tech	PC World - IPod Photo won't play songs purchased from Real.	CONTRADICTION
2059	This example is Business	(Sports Network) - Barry Bonds can join the exclusive 700 club tonight, as the San Francisco Giants begin a three-game series versus the Milwaukee Brewers at Miller Park.	CONTRADICTION
2060	This example is World	Detroit, MI (Sports Network) - The Detroit Tigers exercised the 2005 contract option on closer Ugueth Urbina on Friday. Urbina finished 4-6 with a 4.50 ERA and 21 saves in 54 outings during 2004, his first 	CONTRADICTION
2061	This example is Sci/Tech	San Francisco, CA (Sports Network) - The San Francisco Giants have scheduled a news conference prior to Tuesday night #39;s game against Houston at which time the club is expected to announce that Barry Bonds will remain under contract through the 2006 season 	CONTRADICTION
2062	This example is Sci/Tech	Flushing Meadows, NY (Sports Network) - The men #39;s semifinals at the 2004 US Open will be staged on Saturday, with three of the tournament #39;s top-five seeds ready for action at the USTA National Tennis Center.	CONTRADICTION
2063	This example is Business	CBC SPORTS ONLINE - The spectre of an eighth straight loss was enough to spur the Toronto Raptors to a stunning 96-90 upset win over the visiting Minnesota Timberwolves at the Air Canada Centre.	CONTRADICTION
2064	This example is World	Nashville, TN (Sports Network) - Edgerrin James ran for 124 yards and scored a pair of fourth-quarter touchdowns to lift the Indianapolis Colts to a 31-17 victory over the Tennessee Titans at The Coliseum.	CONTRADICTION
2065	This example is Business	Miami, FL (Sports Network) - Bryce Molder and Tim Wilkinson each fired rounds of seven-under-par 64 on Thursday to share the lead during the suspended first round of the Miccosukee Championship.	CONTRADICTION
2066	This example is Business	The Mavericks are 4-3 on the road this season...The Spurs have won 18 straight regular-season home games dating back to last year...Dallas had a season-low eight assists. San Antonio, TX (Sports Network) - Tim 	CONTRADICTION
2067	This example is World	CBC SPORTS ONLINE - Just hours after Justin Gatlin stunned the world by winning Olympic gold in the 100 metres, his coach made a surprise admission on Sunday, revealing he was the anonymous source that sparked a doping investigation that rocked the world 	CONTRADICTION
2068	This example is World	Philadelphia, PA (Sports Network) - The Philadelphia Eagles announced Saturday that cornerback Lito Sheppard and defensive tackle Sam Rayburn each signed contract extensions that will keep both players in the fold through the 2011 season.	CONTRADICTION
2069	This example is World	West Palm Beach, FL (Sports Network) - Tom Lehman will be named the United States Ryder Cup captain for the 2006 matches, according to The Palm Beach Post.	CONTRADICTION
2070	This example is Business	CBC SPORTS ONLINE - Seattle Seahawks wide receiver Jerry Rice became the most prolific offensive player in NFL history on Monday night.	CONTRADICTION
2071	This example is Business	Detroit, MI (Sports Network) - The Detroit Red Wings Tuesday re-signed center Steve Yzerman to a one-year contract. Financial terms were not disclosed.	CONTRADICTION
2072	This example is Sci/Tech	 CHARLOTTE, North Carolina (Sports Network) - The Charlotte  Bobcats signed free agent shooting guard Steve Smith on  Thursday.	CONTRADICTION
2073	This example is Business	 GREEN BAY, Wis. (Sports Network) - Green Bay Packers  quarterback Brett Favre is listed as probable for Monday's game  against Tennessee after the three-time MVP missed most of the  second half of last week's game because of a concussion.	CONTRADICTION
2074	This example is Business	Buenos Aires, Argentina (Sports Network) - Marcelo Bielsa resigned as Argentina #39;s coach on Tuesday, despite leading his country to the final of Copa America and to an Olympic triumph this summer.	CONTRADICTION
2075	This example is Sci/Tech	Pro baseball: Red Sox vs. Toronto at Fenway Park, 7 p.m.; Atlantic League -- Nashua vs. Camden at Holman Stadium, Nashua, 6:30 p.m.; International League -- Pawtucket vs. Buffalo at McCoy Stadium, Pawtucket, R.I., 7 p.m.; Eastern League: Portland vs. New Britain at Hadlock Field, Portland, Maine, 7 p.m.; Northeast League -- Brockton vs. New Haven at Campanelli Stadium, Brockton, ...	CONTRADICTION
2076	This example is Sports	PC World - Internet telephony application balks on IPaq and Axim Pocket PC devices.	CONTRADICTION
2077	This example is Sci/Tech	 COLUMBUS, Ohio (Sports Network) - Ohio State athletic  director Andy Geiger announced a one-year contract extension  for men's head basketball coach Thad Matta as a direct result  of the school imposing a ban on postseason play for 2004-05.	CONTRADICTION
2078	This example is Sci/Tech	Landover, MD (Sports Network) - Rudi Johnson rushed for 102 yards and a score, Carson Palmer threw a touchdown pass and the Cincinnati Bengals became the fourth straight team to win in Washington, beating the Redskins 17-10 at FedEx Field.	CONTRADICTION
2079	This example is World	San Francisco, CA (Sports Network) - San Francisco 49ers starting quarterback Tim Rattay is listed as questionable for Sunday #39;s game against the Chicago Bears with a forearm injury.	CONTRADICTION
2080	This example is World	CBC SPORTS ONLINE - The Anaheim Angels exercised catcher Bengie Molina #39;s contract option on Monday, but not that of pitcher Ramon Ortiz.	CONTRADICTION
2081	This example is Sci/Tech	Athens, Greece (Sports Network) - China dropped the first two sets, but rallied for a victory over Russia in the women #39;s volleyball gold medal match.	CONTRADICTION
2082	This example is World	Birmingham, England (Sports Network) - West Bromwich Albion hired former player Bryan Robson to be their new head coach Tuesday. Robson, 47, began his playing career with West Brom in 1974 and made 249 appearances for the club.	CONTRADICTION
2083	This example is Sci/Tech	 VIERA, Florida (Sports Network) - On the day Major League  Baseball owners delayed the vote to finalize the move of the  Expos to Washington, DC, the club on Thursday signed manager  Frank Robinson to a one-year contract.	CONTRADICTION
2084	This example is World	 NEW YORK (Sports Network) - New York Yankees pitcher Kevin  Brown, who suffered a broken left hand Friday night when he  punched a wall after his start against the Baltimore Orioles,  could be lost for the remainder of the 2004 season.	CONTRADICTION
2085	This example is Business	WOOLWORTHS has cemented its advantage in the tussle for Australian Leisure and Hospitality, less than an hour before it would have ceded victory to Coles Myer.	CONTRADICTION
2086	This example is Sci/Tech	London, England (Sports Network) - Arsenal defender Sol Campbell will be out another three weeks as he is struggling to recover from an Achilles injury.	CONTRADICTION
2087	This example is Sci/Tech	Madrid, Spain (Sports Network) - The United States and Spain will play their 2004 Davis Cup final on a clay court at Olympic Stadium in Seville, from December 3-5.	CONTRADICTION
2088	This example is Sports	NEW YORK (CBS.MW) -- Boeing Co. #39;s third-quarter earnings rose 78 percent on higher sales of communications equipment to the US military and better commercial aircraft profits.	CONTRADICTION
2089	This example is World	" CHARLOTTE, N.C. (Sports Network) - Carolina Panthers  running back Stephen Davis will miss his seventh game of the  season on Sunday when the club travels west to face the San  Francisco 49ers. Davis was officially listed as ""out"" on  Friday's injury report."	CONTRADICTION
2090	This example is World	Sports India, Cricket: Dhaka, Dec 8 : A 15-member Indian cricket squad Wednesday arrived here amidst tight security to play two Tests and three one-day internationals against Bangladesh.	CONTRADICTION
2091	This example is Business	CBC SPORTS ONLINE - Veteran cornerback Charles Woodson re-signed Tuesday with the Oakland Raiders, ending his lengthy holdout. Woodson, 27, inked a one-year contract reportedly worth \$8.	CONTRADICTION
2092	This example is Sci/Tech	Sports India: Tokyo, Oct 10 : Michael Schumacher on his Ferrari breezed to a sixth victory of the Japanese Grand Prix in Suzuka Sunday.	CONTRADICTION
2093	This example is Sci/Tech	Richmond, VA (Sports Network) - Ryan Newman earned the pole for Saturday night #39;s Chevy Rock  amp; Roll 400. The No.12 Penske Dodge circled the 0.750-mile Richmond International Raceway short track in 20.	CONTRADICTION
2094	This example is Sci/Tech	Oxford, MS (Sports Network) - John Daly #39;s wife, Sherrie Miller Daly, pleaded guilty to a federal money laundering charge on Friday and will await sentencing.	CONTRADICTION
2095	This example is World	 OAKLAND, Calif., (Sports Network) - Travis Niesen scored a  career-high 26 points, Kyle Bailey added 20 and Santa Clara  shocked No. 4 North Carolina with a 77-66 victory in a Pete  Newell Challenge game at The Arena.	CONTRADICTION
2096	This example is World	Seoul, Korea (Sports Network) - Wimbledon champion Maria Sharapova was an easy quarterfinal winner Friday at the \$140,000 Korea Open Tennis Championships.	CONTRADICTION
2097	This example is Sci/Tech	HOUSTON, United States : World number one Roger Federer outlasted Marat Safin in a tie-breaker that matched the longest in tennis history to book a date against Lleyton Hewitt in the ATP Masters Cup final.	CONTRADICTION
2098	This example is World	Miami,FL (Sports Network) - The Florida Marlins released reliever Billy Koch on Tuesday, while catcher Ramon Castro opted for free agency.	CONTRADICTION
2099	This example is Sci/Tech	CBC SPORTS ONLINE - US Open champion Retief Goosen was the only winner on a rainy opening day of the World Match Play Championship on Thursday, beating Jeff Maggert by a record 12 and 11.	CONTRADICTION
2100	This example is World	USATODAY.com - Too tired to take batting practice, the bleary-eyed Minnesota Twins milled around the Metrodome just hours after another postseason rally by the New York Yankees evened their American League Division Series at one game each.	CONTRADICTION
2101	This example is World	 NASHVILLE, Tenn. (Sports Network) - Tennessee quarterback  Steve McNair is questionable for Sunday's home game against  Jacksonville with a chest injury. McNair missed the Titans'  last two games with a bruised sternum.	CONTRADICTION
2102	This example is Business	Houston, TX (Sports Network) - Brett Favre engineered three scoring drives in the fourth quarter, the final one ending with a 46-yard field goal by Ryan Longwell as time expired, to lift the Green Bay Packers to a 16-13 victory over the Houston Texans.	CONTRADICTION
2103	This example is World	Tallahassee, FL (Sports Network) - Florida State quarterback Chris Rix will miss at least two weeks with a sprained right ankle. Rix suffered the injury during the first quarter of last Saturday #39;s 41-22 victory against Clemson.	CONTRADICTION
2104	This example is Sci/Tech	 BOSTON (Sports Network) - Boston Red Sox ace Curt Schilling  underwent surgery Tuesday to repair a ruptured flexor tendon in  his right ankle.	CONTRADICTION
2105	This example is Business	World number one and defending champion Vijay Singh was stalking joint leaders Tom Lehman and Briny Baird after the third round of the \$4.	CONTRADICTION
2106	This example is World	Liverpool, England (Sports Network) - Liverpool will take the field Saturday against Norwich without the familiar face of captain Steven Gerrard there to guide them.	CONTRADICTION
2107	This example is Sci/Tech	London, England (Sports Network) - Jaguar Racing made the announcement on Friday that it would no longer be competing in the series at the end of the 2004 season.	CONTRADICTION
2108	This example is World	Atlanta, GA (Sports Network) - The Atlanta Hawks signed free agent Kevin Willis on Wednesday, nearly a decade after the veteran big man ended an 11- year stint with the team.	CONTRADICTION
2109	This example is Sci/Tech	London, England (Sports Network) - Chelsea #39;s 4-1 win over West Bromwich on Saturday afternoon allowed the Blues to move even on points with Arsenal atop the Premiership table.	CONTRADICTION
2110	This example is Business	London, England (Sports Network) - According to Formula One boss Bernie Ecclestone, the British Grand Prix will be left off next year #39;s Formula One Grand Prix Schedule.	CONTRADICTION
2111	This example is Sports	Blackguard: Merriam-Webster defines this archaic noun as  quot;scoundrel. quot; Now the US Securities and Exchange Commission might be placing just such a label on Hollinger International #39;s (nyse: HLR - news - people ) former chief executive, Conrad Black, and his 	CONTRADICTION
2112	This example is Sci/Tech	Knoxville, TN (Sports Network) - James Wilhoit atoned for a missed extra point by kicking a 50-yard field goal in the closing seconds to lift No.	CONTRADICTION
2113	This example is Business	Sports India, Cricket: New Delhi, Dec 10 : For a person, who bowled fast before switching to leg-spin, Anil Kumble has travelled a long way to become India #39;s top wicket taker in Tests Friday taking his 435th scalp against Bangladesh.	CONTRADICTION
2114	This example is Sci/Tech	ORCHARD PARK, NY (Sports Network) - Willis McGahee ran for 132 yards and a touchdown to lead the Buffalo Bills to a 22-17 victory over the New York Jets at Ralph Wilson Stadium.	CONTRADICTION
2115	This example is Business	Seattle, WA (Sports Network) - The Seattle Mariners announced prior to Wednesday #39;s game against Cleveland that first baseman/designated hitter Bucky Jacobsen will undergo surgery next week, ending the rookie #39;s 2004 campaign.	CONTRADICTION
2116	This example is World	Southampton, England (Sports Network) - Southampton midfielder Fabrice Fernandes was sentenced Wednesday in a case involving drunken driving.	CONTRADICTION
2117	This example is Sports	PC World - Wega TVs, Vaio systems, DVD recorders and camcorder highlight HD product lineup.	CONTRADICTION
2118	This example is Sci/Tech	PC World - Boxlight Raven's black chassis matches the Xbox.	CONTRADICTION
2119	This example is World	Bremen, Germany (Sports Network) - Bayern Munich exacted some revenge Saturday afternoon with a 2-1 win over defending Bundesliga champions Werder Bremen.	CONTRADICTION
2120	This example is Business	"MacCentral - IDG World Expo has announced ""Macworld After Dark,"" a free concert sponsored by Playlist Magazine scheduled to take place on Wednesday, January 12, 2005. The event happens right after the end of the day's events at Macworld Conference  amp; Expo, from 6:00 PM to 8:00 PM, at the Moscone Center, the site of the Expo. It's open to all registered Expo attendees."	CONTRADICTION
2121	This example is Business	PC World - BTX technology cools down the company's new 700GR desktop.	CONTRADICTION
2122	This example is Business	Seattle, WA (Sports Network) - The Seattle Mariners have reportedly found a replacement for Bob Melvin and are scheduled to name Mike Hargrove manager.	CONTRADICTION
2123	This example is World	Boston, MA (Sports Network) - Curt Schilling won his seventh straight start and became baseball #39;s first 20-game winner, leading the Boston Red Sox past the Tampa Bay Devil Rays, 11-4 at Fenway Park.	CONTRADICTION
2124	This example is Sci/Tech	Indianapolis, IN (Sports Network) - Indiana Pacers center Jeff Foster was activated from the injured list Tuesday. He had missed the first 17 games of the season after undergoing hip surgery in October.	CONTRADICTION
2125	This example is Business	Cleveland, OH (Sports Network) - Cleveland Cavaliers assistant coach Mark Osowski passed away Sunday due to complications from pancreatitis, the team announced Monday afternoon.	CONTRADICTION
2126	This example is World	Sports India, Cricket Birmingham, Sep 15 : Pakistan Wednesday steamrolled minnows Kenya by seven wickets in a Pool C match of the Champions Trophy at Edgbaston to set up an exciting and decisive clash with India Sunday.	CONTRADICTION
2127	This example is Business	CBC SPORTS ONLINE - Major League Baseball players and owners are currently meeting to hammer out a deal that would toughen rules on steroid testing in baseball.	CONTRADICTION
2128	This example is Sci/Tech	FLUSHING, NY, (Sports Network) - The New York Mets are bringing Willie Randolph across town from the Bronx to be their 18th manager.	CONTRADICTION
2129	This example is Sci/Tech	It #39;s easy to spot ESPN NFL 2K5 on the shelf: It #39;s the one that #39;s \$20, making it the least expensive sports video game available for PlayStation2 and Xbox.	CONTRADICTION
2130	This example is Business	Washington, DC (Sports Network) - Professional baseball appears ready to make a return to the nation #39;s capital, as an announcement could come later this week that the Montreal Expos will be relocated to Washington, DC for the 2005 season.	CONTRADICTION
2131	This example is Sci/Tech	Athens -- What a far cry this is from Sydney for Marion Jones. Comparatively speaking, these are the Olympics Lite, a few days of action and no hint of huge things.	CONTRADICTION
2132	This example is Business	CBC SPORTS ONLINE - Another Olympic medallist has been stripped of a medal after failing a doping test. Russia #39;s Irina Korzhanenko will lose her shot put gold medal after testing positive for the steroid stanozolol 	CONTRADICTION
2133	This example is World	(Sports Network) - The Milwaukee Bucks continued to struggle on Wednesday, as they dropped a 101-100 decision to the Boston Celtics at the FleetCenter.	CONTRADICTION
2134	This example is World	New York, NY (Sports Network) - Pistons forward Antonio McDyess was fined \$5,000 Wednesday for kicking a basketball into the crowd during Detroit #39;s season-opening win over the Houston Rockets.	CONTRADICTION
2135	This example is Sci/Tech	Athens, Greece (Sports Network) - The first taekwondo medals of the Athens Games were awarded Thursday night in the men #39;s and women #39;s flyweight division, and Taiwan captured both golds.	CONTRADICTION
2136	This example is World	Kansas City, MO (Sports Network) - Trent Green threw for 389 yards with three touchdowns and Priest Holmes ran for 143 yards with three scores, leading the Kansas City Chiefs to a 45-35 victory over the Indianapolis Colts in another shootout at Arrowhead 	CONTRADICTION
2137	This example is Business	 TALLAHASSEE, Fla. (Sports Network) - Florida State and West  Virginia will meet in the Gator Bowl on New Year's Day.	CONTRADICTION
2138	This example is Sports	World News Kathmandu, Sep 23 : Nepal remained torn between hope and doubt, awaiting a response from the Maoist insurgents as the government said it would send a formal proposal to them to hold peace talks.	CONTRADICTION
2139	This example is Business	Boston, MA (Sports Network) - If you can #39;t beat  #39;em, join  #39;em. That #39;s exactly what free agent shortstop Edgar Renteria did on Wednesday by agreeing to a four-year deal with the Boston Red Sox.	CONTRADICTION
2140	This example is Sci/Tech	Houston, TX (Sports Network) - Gerry Hunsicker has announced his resignation as general manager of the Houston Astros. Tim Purpura, who had been serving as the assistant general manager, has been named the new GM of the team.	CONTRADICTION
2141	This example is Sports	PC World - Desktop features BTX motherboard for improved airflow.	CONTRADICTION
2142	This example is Sports	FOXBORO, Mass. -- In a game only a mudder could love, leave it to Corey Dillon to be the workhorse the Patriots needed on a down and dirty type of afternoon in rainy New England.	CONTRADICTION
2143	This example is Business	MAUI, Hawaii (Sports Network) - Jeff Horner posted 27 points while Pierre Pierce added 18 points, seven rebounds and seven assists, as the Iowa Hawkeyes defeated a ranked team for the second night in a row with an 82-80 victory over No.	CONTRADICTION
2144	This example is Business	Berea, OH (Sports Network) - Cleveland Browns quarterback Jeff Garcia will miss the remainder of the season after being placed on injured reserve Monday with a knee injury.	CONTRADICTION
2145	This example is Business	CBC SPORTS ONLINE - Swiss star Roger Federer captured his 10th tennis title of the year by defeating Andy Roddick in the Thailand Open final Sunday in Bangkok.	CONTRADICTION
2146	This example is Business	CBC SPORTS ONLINE - There could be more curling medals handed out at the 2010 Vancouver Winter Olympics, if a World Curling Federation proposal is accepted.	CONTRADICTION
2147	This example is Business	Australia #39;s  #39;Mr Soccer #39; Johnny Warren has announced he will be visiting Tumut later this month as part of his tireless campaign to promote the world game at grass roots level.	CONTRADICTION
2148	This example is Business	PC World - Cost of ownership savings range from 19 percent to 36 percent over three years.	CONTRADICTION
2149	This example is Business	Herkimer, NY (Sports Network) - Former Pittsburgh Steelers offensive lineman Justin Strzelczyk was killed in a collision with a tanker truck after leading police on a highway chase for 40 miles in upstate New York Thursday morning.	CONTRADICTION
2150	This example is Sci/Tech	 ENGLEWOOD, Colorado (Sports Network) - Denver Broncos  running back Quentin Griffin will miss the remainder of the  season after being placed on injured reserve Wednesday with a  knee injury.	CONTRADICTION
2151	This example is World	Provo, UT (Sports Network) - Brigham Young University has scheduled a news conference for Wednesday afternoon at which time head football coach Gary Crowton will be fired.	CONTRADICTION
2152	This example is World	 MEMPHIS, Tennessee (Sports Network) - The Memphis Grizzlies  didn't take long to match the Cleveland Cavaliers' offer sheet  given to center Jake Tsakalidis.	CONTRADICTION
2153	This example is Sci/Tech	CBC SPORTS ONLINE - The Detroit Pistons begin defending their title on Tuesday when they kick off another NBA season with a home game against the Houston Rockets.	CONTRADICTION
2154	This example is Sci/Tech	(IsraelNN.com) A report by the World Bank indicates that the implementation of Prime Minister Sharon #39;s disengagement/expulsion plan could lead to increased Arab violence against Israel.	CONTRADICTION
2155	This example is Business	CBC SPORTS ONLINE - If Eric Williams and Aaron Williams are tough on the boards and have a magic potion to win on the road, they #39;ll be an instant hit with Toronto Raptors fans.	CONTRADICTION
2156	This example is Sci/Tech	Chandler, AZ (Sports Network) - Chris Nallen closed with a one-under 71 on Sunday, but it was more than enough to win the Gila River Golf Classic.	CONTRADICTION
2157	This example is Business	 CINCINNATI (Sports Network) - The Cincinnati Reds announced  at a Tuesday afternoon press conference that they will not be  re-signing veteran shortstop Barry Larkin for 2005.	CONTRADICTION
2158	This example is Sci/Tech	NEW YORK (Sports Network) - Texas Rangers relief pitcher Frank Francisco was suspended for the rest of the 2004 season Friday by Major League Baseball after tossing a chair into the stands and hitting two fans in the head earlier this week.	CONTRADICTION
2159	This example is World	 ST. LOUIS (Sports Network) - Derek Lowe has allowed just  two hits as Boston jumped on St. Louis early and still leads  3-0 after six innings in Game 4 of the 2004 World Series.	CONTRADICTION
2160	This example is Sci/Tech	 SEATTLE (Sports Network) - The University of Washington has  named Tyrone Willingham its new head football coach. The school  will have a press conference at 2 p.m. (et) Monday to introduce  him.	CONTRADICTION
2161	This example is World	 NEW YORK (Sports Network) - NBA vice president Stu Jackson  Wednesday handed out suspensions for four players involved in a  fight during Monday's preseason game between the Washington  Wizards and Chicago Bulls.	CONTRADICTION
2162	This example is Business	BROOKLYN, Mich. (SportsTicker) - Greg Biffle took over the lead with 17 laps left and held off teammate Mark Martin to win the NASCAR Nextel Cup Series GFS Marketplace 400 at Michigan International Speedway on Sunday.	CONTRADICTION
2163	This example is Sci/Tech	World News: Bangkok, Oct 19 : Suspected avian influenza virus claimed 23 tigers in a private zoo in Thailand, officials said here Tuesday.	CONTRADICTION
2164	This example is Sports	Reuters - World oil prices ticked up from a\three-month low on Monday as traders looked for OPEC to take\action to stem a slide which knocked 14 percent off crude\prices last week.	CONTRADICTION
2165	This example is Business	OCTOBER 04, 2004 (COMPUTERWORLD) - The turmoil surrounding PeopleSoft Inc. and the uncertainty about its future both increased another notch on Friday after the software vendor announced that its board had 	CONTRADICTION
2166	This example is World	Chicago, IL (Sports Network) - The Chicago White Sox hired former major leaguer Tim Raines as the club #39;s first base/baserunning coach on Monday.	CONTRADICTION
2167	This example is World	London, England (Sports Network) - The English Football Association #39;s referees committee has suspended Andy D #39;Urso for 28 days, retroactive to August 27 and ending September 23.	CONTRADICTION
2168	This example is Business	 NEW YORK (Sports Network) - Los Angeles Clippers forward  Elton Brand was suspended Tuesday for one game by the NBA for  shoving Charlotte's Emeka Okafor during the fourth quarter of  Monday night's game.	CONTRADICTION
2169	This example is World	Wake improved to 6-1 in the Preseason NIT...The Demon Deacons beat George Washington on Monday in its first game as the No. 1 team...This was the first- ever meeting between the two schools. New York, NY (Sports 	CONTRADICTION
2170	This example is World	Valencia, Spain (Sports Network) - Valencia missed a chance to gain ground on La Liga leaders Barcelona on Saturday night. The struggling Valencia squad did not take advantage, as they finished in a 1-1 draw with Atletico Madrid at the Mestalla.	CONTRADICTION
2171	This example is Business	Norman, OK (Sports Network) - Nebraska offensive lineman Darren DeLone Friday was charged with aggravated assault and battery for injuring a member of the University of Oklahoma #39;s spirit group before last Saturday #39;s game.	CONTRADICTION
2172	This example is Sci/Tech	 BOSTON (Sports Network) - If you can't beat 'em, join 'em.  That's exactly what free agent shortstop Edgar Renteria did on  Wednesday by agreeing to a four-year deal with the Boston Red  Sox.	CONTRADICTION
2173	This example is World	CBC SPORTS ONLINE - The Los Angeles Lakers activated fifth-year veteran Slava Medvedenko from the injured list for Wednesday #39;s game at Memphis.	CONTRADICTION
2174	This example is Business	 quot;Take Me Out, quot; which opens Wednesday at the Seattle Repertory Theatre, is about baseball. Playwright Richard Greenberg is a baseball fan.	CONTRADICTION
2175	This example is Sci/Tech	Manhattan, KS (Sports Network) - Kansas State guard Dez Willingham will not return to the men #39;s basketball team for the upcoming season.	CONTRADICTION
2176	This example is World	Palermo, Italy (Sports Network) - Top-seeded and defending champion Nicolas Massu of Chile advanced, but third-seeded Spaniard Fernando Verdasco and sixth- seeded Spaniard Rafael Nadal were not as fortunate Wednesday at the clay-court Palermo 	CONTRADICTION
2177	This example is Sci/Tech	CBC SPORTS ONLINE - A Missouri woman was acquitted of charges she helped NHL player Mike Dantion hire a hit man in a failed plot to kill his agent.	CONTRADICTION
2178	This example is Business	(Sports Network) - The NL East champion Atlanta Braves aim for their fourth straight victory as they start a three-game series versus the New York Mets tonight at Turner Field.	CONTRADICTION
2179	This example is Business	Surrey, England (Sports Network) - Ernie Els battled to a 1-up win Friday in the quarterfinals of the HSBC World Match Play Championship to move closer to his sixth title at this event.	CONTRADICTION
2180	This example is Business	College field hockey: Tufts at Wheaton, 3:30 p.m.; Smith at Elms, 4 p.m. College soccer: Men -- St. Michael's at Middlebury, 2:30 p.m.; Southern Maine at UNew England, 3 p.m.; UMass-Boston at Emerson, 3:30 p.m.; Husson at Maine Maritime, 7 p.m.	CONTRADICTION
2181	This example is Sci/Tech	 LOGAN, Utah (Sports Network) - Brent Guy, a former Utah  State assistant, has been named the 25th head coach of the  Aggies.	CONTRADICTION
2182	This example is Sci/Tech	 DETROIT (Sports Network) - Five members of the Indiana  Pacers and five Detroit Pistons fans are expected to be charged  Wednesday in the November 19 brawl that took place at The  Palace of Auburn Hills.	CONTRADICTION
2183	This example is Business	Boston, MA (Sports Network) - Tim Wakefield pitched eight strong innings to lead the Boston Red Sox to a 6-1 victory over the Detroit Tigers and a sweep of the four-game series at Fenway Park.	CONTRADICTION
2184	This example is Business	PC World - Slim Dimension desktop features an 8-in-1 memory card reader.	CONTRADICTION
2185	This example is Sci/Tech	Rome, Italy (Sports Network) - AC Milan must improve its play in order to repeat last season #39;s Serie A triumph. So far the Rossoneri have four points after three matches, but have conceded an alarming four goals.	CONTRADICTION
2186	This example is Business	 PHILADEPHIA (Sports Network) - Saint Joseph's University  extended the contract of men's basketball coach Phil Martelli  on Thursday. Financial terms of the deal were not disclosed,  but the new contract will keep Martelli on Hawk Hill through at  least the 2011-12 season.	CONTRADICTION
2187	This example is World	Houston, TX (Sports Network) - Reigning world No. 1 Roger Federer and former top-ranked star Lleyton Hewitt will meet in a blockbuster  quot;Red Group quot; round- robin match Wednesday at the ATP #39;s season-ending Tennis Masters Cup.	CONTRADICTION
2188	This example is Sci/Tech	(Sports Network) - Things did not go exactly as planned for the defending NFC champs on Monday night. Opening the season in front of a raucous home crowd against the Green Bay Packers, Carolina looked nothing 	CONTRADICTION
2189	This example is World	Flushing Meadows, NY (Sports Network) - When the United States meets Belarus in their Davis Cup semifinal later this month, former world No.	CONTRADICTION
2190	This example is World	Kansas City, MO (Sports Network) - St. Louis Rams starting cornerback Travis Fisher suffered a broken arm during the first half of the team #39;s 24-7 preseason loss to the Kansas City Chiefs Monday night.	CONTRADICTION
2191	This example is Business	Eden Prairie, MN (Sports Network) - One day after being upgraded to doubtful, Minnesota Vikings wide receiver Randy Moss has been listed as out for Sunday #39;s game against the Green Bay Packers due to a right hamstring injury.	CONTRADICTION
2192	This example is Business	 LOS ANGELES (Sports Network) - Rick Majerus has reportedly  accepted an offer to be the new head basketball coach at  Southern California.	CONTRADICTION
2193	This example is Sci/Tech	OAKLAND, Calif. (Sports Network) - Travis Niesen scored a career-high 26 points, Kyle Bailey added 20 and Santa Clara shocked No. 4 North Carolina with a 77-66 victory in a Pete Newell Challenge game at The Arena.	CONTRADICTION
2194	This example is Sci/Tech	 CHICAGO (Sports Network) - After much speculation, the  Chicago Bears officially signed quarterback Jeff George to a  one-year contract on Monday.	CONTRADICTION
2195	This example is Sci/Tech	 ATLANTA (Sports Network) - The Atlanta Hawks signed free  agent Kevin Willis on Wednesday, nearly a decade after the  veteran big man ended an 11- year stint with the team.	CONTRADICTION
2196	This example is Sci/Tech	AUGUST 18, 2004 (COMPUTERWORLD) - Despite four years in production and an investment of millions of dollars, Ford Motor Co. is pulling the plug on a major procurement software system built around Oracle Corp. #39;s 11i E-Business Suite of applications. 	CONTRADICTION
2197	This example is Sci/Tech	Nashville, TN (Sports Network) - Tennessee Titans wide receiver Tyrone Calico is expected to undergo surgery Thursday on his injured left knee.	CONTRADICTION
2198	This example is World	Sports science has allowed athletes to prepare for this Olympiad using technology beyond their predecessors' wildest dreams.	CONTRADICTION
2199	This example is Business	Darlington, SC (Sports Network) - Jimmie Johnson captured the 55th and final running of the Southern 500 at the Darlington Raceway.	CONTRADICTION
2200	This example is Sci/Tech	Cincinnati, OH (Sports Network) - Cincinnati Bengals quarterback Carson Palmer missed the second half of Thursday #39;s practice while receiving treatment for back spasms.	CONTRADICTION
2201	This example is World	Tokyo, Japan (Sports Network) - Japan #39;s baseball players have decided to go on strike for the first time in the 70-year history of the sport in that nation.	CONTRADICTION
2202	This example is Sci/Tech	CBC SPORTS ONLINE - Star pitcher Pedro Martinez confirmed on Tuesday that he #39;s leaving the Boston Red Sox to join the New York Mets.	CONTRADICTION
2203	This example is Business	What: MIAA Division 2A Super Bowl. Where: Curry College in Milton. When: Saturday at 4:15 p.m. Last meeting: Schools have never met.	CONTRADICTION
2204	This example is World	AP - There's the GMAC Bowl, the Emerald Bowl and the Champs Sports Bowl. And there's the Continental Tire Bowl and the Insight Bowl and the MPC Computers Bowl.	CONTRADICTION
2205	This example is World	 PHILADELPHIA (Sports Network) - Southern California and  Oklahoma remained the top two teams in the Bowl Championship  Series standings, while Auburn is still No. 3 but closing in on  the coveted second slot.	CONTRADICTION
2206	This example is World	Cadiz, Spain (Sports Network) - Ian Poulter parred the first hole of a playoff on Sunday to win the Volvo Masters Andalucia over Ryder Cup teammate Sergio Garcia at Valderrama Golf Club.	CONTRADICTION
2207	This example is Sci/Tech	Athens, Greece (Sports Network) - American Paul Hamm will get to keep his gold medal for the all-around competition, even though the International Gymnastics Federation announced the suspension of three judges for a scoring error that would have given 	CONTRADICTION
2208	This example is World	 TAMPA, Fla. (Sports Network) - Tyler Palko threw for a  career-high 411 yards and five touchdowns, leading 19th-ranked  Pittsburgh to a 43-14 drubbing of South Florida at Raymond  James Stadium.	CONTRADICTION
2209	This example is World	CBC SPORTS ONLINE - The Houston Astros aren #39;t pitching future Hall of Famer Roger Clemens or 20-game-winner Roy Oswalt in Game 1 of the National League Championship Series.	CONTRADICTION
2210	This example is World	 KIRKLAND, Wash. (Sports Network) - Seattle Seahawks  defensive end Grant Wistrom will miss the next four-to-six  weeks due a fracture in his left knee.	CONTRADICTION
2211	This example is World	 EDEN PRAIRIE, Minn., (Sports Network) - The Minnesota  Vikings suffered a major blow on Wednesday when the club placed  right tackle Mike Rosenthal and tight end Jim Kleinsasser on  injured reserve, ending both players season.	CONTRADICTION
2212	This example is Sports	World News  gt; London, Sept 30 : The Tony Blair government has allowed the Gurkhas in the British Army to settle in the UK and gain British citizenship.	CONTRADICTION
2213	This example is World	PORTSCHACH, Austria: Thunder, lightning and incessant rain delayed the start of the Davis Cup World Group play-off tie between Austria and Great Britain.	CONTRADICTION
2214	This example is Sci/Tech	College hockey: MEN -- Wentworth at Suffolk, 6 p.m.; Boston College at Harvard, 7 p.m.; New Hampshire at Merrimack, 7 p.m.; AIC at Holy Cross, 7:30 p.m.; WOMEN -- Harvard at Brown, 7 p.m.	CONTRADICTION
2215	This example is Sci/Tech	CBC SPORTS ONLINE - Daniel Nestor and partner Mark Knowles on Friday battled their way to a fourth championship appearance of the tennis season.	CONTRADICTION
2216	This example is World	CBC SPORTS ONLINE - Halifax will remain as the host city for the men #39;s university basketball championships for the next three years.	CONTRADICTION
2217	This example is Sci/Tech	Foxboro, MA (Sports Network) - Tom Brady went 18-of-26 for 260 yards with two touchdowns to lead New England to a 35-28 win over Cincinnati at Gillette Stadium.	CONTRADICTION
2218	This example is Business	 SOUTH BEND, Ind. (Sports Network) - Charlie Weis was  introduced as the new head football coach at Notre Dame on  Monday and said he intends to bring the program back to  national prominence.	CONTRADICTION
2219	This example is World	The chips are stacked so high that it #39;s becoming difficult to see the dealer. Boyd Gaming (NYSE: BYD) is on a roll. Its stock has doubled since February, and its most recent earnings have exceeded expectations.	CONTRADICTION
2220	This example is Business	London, England (Sports Network) - Everything seems to be working lately for Jose Mourinho and Chelsea. Nothing changed Saturday at Stamford Bridge against Newcastle United.	CONTRADICTION
2221	This example is Sports	PC World - Software giant will follow court orders and comply with EU's demands if necessary.	CONTRADICTION
2222	This example is World	 DENVER (Sports Network) - Colorado terminated the contract  of pitcher Denny Neagle on Monday, three days after he was  ticketed for soliciting a women for oral sex.	CONTRADICTION
2223	This example is World	Elmont. NY (Sports Network) - Belmont Stakes winner Birdstone has been retired because of a bone chip in his left front ankle. The announcement was made on Wednesday by the husband of owner Marylou Whitney.	CONTRADICTION
2224	This example is Business	New Haven, CT (Sports Network) - Seventh-seeded Elena Bovina defeated eighth- seeded Nathalie Dechy of France in three sets Saturday to win the championship at the \$585,000 Pilot Pen Tennis event -- a final US Open tune-up.	CONTRADICTION
2225	This example is World	The brawl that erupted last week at a basketball game has exposed the weakness of a common assumption: that anger can be treated almost as if it were an infection.	CONTRADICTION
2226	This example is Sports	Internet-service provider Earthlink Inc. on Tuesday launched a service that enables high-speed subscribers to make unlimited voice calls through their computers at no additional charge.	CONTRADICTION
2227	This example is World	Charlotte, NC (Sports Network) - Ahman Green scored three touchdowns, Brett Favre passed for 143 yards and Green Bay took advantage of two key second- half turnovers to win its season opener, 24-14, over the defending NFC champion Carolina Panthers.	CONTRADICTION
2228	This example is Sports	Hurricane Frances ripped hundreds of panels from NASA #39;s huge space shuttle assembly hangar and officials feared Monday that another powerful tropical storm heading toward Florida could slow down the return of manned space flights.	CONTRADICTION
2229	This example is Business	 PHOENIX (Sports Network) - The Arizona Diamondbacks have  fired newly-hired manager Wally Backman and are expected to  replace him with Bob Melvin, according to a published report.	CONTRADICTION
2230	This example is Business	East Rutherford, NJ (Sports Network) - The New Jersey Nets have signed head coach Lawrence Frank to a multi-year contract extension.	CONTRADICTION
2231	This example is Business	Denver, CO (Sports Network) - Colorado Rockies pitcher Denny Neagle was arrested early Friday for allegedly paying a woman \$40 for oral sex, the Rocky Mountain News reported.	CONTRADICTION
2232	This example is Sci/Tech	Beijing, China (Sports Network) - Top-seeded American Serena Williams and Wimbledon winner Maria Sharapova of Russia both posted second-round wins Wednesday and moved into the quarterfinals at the inaugural \$585,000 China Open.	CONTRADICTION
2233	This example is World	Eden Prairie, MN (Sports Network) - The Minnesota Vikings added some much- needed depth to its secondary on Tuesday by signing veterans Terrance Shaw and Ralph Brown.	CONTRADICTION
2234	This example is Business	Washington, DC (Sports Network) - Owners voted 29-1 on Friday to approve the proposed move of the Montreal Expos to Washington for the 2005 season.	CONTRADICTION
2235	This example is Business	 SEATTLE (Sports Network) - Marshawn Lynch rushed for 121  yards and scored three touchdowns to lead No. 5 California to a  42-12 victory over Washington Saturday at Husky Stadium. Aaron  Rodgers threw a pair of touchdown passes for the Golden Bears  (8-1, 6-1 Pac-10), who are having their best season in 13  years.	CONTRADICTION
2236	This example is World	CBC SPORTS ONLINE - Pau Gasol agreed to a multiyear contract extension with the Memphis Grizzlies on Friday.  quot;We are delighted to reach a contract agreement with Pau, quot; Jerry West, the Grizzlies #39; president of basketball operations, said Friday.	CONTRADICTION
2237	This example is Business	 ASHBURN, Va. (Sports Network) - San Francisco 49ers head  coach Dennis Erickson will remain with the team after  discussing the head coaching vacancy at Ole Miss with school  officials on Tuesday.	CONTRADICTION
2238	This example is World	Sun City, South Africa (Sports Network) - Ernie Els and Retief Goosen, the No. 3 and 4 players in the world, posted rounds of two-under-par 70 on Thursday to grab a share of the lead after one round of the Nedbank Golf Challenge.	CONTRADICTION
2239	This example is Sci/Tech	Columbia, SC (Sports Network) - The University of South Carolina has scheduled a news conference for 1 pm (et) Tuesday when it is expected to announce that Steve Spurrier will take over as the school #39;s new head football coach.	CONTRADICTION
2240	This example is World	WEST PALM BEACH, Fla. (Sports Network) -- The ADT Championship, which tees off Thursday, is the grand finale to the 2004 LPGA season.	CONTRADICTION
2241	This example is Business	College basketball: MEN -- Harbor Invitational at Dorchester, 1 and 3 p.m.; Northeastern at Harvard, 2 p.m.; MIT at Suffolk, 2 p.m.; WOMEN -- Wagner at BU, 1 p.m.; Dartmouth at Fairfield, 1 p.m.; Hartford at Central Conn., 2 p.m.; BC at UMass, 4 p.m.	CONTRADICTION
2242	This example is Sci/Tech	TEMPE, Ariz. - Arizona Cardinals running back Emmitt Smith will miss 2-3 weeks with a toe injury, ESPN reported Monday. And that #39;s not the only change in the starting lineup for the Cards.	CONTRADICTION
2243	This example is Sci/Tech	DECEMBER 13, 2004 (COMPUTERWORLD) - Now that IBM plans to sell its PC division to Beijing-based Lenovo Group Ltd., the big question is whether the companies can keep users from defecting to other vendors -- which would put IBM #39;s once standard-setting PCs 	CONTRADICTION
2244	This example is World	Hempstead, NY (Sports Network) - New York Jets wide receiver Santana Moss is questionable for Sunday #39;s game against San Francisco because of a hamstring injury.	CONTRADICTION
2245	This example is World	CBC SPORTS ONLINE - Pitcher Jason Grimsley is lost to the Baltimore Orioles until next June at the earliest after undergoing  quot;Tommy John quot; surgery Wednesday.	CONTRADICTION
2246	This example is Sports	ORLANDO (Florida): World number one and defending champion Vijay Singh was stalking joint leaders Tom Lehman and Briny Baird after the third round of the Funai Classic at the Walt Disney Resort on Saturday.	CONTRADICTION
2247	This example is World	Charleston, SC (Sports Network) - Andy Roddick and Mardy Fish each posted singles victories Friday to give the United States a 2-0 lead over Belarus in their best-of-five Davis Cup semifinal.	CONTRADICTION
2248	This example is Sci/Tech	Memphis, TN (Sports Network) - Mike Fratello returned to the NBA coaching ranks Thursday when the Memphis Grizzlies selected the former Atlanta Hawks and Cleveland Cavaliers coach as their new head coach.	CONTRADICTION
2249	This example is Business	The University of New Hampshire's impressive 51-40 road victory over 10th-ranked Villanova Saturday night vaulted the Wildcats three spots to ninth in this week's Sports Network 1-AA football poll, while dropping Villanova to 14th.	CONTRADICTION
2250	This example is Sci/Tech	Glasgow, Scotland (Sports Network) - Celtic jumped back to the top of the Scottish Premier League table with a 2-1 win over Hibernian at Celtic Park.	CONTRADICTION
2251	This example is Sci/Tech	Motorsport.com. The hotly contested Champ Car World series concludes the years competition today as nineteen drivers will determine the outcome of what has been the most thrilling season in recent memory.	CONTRADICTION
2252	This example is World	Pro baseball: Red Sox vs. Texas at Fenway Park, 1 p.m.; International League: Pawtucket vs. Rochester at McCoy Stadium, Pawtucket, R.I., 6 p.m.; Eastern League: Portland vs. New Hampshire at Hadlock Field, Portland, Maine, 6 p.m.; Atlantic League: Nashua vs. Newark at Holman Stadium, Nashua, 6:30 p.m.; Northeast League: Brockton at Bangor, 6:30 p.m.; Eastern League: Altoona at New Britain, ...	CONTRADICTION
2253	This example is World	TODAY COLLEGE BASKETBALL/MEN 7 p.m. -- Harvard at Colgate, WRCA (1330) 10 p.m. -- Alabama-Birmingham at Oklahoma St., ESPN2 PRO BASKETBALL 8 p.m. -- Philadelphia at Chicago, ESPN 10:30 p.m. -- Portland at Utah, ESPN COLLEGE FOOTBALL 7 p.m. -- Division 1-AA Tournament semifinal: James Madison at William  amp; Mary, ESPN2 GOLF 9 a.m. -- PGA European Dunhill Championship (second ...	CONTRADICTION
2254	This example is World	The Brain wrote last week about get ting a free credit re port. I know my credit is good, so why should I care? -- Good credit Consumer advocates are urging Americans to take advantage of the new service.	CONTRADICTION
2255	This example is World	Athens, Greece (Sports Network) - The US women #39;s basketball team continued its impressive play at the Olympics, pulling away from previously-unbeaten Spain for a 71-58 victory on Friday. 	CONTRADICTION
2256	This example is Business	TODAY AUTO RACING 2:30 p.m. -- NASCAR Busch Series Mr. Goodcents 300 qualifying at Kansas City, Kan., Speed Channel 4:10 p.m. -- NASCAR Nextel Cup Banquet 400 qualifying at Kansas City, Kan., Speed Channel 1 a.m. -- Japanese Grand Prix qualifying at Suzuka, Speed Channel PRO BASEBALL 4 p.m. -- AL Division Series: Red Sox vs. Anaheim at Fenway Park ...	CONTRADICTION
2257	This example is World	Hempstead, NY (Sports Network) - New York Jets quarterback Chad Pennington made it through a full practice Wednesday for the first time in nearly a month as he seeks to return from a rotator cuff injury.	CONTRADICTION
2258	This example is World	CBC SPORTS ONLINE - Delonte West of the Boston Celtics is sidelined indefinitely because of a broken right hand. West, 21, suffered the injury during the second quarter of Sunday #39;s 106-104 setback at Miami.	CONTRADICTION
2259	This example is Sci/Tech	New York, NY (Sports Network) - With no sign that the lockout of its players will end in the near future, the National Hockey League has cancelled the 2005 All-Star Game.	CONTRADICTION
2260	This example is World	Columbia, MO (Sports Network) - The Missouri basketball program has been placed on probation for three years and will face limits on recruiting, scholarships and official visits for violating NCAA rules.	CONTRADICTION
2261	This example is Business	Immerse yourself in the World of Warcraft, released simultaneously by Blizzard for both Mac and PC and get ready to play one of the years most anticipated games, released simultaneously for Mac and PC. Dec 03	CONTRADICTION
2262	This example is Business	Wolfsburg, Germany (Sports Network) - Wolfsburg #39;s magical start to the season is fading fast as the club lost for the third time in four matches Saturday, 3-2 against Hertha Berlin.	CONTRADICTION
2263	This example is Business	Arlington, TX (Sports Network) - The three Texas Rangers relievers involved in last Monday #39;s altercation with fans in Oakland had their suspension reduced one game each by the league Wednesday.	CONTRADICTION
2264	This example is Business	Minneapolis, MN (Sports Network) - The Minnesota Twins announced Wednesday that the club has reached an agreement with free-agent catcher Mike Redmond on a two-year contract.	CONTRADICTION
2265	This example is Business	St. Petersburg, FL (Sports Network) - Tampa Bay Devil Rays centerfielder Rocco Baldelli is scheduled to undergo knee surgery on Friday.	CONTRADICTION
2266	This example is World	Foxboro, MA (Sports Network) - Tom Brady threw for a pair of scores and Corey Dillon ran for 94 yards, as the New England Patriots set an NFL record with their 19th consecutive victory in a 24-10 triumph over the winless Miami Dolphins at Gillette Stadium 	CONTRADICTION
2267	This example is World	London, England (Sports Network) - Captain John Terry signed a fresh contract with Chelsea Tuesday that will keep him with the club until 2009.	CONTRADICTION
2268	This example is World	Philadelphia, PA (Sports Network) - The Philadelphia Flyers Thursday agreed to a two-year contract extension with veteran forward Sami Kapanen. Financial terms were not disclosed. 	CONTRADICTION
2269	This example is World	CBC SPORTS ONLINE - It was sloppy game for Team Canada at the Four Nations Tournament, but Danielle Goyette saved the day. The 38-year-old veteran scored with just 1:16 left in the third period to lift her 	CONTRADICTION
2270	This example is Business	CBC SPORTS ONLINE - Mikko Eloranta #39;s goal late in the third period helped Finland prevent an embarrassing quarter-final loss to Germany in World Cup play in Helsinki on Monday.	CONTRADICTION
2271	This example is Business	 MIAMI (Sports Network) - Add the marquee showdown between  fifth-ranked Florida State and No. 6 Miami-Florida to the list  of sporting events postponed by Hurricane Frances.	CONTRADICTION
2272	This example is Sports	World champion Michael Schumacher won the Japanese Grand Prix to give his Ferrari team a record-tying 15th victory in 17 Formula One races this year.	CONTRADICTION
2273	This example is Sci/Tech	AMES, IA -- Here is a quarter-by-quarter summary of the Cyclones #39; 31-point loss to Texas A amp;M Saturday night at Jack Trice Stadium.	CONTRADICTION
2274	This example is Business	Philadelphia, PA (Sports Network) - The Philadelphia Phillies re-signed righthander Cory Lidle to a two-year deal worth \$6.3 million Tuesday.	CONTRADICTION
2275	This example is Business	Chicago, IL (Sports Network) - Mike Hampton pitched six solid innings and added a two-run homer to lead Atlanta to a 5-4 win over Chicago in the opener of a three-game series at Wrigley Field.	CONTRADICTION
2276	This example is World	 PHOENIX (Sports Network) - The Arizona Diamondbacks made a  big splash in the free-agent market on Thursday by signing  third baseman Troy Glaus to a four-year contract.	CONTRADICTION
2277	This example is Business	 ATLANTA (Sports Network) - Baltimore Ravens star running  back Jamal Lewis was not in the court room for his arraignment  on Friday, but pleaded not guilty through his lawyers on drug  charges.	CONTRADICTION
2278	This example is World	The dot-bomb survivor is down to its last \$700,000. Also: Viacom partners with a second Chinese media company   hellip;. Boeing downplays the speed of the airplane market's recovery   hellip;. and more.	CONTRADICTION
2279	This example is Sci/Tech	Chicago, IL (Sports Network) - The Cleveland Cavaliers activated forward/center Scott Williams from the injured list on Wednesday.	CONTRADICTION
2280	This example is Sci/Tech	Manchester, England (Sports Network) - Manchester United striker Ruud van Nistelrooy picked up a hip injury while playing for Holland in a World Cup qualifier Wednesday.	CONTRADICTION
2281	This example is Business	World #39;s largest software maker #39;s best-selling game for Xbox video console -- Halo 2-- has leaked onto the Internet nearly four weeks before its planned sale date.	CONTRADICTION
2282	This example is Business	Marseille, France (Sports Network) - French power Marseille have reached an  quot;agreement in principal quot; for Philippe Troussier to become its new head coach.	CONTRADICTION
2283	This example is Business	Manchester, England (Sports Network) - England beat Wales 2-0 Saturday in an intense World Cup qualifier at Old Trafford. The victory was bittersweet for England as captain David Beckham fractured a rib late in the win.	CONTRADICTION
2284	This example is Sci/Tech	CBC SPORTS ONLINE - San Francisco 49ers linebacker Julian Peterson will undergo season-ending surgery Tuesday on his torn left Achilles #39; tendon.	CONTRADICTION
2285	This example is World	 EAST RUTHERFORD, NJ (Sports Network) - New Jersey guard  Jason Kidd practiced with the team for the first time since  undergoing knee surgery in July and he could be on the court  Monday.	CONTRADICTION
2286	This example is World	1. KURT BUSCH. He has posted 12 straight top-15 finishes, including six straight top-10 finishes. He is coming off a fifth-place finish at Martinsville, Va.	CONTRADICTION
2287	This example is Sci/Tech	Eden Prairie, MN (Sports Network) - Minnesota Vikings center Matt Birk is hampered with possibly another hernia and is expected to miss Sunday #39;s game against the Jacksonville Jaguars.	CONTRADICTION
2288	This example is Sports	PC World - Company's ND-3500A drive is not just for OEMs anymore.	CONTRADICTION
2289	This example is Business	New York, NY (Sports Network) - Los Angeles Clippers forward Elton Brand was suspended Tuesday for one game by the NBA for shoving Charlotte #39;s Emeka Okafor during the fourth quarter of Monday night #39;s game.	CONTRADICTION
2290	This example is Sci/Tech	Glasgow, Scotland (Sports Network) - Rangers and Aberdeen finished up weekend play in the Scottish Premier League on Sunday at Ibrox.	CONTRADICTION
2291	This example is World	TORONTO (Sports Network) - Chris Bosh netted 18 points and Loren Woods compiled 17 points and a career-high 14 rebounds as Toronto put together a 101-89 victory over Detroit at the Air Canada Center.	CONTRADICTION
2292	This example is Business	PC World - Stream movies to your PC or download them to your TiVo by 2005.	CONTRADICTION
2293	This example is World	(Sports Network) - The Boston Celtics got their season off on a losing note on Wednesday, as they dropped a 98-95 decision to the Philadelphia 76ers at the FleetCenter.	CONTRADICTION
2294	This example is Sci/Tech	World champion Michael Schumacher arrived in Shanghai on Wednesday, along with a host of other Formula One stars, as preparations got underway for the debut of the Chinese Grand Prix.	CONTRADICTION
2295	This example is Sports	PC World - Upcoming chip set will support 802.11a, b, and g networks.	CONTRADICTION
2296	This example is Sci/Tech	OCTOBER 15, 2004 (COMPUTERWORLD) - Microsoft Corp. #39;s move to a monthly patch-release cycle one year ago this month has made it easier to install security updates for Windows and other products, IT managers said this week -- even as they were greeted with 	CONTRADICTION
2297	This example is Business	 NEW YORK (Sports Network) - The National Football League  handed down \$10,000 fines on Tuesday to linebacker Joey Porter  of the Steelers and running back William Green of the Browns  for their parts in a pre-game fight this past Sunday.	CONTRADICTION
2298	This example is Sci/Tech	 KAUAI, Hawaii (Sports Network) - Reigning U.S. Open  champion Retief Goosen shot a seven-under-par 65 on Tuesday to  take the lead after the opening round of the PGA Grand Slam of  Golf.	CONTRADICTION
2299	This example is Sci/Tech	Sporting News #39; Ken Rosenthal has learned that the Houston Astros will reassign general manager Gerry Hunsicker within the organization and elevate Tim Purpura to the GM position.	CONTRADICTION
2300	This example is Sports	SEPTEMBER 06, 2004 (COMPUTERWORLD) - The next major Windows release, code-named Longhorn, is due to arrive so far into the future that many corporate users aren #39;t particularly bothered by Microsoft Corp.	CONTRADICTION
2301	This example is Business	Manchester, England (Sports Network) - Manchester United has temporarily ended talks with Tampa Bay Buccaneers owner Malcolm Glazer over a possible takeover.	CONTRADICTION
2302	This example is Sci/Tech	South Bend, IN (Sports Network) - Tyrone Willingham admitted he was surprised at his sudden firing as Notre Dame head coach, but at a news conference Wednesday took blame for the Irish #39;s shortcomings in his three seasons.	CONTRADICTION
2303	This example is Business	PC World - 71-inch HDTV comes with a home stereo system and components painted in 24-karat gold.	CONTRADICTION
2304	This example is World	Sports India, Cricket: Chennai, Oct 17 : Damien Martyn cracked his eighth Test century on the fourth day of the second Test at MA Chidambaram Stadium here Sunday to help Australia set India a target of 229 to win the match.	CONTRADICTION
2305	This example is Business	CBC SPORTS ONLINE - Gerry Hunsicker has decided to step down as general manager of the Houston Astros after nine years on the job.	CONTRADICTION
2306	This example is Business	 FORT WORTH, Texas (Sports Network) - Oklahoma quarterback  Jason White was one of three finalists announced Tuesday for  the Davey O'Brien Award as the nation's top quarterback.	CONTRADICTION
2307	This example is Business	 CHICAGO, (Sports Network) - The Chicago Bears are expected  to sign quarterback Jeff George on Monday.	CONTRADICTION
2308	This example is Business	(Sports Network) - Jason Schmidt once again goes for his 16th victory tonight when the wild card-hopeful San Francisco Giants conclude a three-game series with the Colorado Rockies at SBC Park.	CONTRADICTION
2309	This example is Sci/Tech	 SOUTH BEND, Ind., (Sports Network) - The University of  Notre Dame has named New England Patriots assistant Charlie  Weis its 28th football coach. Weis, who will the fired Tyrone  Willingham, will be introduced at a press conference Monday at  11 a.m. (et).	CONTRADICTION
2310	This example is Sci/Tech	Worldwide Restaurant Concepts sounds like a company that is putting itself up for sale.	CONTRADICTION
2311	This example is Business	 MEMPHIS, Tenn. (Sports Network) - Mike Fratello returned to  the NBA coaching ranks Thursday when the Memphis Grizzlies  selected the former Atlanta Hawks and Cleveland Cavaliers coach  as their new head coach.	CONTRADICTION
2312	This example is Business	The European Union has broken international trade rules by subsidizing sugar producers, the World Trade Organization ruled Friday.	CONTRADICTION
2313	This example is World	SPACE.com - Wednesday, Sept. 22 marks what scientists call the fall equinox in the Northern \  Hemisphere, when night and day are of equal length and cooler weather is on \  the way -- if it hasn't already arrived.	CONTRADICTION
2314	This example is World	 PITTSBURGH (Sports Network) - The Pittsburgh Pirates agreed  to terms Thursday with closer Jose Mesa on a one-year contract,  with a club option for 2006.	CONTRADICTION
2315	This example is Sci/Tech	PC World - Xine media player takes advantage of video accelerators in Via chipsets.	CONTRADICTION
2316	This example is Sci/Tech	Paris, France (Sports Network) - Paris Saint Germain suffered an embarrassing home draw to St. Etienne Sunday, 2-2. PSG is winless in four games so far this season, and has only earned draws against two promoted squads.	CONTRADICTION
2317	This example is Business	WORLD No.1 Roger Federer put on a punishing display of power tennis to defeat Lleyton Hewitt 6-0 7-6 (7-3) 6-0 in the US Open men #39;s final today.	CONTRADICTION
2318	This example is World	(Sports Network) - The Boston Red Sox acquired pitcher Curt Schilling in the offseason so they would be able to experience the jubilation of finally winning a World Series for the first time since 1918.	CONTRADICTION
2319	This example is Business	St. Louis, MO (Sports Network) - Offensive tackle Orlando Pace ended his holdout by signing a one-year, \$7.02 million contract with the St.	CONTRADICTION
2320	This example is Sci/Tech	FRIDAY COLLEGE BASKETBALL/MEN 7:30 p.m. -- Memphis at Purdue, ESPN2 PRO BASKETBALL 7:30 p.m. -- Celtics vs. Toronto at the FleetCenter, FSN, WWZN (1510) 8 p.m. -- Detroit at San Antonio, ESPN 10:30 p.m. -- Indiana at Sacramento, ESPN BOXING 9:30 p.m. -- Friday Night Fights at Atlantic City: Rocky Juarez vs. Guty Espadas Jr. (featherweights), ESPN2 GOLF 1:30 p.m. ...	CONTRADICTION
2321	This example is Sports	PC World - Updated antivirus software for businesses adds intrusion prevention features.	CONTRADICTION
2322	This example is Sci/Tech	Munich, Germany (Sports Network) - Claudio Pizarro returned from injury and scored twice in Bayern Munich #39;s 2-0 win over Bundesliga leaders Wolfsburg.	CONTRADICTION
2323	This example is Sci/Tech	Atlanta, GA (Sports Network) - The Atlanta Hawks signed free agent forward/center Jelani McCoy on Monday and waived forward Anthony Miller.	CONTRADICTION
2324	This example is Business	The Fortress Sports Fund, set up to acquire a 40 percent stake in English soccer club Everton for \$36.4 million, said Monday that neither Russian pulp magnate Boris Zingarevich nor his son Anton had invested money in the fund.	CONTRADICTION
2325	This example is Business	 NEW YORK (Sports Network) - The NFL handed down fines to 15  players involved in a scuffle between the Minnesota Vikings and  Chicago Bears on Sept. 26.	CONTRADICTION
2326	This example is Sci/Tech	Pittsburgh, PA (Sports Network) - Pittsburgh Steelers running back Duce Staley missed his fourth straight game Sunday with a bruised hamstring, but Jerome  quot;The Bus quot; Bettis ran for 100 yards and a score in Pittsburgh #39;s 16-7 victory over Washington.	CONTRADICTION
2327	This example is World	New York, NY (Sports Network) - Indianapolis Colts quarterback Peyton Manning headlines the AFC Players of the Month for November.	CONTRADICTION
2328	This example is Business	 MADISON, Wisconsin (Sports Network) - Anthony Davis ran for  122 yards and two touchdowns to lead No. 6 Wisconsin over  Northwestern, 24-12, to celebrate Homecoming weekend at Camp  Randall Stadium.	CONTRADICTION
2329	This example is World	Pro baseball: Texas vs. Red Sox at Fenway Park, 7 p.m.; International League -- Rochester vs. Pawtucket at McCoy Stadium, Pawtucket, R.I., 7 p.m.	CONTRADICTION
2330	This example is Sci/Tech	London, England (Sports Network) - Not much was expected from Everton this season, especially after the departure of star striker Wayne Rooney to Manchester United.	CONTRADICTION
2331	This example is Business	BASEBALL Boston (AL): Activated P Scott Williamson from the 60-day disabled list; designated INF Earl Snyder for assignment. Houston (NL): Activated P Dan Miceli from the 15-day DL.	CONTRADICTION
2332	This example is World	BASEBALL Cincinnati (NL): Announced P Mike Matthews and P Aaron Myette refused outright assignment to Louisville (IL). Cleveland (AL): Declined to pick up the option on SS Omar Vizquel. Montreal (NL): Released P Dan Smith. Pittsburgh (NL): Released P Nelson Figueroa.	CONTRADICTION
2333	This example is Business	PC World - Anti-spyware company had granted another company rights to its software.	CONTRADICTION
2334	This example is Sports	PC World - PC and home theater make sleek package, while new portable music devices abound.	CONTRADICTION
2335	This example is World	NEW YORK Sept. 3, 2004 - Kevin Brown #39;s frustrating season finally reached a boiling point, and now his hot temper could cost the New York Yankees at the most important time.	CONTRADICTION
2336	This example is Business	Motorsport.com. The Contract Recognition Board (CRB) hearing of the Jenson Button/BAR/Williams case has been adjourned until October 16th.	CONTRADICTION
2337	This example is Business	Indianapolis, IN (Sports Network) - The Indiana Pacers try to win their second straight game tonight, as they host Kevin Garnett and the Minnesota Timberwolves in the third of a four-game homestand at Conseco Fieldhouse.	CONTRADICTION
2338	This example is Business	SPORTS NETWORK - The Cleveland Indians on Friday agreed to a one-year contract with reliever Bob Howry. Howry, who was eligible for salary arbitration, went 4-2 with a 2.74 earned-run average in 37 games this past season.	CONTRADICTION
2339	This example is Business	World number one Roger Federer thumped second-ranked Andy Roddick in straight sets 6-4, 6-0 to win the Thailand Open in Bangkok on Sunday.	CONTRADICTION
2340	This example is Business	CBC SPORTS ONLINE - After spending the last seven seasons with the New York Mets, Al Leiter was feeling a little nostalgic. Leiter signed a one-year contract with the Florida Marlins, a team he helped lead to a World Series title in 1997.	CONTRADICTION
2341	This example is Sci/Tech	Inverness, Scotland (Sports Network) - Rangers squandered a chance to return to the top of the table Sunday as it was held at Inverness, 1-1.	CONTRADICTION
2342	This example is World	Livingston, Scotland (Sports Network) - Livingston hired former Scotland and Rangers defender Richard Gough to be its new head coach on Tuesday.	CONTRADICTION
2343	This example is Sci/Tech	Eindhoven, the Netherlands (Sports Network) - American winger DaMarcus Beasley scored his second Eredivisie goal during PSV Eindhoven #39;s 3-0 win over FC Groningen on Saturday.	CONTRADICTION
2344	This example is Sci/Tech	St. Louis, MO (Sports Network) - Hector Luna tripled and scored the winning run on Reggie Sanders #39; pinch-hit single in the 11th inning, as the St.	CONTRADICTION
2345	This example is World	 EAST ST. LOUIS, Ill. (Sports Network) - Former St. Louis  Blues forward Mike Danton has been sentenced to 7 1/2 years in  prison for concocting a murder-for-hire plot against his agent.	CONTRADICTION
2346	This example is Business	Sports India, Cricket: Nagpur, Oct 24 : Master blaster Sachin Tendulkar has said that he had prepared himself well for the Nagpur test by undergoing intense practice sessions over the last three-four days.	CONTRADICTION
2347	This example is Business	Miami, FL (Sports Network) - Mike Lowell #39;s contract with the Florida Marlins is no longer contingent on the team getting a new stadium.	CONTRADICTION
2348	This example is Sci/Tech	Matt Gutierrez will start at quarterback for the University of Michigan on Saturday against Miami (Ohio). It #39;s right up there with  quot;dog bites man quot; on the surprise scale.	CONTRADICTION
2349	This example is World	London, England (Sports Network) - Disappointing Porto will meet a confident Chelsea side led by its former coach at Stamford Bridge on Wednesday as Matchday 2 continues.	CONTRADICTION
2350	This example is Business	 ORLANDO, Fla. (Sports Network) - Heath Miller of Virginia  was named the winner of the John Mackey Award as the nation's  top tight end.	CONTRADICTION
2351	This example is World	CLEVELAND  #151; This area is football #146;s mecca  #151; the Hall of Fame is about an hour away, in Canton  #151; yet the fans here have been deprived of good football for so long.	CONTRADICTION
2352	This example is Sports	SEPTEMBER 08, 2004 (COMPUTERWORLD) - Open-source software start-up SugarCRM Inc. will release the first commercial enterprise version of its Linux-based open-source CRM application tomorrow, starting at \$149 per seat for the first year.	CONTRADICTION
2353	This example is World	 ASHBURN, Va. (Sports Network) - Washington Redskins  linebacker LaVar Arrington and kicker John Hall are listed as  doubtful for Sunday's game versus the Green Bay Packers.	CONTRADICTION
2354	This example is Sports	Champ Car World Champion Paul Tracy has shaken off a terrible practice session to qualify fastest for the Gold Coast Indy. Tracy hit a tire barrier towards the end of the opening 15-minute practice session, damaging his nosecone.	CONTRADICTION
2355	This example is World	Computer Sciences Corp. won a \$1.35 billion contract to manage phone and computer networks for Ascension Health, the biggest US nonprofit health care system.	CONTRADICTION
2356	This example is World	 MONTREAL (Sports Network) - The Chicago Cubs acquired  catcher Mike DiFelice from the Detroit Tigers and outfielder  Ben Grieve from Milwaukee, both for a player to be named later,  Tuesday.	CONTRADICTION
2357	This example is Sci/Tech	 JACKSONVILLE, Fla. (Sports Network) - In a surprising turn  of events, Urban Meyer is expected to be named head football  coach at the University of Florida.	CONTRADICTION
2358	This example is Sci/Tech	BASEBALL Anaheim (AL): Waived INF Adam Riggs. Colorado (NL): Declined 2005 option on P Steve Reed.	CONTRADICTION
2359	This example is Sci/Tech	 WASHINGTON (Sports Network) - Owners of Major League  Baseball's more than 30 teams did not vote as scheduled  Thursday on the proposed move of the Montreal Expos franchise  to Washington, DC.	CONTRADICTION
2360	This example is Business	 BALTIMORE, (Sports Network) - Baltimore Ravens running back  Jamal Lewis will miss his second straight game with a sprained  right ankle when his club takes on the Cincinnati Bengals this  Sunday.	CONTRADICTION
2361	This example is Sci/Tech	PC World - Fuji joins the fray of makers of 16X DVD media with scheduled fall release.	CONTRADICTION
2362	This example is World	Houston, TX (Sports Network) - Morgan Ensberg went 2-for-4 and drove in three runs to lead Houston over Atlanta 8-5 in Game 3 of their National League Division Series at Minute Maid Park.	CONTRADICTION
2363	This example is Business	Following is the Globe Top 20 in EMass for boys' soccer. No. Team Record Last 1. Stoneham 14-0-1 1 2. Framingham 10-0-5 2 3. Hingham 15-0-2 6 4. Weymouth 10-1-4 4 5. Medford 10-3-2 13 6. Woburn 10-2-2 10 7. Newton North 10-4-2 5 8. Everett 10-3-2 2 9. Lincoln-Sudbury 12-1-2 7 10. Dartmouth 14-1-0 9 11. BC High 7-1-6 ...	CONTRADICTION
2364	This example is Sci/Tech	Ashburn, VA (Sports Network) - San Francisco 49ers head coach Dennis Erickson will remain with the team after discussing the head coaching vacancy at Ole Miss with school officials on Tuesday.	CONTRADICTION
2365	This example is World	Cincinnati, OH (Sports Network) - The Cincinnati Bengals signed veteran safety Anthony Mitchell on Wednesday to fill their depleted secondary.	CONTRADICTION
2366	This example is Sci/Tech	Kansas City, MO (Sports Network) - The Kansas City Royals have extended the contract of outfielder Matt Stairs through the 2005 season.	CONTRADICTION
2367	This example is Sci/Tech	 PHILADELPHIA (Sports Network) - Houston starting pitcher  Roger Clemens left Wednesday's 9-8 win over Philadelphia with a  strained right calf.	CONTRADICTION
2368	This example is World	 PHILADELPHIA (Sports Network) - Houston starting pitcher  Roger Clemens left Wednesday's 9-8 win over Philadelphia with a  strained right calf.	CONTRADICTION
2369	This example is World	 GREEN BAY, Wis. (Sports Network) - Green Bay Packers star  quarterback Brett Favre and top running back Ahman Green both  missed Thursday's practice with injuries.	CONTRADICTION
2370	This example is Sci/Tech	THE BOSS of Xerox says she wants to move the company away from just photocopying and become an information services outfit. Xerox chairman and CEO Anne Mulcahy says she is prepared to buy consultancies in a bid to make her cunning plans come true.	CONTRADICTION
2371	This example is Sci/Tech	 STILLWATER, Okla. (Sports Network) - Oklahoma State wasted  little time in finding a new football coach, promoting  offensive coordinator Mike Gundy to replace Les Miles.	CONTRADICTION
2372	This example is Business	Athens, Greece (Sports Network) - Michael Anti of the United States won the silver on Sunday in the men #39;s 50m rifle 3-position event at the Summer Olympics in Athens.	CONTRADICTION
2373	This example is World	DUXBURY -- On a night like this, there was concern that the weather would decide the Patriot League title. No one guessed it would come down to punting and passing.	CONTRADICTION
2374	This example is Sci/Tech	Detroit, MI (Sports Network) - According to a broadcast report, the NBA has suspended Indiana #39;s Ron Artest for 30 games and teammates Stephen Jackson and Jermaine O #39;Neal 20 games apiece for their part in a brawl between the Pacers and the Pistons on 	CONTRADICTION
2375	This example is Sci/Tech	PC World - Device uses NCQ technology to prioritize a PC's requests.	CONTRADICTION
2376	This example is Business	Thousands are going hungry in the Andean mountain region of southern Peru, says the World Food Programme.	CONTRADICTION
2377	This example is World	Brussels, Belgium (Sports Network) - Former world No. 1 Kim Clijsters #39; latest wrist injury will likely end her season, but it #39;s not expected to require surgery.	CONTRADICTION
2378	This example is Business	Spring, TX (Sports Network) - Larry Nelson fired an eight-under 64 Sunday and birdied the first playoff hole to win the inaugural Adminstaff Small Business Classic.	CONTRADICTION
2379	This example is Sci/Tech	(Sports Network) - The Los Angeles Lakers go for their third straight victory and seventh in nine games this evening, when they battle the listless Chicago Bulls at the United Center.	CONTRADICTION
2380	This example is Business	When his positive dope test was confirmed, Adrian Mutu forgot to blame someone for spiking his drinks. Odd this, because athletics, swimming and cycling have taught us that 	CONTRADICTION
2381	This example is World	CBC SPORTS ONLINE - Two spectators accused of taking part in last month #39;s NBA brawl are now banned from attending Detroit Pistons games and other events.	CONTRADICTION
2382	This example is Sci/Tech	Houston, TX (Sports Network) - Houston Rockets guard Bob Sura underwent surgery Tuesday to repair a herniated disk in his lower back.	CONTRADICTION
2383	This example is Sci/Tech	World News  gt; Dhaka, Sep 5 : A powerful bomb ripped through an old building in the Bangladesh city of Sylhet Sunday, leaving at least two people dead and seven wounded.	CONTRADICTION
2384	This example is Business	Glasgow, Scotland (Sports Network) - Rangers went back to the top of the Scottish Premier League (SPL) Saturday with a 3-0 demolition of Dundee.	CONTRADICTION
2385	This example is Business	 EDEN PRAIRIE, Minn. (Sports Network) - Minnesota Vikings  wide receiver Randy Moss will not play at full speed for a few  weeks after an MRI Thursday revealed a slight tear in his  injured right hamstring.	CONTRADICTION
2386	This example is Sci/Tech	Paris, France (Sports Network) - Marat Safin moved into the final of the BNP Paribas Masters with a straight-set victory over Guillermo Canas on Saturday.	CONTRADICTION
2387	This example is World	Athens, Greece (Sports Network) - The Olympic diving competition came to a close Saturday night with the men #39;s 10-meter platform final, and China increased its medal take to nine with a gold and bronze medal.	CONTRADICTION
2388	This example is World	CBC SPORTS ONLINE- - The National Hockey League Players #39; Association extended an olive branch to commissioner Gary Bettman on Thursday, inviting the league back to the negotiating table so it can examine a new proposal from the union.	CONTRADICTION
2389	This example is Sci/Tech	PORTSMOUTH - Five former or current city residents are among the individuals the Internal Revenue Service is looking for because their income tax refund checks could not be delivered.	CONTRADICTION
2390	This example is Sports	PC World - The one-time World Class Product of the Year PDA gets a much-needed upgrade.	CONTRADICTION
2391	This example is Business	(Sports Network) - The defending world champion Detroit Pistons will try to get back to the .500 mark tonight, when they travel to New Orleans to battle the struggling Hornets.	CONTRADICTION
2392	This example is Sci/Tech	1. Novelists Stephen King and Stewart O #39;Nan are collaborating on a book about this year #39;s Red Sox. The working title is The Girl Who Now Hates Tom Gordon.	CONTRADICTION
2393	This example is Business	Sonoma, CA (Sports Network) - Tom Kite battled heavy rain and cold temperatures on Saturday to shoot an even-par 72 and take the third-round lead of the Champions Tour #39;s season-ending Charles Schwab Cup Championship.	CONTRADICTION
2394	This example is Sci/Tech	PC World - Windows XP Service Pack 2 seems a smooth upgrade for most, but many are\  putting off installing Microsoft's big security patch anyway.	CONTRADICTION
2395	This example is Business	ENGLAND fast bowler Steve Harmison is the world #39;s number one bowler, according to the latest PwC Test ratings. The Durham quick #39;s match-winning nine-wicket haul in the fourth and final Test against the West 	CONTRADICTION
2396	This example is Business	London, England (Sports Network) - Blackburn named Welsh national team coach Mark Hughes its new boss Wednesday, effective immediately.	CONTRADICTION
2397	This example is Sci/Tech	MOBILE, Ala. (SportsTicker) - After having the door opened for her, Heather Daly-Donofrio is walking right in. Ineligible to participate in the past, Daly-Donofrio carded an 8-under-par 64 in Saturday #39;s 	CONTRADICTION
2398	This example is World	Athens, Greece (Sports Network) - Ilias Iliadis captured Greece #39;s second gold medal of the 2004 Olympics with a thrilling victory over Roman Gontyuk of the Ukraine in the men #39;s under 81kg category in judo on Tuesday. 	CONTRADICTION
2399	This example is World	Philadelphia, PA (Sports Network) - Philadelphia Eagles fullback Jon Ritchie was placed on injured reserve Monday and will miss the remainder of the season after suffering a torn ACL during Sunday #39;s game versus Detroit.	CONTRADICTION
