textid	pair	text	label
0	This example is Sports	CBC SPORTS ONLINE - Gerry Hunsicker has decided to step down as general manager of the Houston Astros after nine years on the job.	ENTAILMENT
1	This example is Sports	CBC SPORTS ONLINE - Vijay Singh officially supplanted Tiger Woods as the world #39;s finest golfer, earning PGA player of the year honours on Monday.	ENTAILMENT
2	This example is Sports	CBC SPORTS ONLINE - Austrians Michael Walchhofer and Hermann Maier finished 1-2 Thursday in training for this weekend #39;s season-opening World Cup downhill race in Lake Louise, Alta.	ENTAILMENT
3	This example is Sports	 HOUSTON (Sports Network) - The Houston Rockets exercised  the fourth-year option on center Yao Ming's contract on  Thursday.	ENTAILMENT
4	This example is Sports	CBC SPORTS ONLINE - Daniel Nestor and partner Mark Knowles on Friday battled their way to a fourth championship appearance of the tennis season.	ENTAILMENT
5	This example is Sports	Birmingham, England (Sports Network) - West Bromwich Albion coach Gary Megson will not re-sign with the club when his contract runs out on June 30, 2005.	ENTAILMENT
6	This example is Sports	 PORTLAND, Ore., (Sports Network) - Portland Trail Blazers  forward Qyntel Woods was suspended without pay pending the  club's investigation regarding allegations by Multnomah County  for dog abandonment and by Clackamas County for dog fighting.	ENTAILMENT
7	This example is Sports	CBC SPORTS ONLINE - Former world No. 1 Kim Clijsters is not expected to play in next month #39;s Australian Open tennis tournament as she continues to recover from wrist surgery.	ENTAILMENT
8	This example is Sports	CBC SPORTS ONLINE - The Anaheim Angels suspended outfielder Jose Guillen for the rest of the season without pay Sunday following an outburst during a game the previous night.	ENTAILMENT
9	This example is Sports	Amsterdam, the Netherlands (Sports Network) - Ajax defender Hatem Trabelsi finally ended his holdout by signing a new two-year contract on Friday.	ENTAILMENT
10	This example is Sports	Manchester, England (Sports Network) - Gabriel Heinze is expected to finally make his debut for ninth-place Manchester United Saturday as the Red Devils travel to take on surprising Bolton.	ENTAILMENT
11	This example is Sports	CBC SPORTS ONLINE - Gary Sheffield of the New York Yankees underwent successful arthroscopic surgery on his left shoulder Tuesday.	ENTAILMENT
12	This example is Sports	CBC SPORTS ONLINE - Catcher Doug Mirabelli reportedly is the first of 16 free agents to re-sign with the World Series champion Boston Red Sox.	ENTAILMENT
13	This example is Sports	Madrid, Spain (Sports Network) - Argentine midfielder Diego Simeone is leaving Atletico Madrid for his native Racing Club Avellaneda.	ENTAILMENT
14	This example is Sports	Paris, France (Sports Network) - Second-seeded Lleyton Hewitt and third-seeded Tim Henman each posted second-round victories Tuesday at the \$3.	ENTAILMENT
15	This example is Sports	CBC SPORTS ONLINE - American tennis sensation Andy Roddick #39;s Olympic dreams are over after a straight set loss to No. 16 Fernando Gonzalez of Chile in third-round action Wednesday. 	ENTAILMENT
16	This example is Sports	CBC SPORTS ONLINE - Svetlana Kuznestova became the first Russian to advance to a US Open final after defeating American and former champion Lindsay Davenport in three sets on Friday at Ashe Stadium in Flushing Meadows, NY.	ENTAILMENT
17	This example is Sports	Paris, France (Sports Network) - French favorite Sebastien Grosjean and three- time Roland Garros champion Gustavo Kuerten of Brazil will not play in next month #39;s Paris Masters due to injuries.	ENTAILMENT
18	This example is Sports	CBC SPORTS ONLINE - Free-agent outfielder Ricky Ledee decided Monday to accept a two-year contract offer from the Los Angeles Dodgers.	ENTAILMENT
19	This example is Sports	Manchester, England (Sports Network) - Manchester United striker Ruud van Nistelrooy picked up a hip injury while playing for Holland in a World Cup qualifier Wednesday.	ENTAILMENT
20	This example is Sports	 PHILADELPHIA (Sports Network) - Philadelphia Eagles running  back Brian Westbrook is listed as questionable for Sunday's  game against Baltimore because of a rib fracture.	ENTAILMENT
21	This example is Sports	CBC SPORTS ONLINE - Pitcher Jason Grimsley is lost to the Baltimore Orioles until next June at the earliest after undergoing  quot;Tommy John quot; surgery Wednesday.	ENTAILMENT
22	This example is Sports	Miami, FL (Sports Network) - Frank Gore scored from one yard out in the final minute to lift the third-ranked Miami Hurricanes to a 41-38 victory over No.	ENTAILMENT
23	This example is Sports	CBC SPORTS ONLINE - Head coach Dave Wannstedt resigned from the struggling Miami Dolphins Tuesday morning, ending a frustrating season that began with the retirement of star running back Ricky Williams before training camp.	ENTAILMENT
24	This example is Sports	CBC SPORTS ONLINE - Free-agent catcher Gary Bennett agreed Monday to a one-year contract worth \$750,000 US with the Washington-bound Expos.	ENTAILMENT
25	This example is Sports	Liverpool, England (Sports Network) - Liverpool will take the field Saturday against Norwich without the familiar face of captain Steven Gerrard there to guide them.	ENTAILMENT
26	This example is Sports	Milan, Italy (Sports Network) - Inter Milan has earned just two points after two Serie A matches, thanks to a 1-1 draw with Palermo on Saturday night.	ENTAILMENT
27	This example is Sports	 WASHINGTON (Sports Network) - Former No. 1 overall pick  Kwame Brown returned from an off-season foot injury in  Washington's 95-68 rout of New Jersey Wednesday night.	ENTAILMENT
28	This example is Sports	CBC SPORTS ONLINE - The Anaheim Angels exercised catcher Bengie Molina #39;s contract option on Monday, but not that of pitcher Ramon Ortiz.	ENTAILMENT
29	This example is Sports	CBC SPORTS ONLINE - Wimbledon champion Maria Sharapova retained her Japan Open title with an easy victory over American Mashona Washington in Saturday #39;s final.	ENTAILMENT
30	This example is Sports	Paris, France (Sports Network) - Marat Safin moved into the final of the BNP Paribas Masters with a straight-set victory over Guillermo Canas on Saturday.	ENTAILMENT
31	This example is Sports	Houston, TX (Sports Network) - Morgan Ensberg went 2-for-4 and drove in three runs to lead Houston over Atlanta 8-5 in Game 3 of their National League Division Series at Minute Maid Park.	ENTAILMENT
32	This example is Sports	 Philadelphia, Pa. (Sports Network) - The Philadelphia  Eagles locked up their most successful head coach in franchise  history Wednesday, signing Andy Reid to a four-year contract  extension.	ENTAILMENT
33	This example is Sports	Moscow, Russia (Sports Network) - Anastasia Myskina of Russia successfully defended her title in Moscow with a straight-set win over countrywoman Elena Dementieva at the final of the \$1.	ENTAILMENT
34	This example is Sports	Austin, TX (Sports Network) - Cedric Benson rushed for 140 yards and five touchdowns, as the sixth-ranked Texas Longhorns rallied from a 28-point deficit to erupt for a 56-35 victory over 19th-ranked Oklahoma State.	ENTAILMENT
35	This example is Sports	CBC SPORTS ONLINE - Greek sprinters Kostas Kenteris and Katerina Thanou were charged by track and field #39;s world governing body Thursday for missing a series of mandatory drug tests.	ENTAILMENT
36	This example is Sports	CBC SPORTS ONLINE - Roger Federer, the world #39;s No. 1 tennis player, pulled out of the Swiss Indoors tournament Tuesday after injuring his left thigh in warm-up.	ENTAILMENT
37	This example is Sports	Bucharest, Romania (Sports Network) - Anghel Iordanescu resigned as coach of Romania Friday following Wednesday #39;s disappointing 1-1 World Cup qualifying draw with Armenia.	ENTAILMENT
38	This example is Sports	CBC SPORTS ONLINE - AC Milan striker Andriy Shevchenko was named the Ballon d #39;Or (Golden Ball) award winner on Monday as European soccer player of the year.	ENTAILMENT
39	This example is Sports	Liverpool, England (Sports Network) - Liverpool skipper Steven Gerrard is expected to return from a two-month absence Saturday at Middlesbrough.	ENTAILMENT
40	This example is Sports	Madrid, Spain (Sports Network) - Paul Broadhurst carded a three-under 68 on Saturday to hold onto a share of the lead after the third round of the Open de Madrid.	ENTAILMENT
41	This example is Sports	Barcelona, Spain (Sports Network) - David Beckham scored the game-winner for Real Madrid as the  #39;galacticos #39; and Barcelona both won in week two of the Spanish Premier division.	ENTAILMENT
42	This example is Sports	Munich, Germany (Sports Network) - Claudio Pizarro returned from injury and scored twice in Bayern Munich #39;s 2-0 win over Bundesliga leaders Wolfsburg.	ENTAILMENT
43	This example is Sports	PHILADELPHIA (Sports Network) - Kyle Eckel rushed for a career-high 179 yards and a touchdown to lead the Navy Midshipmen to a 42-13 rout of the Army Black Knights in the 105th meeting of the storied rivalry between the service academies from Lincoln 	ENTAILMENT
44	This example is Sports	 PHILADELPHIA (Sports Network) - Indiana Pacers forward Ron  Artest will be back in the lineup for Friday's game versus  Philadelphia at the Wachovia Center.	ENTAILMENT
45	This example is Sports	(Sports Network) - The Golden State Warriors lost to the New Orleans Hornets, 98-89, on Wednesday. The Warriors are 1-1 on their current four-game road trip.	ENTAILMENT
46	This example is Sports	Minneapolis, MN (Sports Network) - Minnesota Timberwolves guard Sam Cassell did not show up Tuesday for the first day of training camp.	ENTAILMENT
47	This example is Sports	CBC SPORTS ONLINE - Canadian reliever Rheal Cormier agreed Tuesday to a two-year, \$5.25-million US contract with the Philadelphia Phillies.	ENTAILMENT
48	This example is Sports	Seattle, WA (Sports Network) - The Seattle Mariners have found their slugging first baseman, as they agreed to terms Wednesday with free agent Richie Sexson on a four-year contract.	ENTAILMENT
49	This example is Sports	 NEW YORK, (Sports Network) - Minnesota Vikings quarterback  Daunte Culpepper is ahead of all players in voting for the 2005  Pro Bowl, while Philadelphia's Donovan McNabb is one of three  Eagles in the top-10.	ENTAILMENT
50	This example is Sports	Aberdeen, Scotland (Sports Network) - Celtic remained perfect in Scottish Premier League play this season with a 3-1 win over Inverness at the Pittodrie.	ENTAILMENT
51	This example is Sports	Philadelphia, PA (Sports Network) - Southern California and Oklahoma remained the top two teams in the Bowl Championship Series standings, while Miami- Florida and Florida State plummeted in the rankings after suffering surprising road losses on Saturday.	ENTAILMENT
52	This example is Sports	Stockholm, Sweden (Sports Network) - Top-seeded Andre Agassi earned a grueling victory against fourth-seeded Tommy Haas in Saturday #39;s semifinals at the Stockholm Open.	ENTAILMENT
53	This example is Sports	CBC SPORTS ONLINE - Calgary #39;s Maria Zambrano posted the best Canadian result at the 2004 world half-marathon championships Sunday in New Dehli with a 40th-place showing.	ENTAILMENT
54	This example is Sports	Sao Paulo, Brazil (Sports Network) - Williams/BMW driver Juan Montoya captured the final event of the 2004 Formula One season - the Grand Prix of Brazil.	ENTAILMENT
55	This example is Sports	Seoul, Korea (Sports Network) - Third-seeded German Marlene Weingartner and fourth-seeded American Mashona Washington were a pair of opening-round upset victims Monday at the inaugural Korea Open Tennis Championships.	ENTAILMENT
56	This example is Sports	Chicago, IL (Sports Network) - William T.  quot;Billy quot; Reay, the winningest coach in the history of the Chicago Blackhawks, passed away on Thursday afternoon in Madison, Wisconsin.	ENTAILMENT
57	This example is Sports	CBC SPORTS ONLINE - Suspended Indiana Pacers forward Ron Artest will take the first steps in hopes of saving his NBA season next week.	ENTAILMENT
58	This example is Sports	Valencia, Spain (Sports Network) - Valencia missed a chance to gain ground on La Liga leaders Barcelona on Saturday night. The struggling Valencia squad did not take advantage, as they finished in a 1-1 draw with Atletico Madrid at the Mestalla.	ENTAILMENT
59	This example is Sports	 KANSAS CITY, Mo. (Sports Network) - Kansas City Chiefs  running back Priest Holmes is listed as doubtful for Sunday's  game against New Orleans because of a knee injury.	ENTAILMENT
60	This example is Sports	Munich, Germany (Sports Network) - Bayern Munich will try to avenge a 1-0 loss to Juventus from two weeks ago when it hosts the Italian side Wednesday in a Champions League Matchday 4 encounter.	ENTAILMENT
61	This example is Sports	Lyon, France (Sports Network) - French international Sylvain Wiltord scored his first Ligue 1 goal of the season Saturday as Lyon edged Auxerre, 2-1.	ENTAILMENT
62	This example is Sports	Albuquerque, NM (Sports Network) - Alex Smith passed for 167 yards and ran for a pair of touchdowns, leading No. 14 Utah to a 28-7 victory over New Mexico in a Mountain West Conference matchup.	ENTAILMENT
63	This example is Sports	Rome, Italy (Sports Network) - Juventus stretched its lead in the Italian Serie A to five points on Sunday with a 3-0 win over Chievo.	ENTAILMENT
64	This example is Sports	 PHILADELPHIA (Sports Network) - Philadelphia Eagles  defensive tackle Sam Rayburn was involved in a two-car accident  Monday night and sustained minor injuries.	ENTAILMENT
65	This example is Sports	London, England (Sports Network) - Chelsea #39;s 4-1 win over West Bromwich on Saturday afternoon allowed the Blues to move even on points with Arsenal atop the Premiership table.	ENTAILMENT
66	This example is Sports	Barcelona, Spain (Sports Network) - A late strike from Brazilian superstar Ronaldinho propelled Barcelona to a 2-1 Champions League win over AC Milan Tuesday at Camp Nou.	ENTAILMENT
67	This example is Sports	Sports India: Cricket  gt; Nagpur, Oct 28 : Australia Thursday took a firm grip on the third Test against India as the home bowlers looked completely ineffective, allowing the visitors to build an overall lead of 415 runs with two days still to go.	ENTAILMENT
68	This example is Sports	 MINNEAPOLIS (Sports Network) - Minnesota Vikings running  back Onterrio Smith, who has been suspended four games for  violating the NFL's substance abuse policy, will begin serving  that suspension Sunday.	ENTAILMENT
69	This example is Sports	Sports India: Cricket  gt; Kolkata, Nov 28 : South African captain Graeme Smith today said the visitors, who scored 227 for five on the opening day of the second cricket Test here, were aiming at a first innings total of 400-450 to put pressure on India.	ENTAILMENT
70	This example is Sports	Chicago, IL (Sports Network) - Mike Hampton pitched six solid innings and added a two-run homer to lead Atlanta to a 5-4 win over Chicago in the opener of a three-game series at Wrigley Field.	ENTAILMENT
71	This example is Sports	 INDIANAPOLIS (Sports Network) - Indiana Pacers forward  Jonathan Bender will be out indefinitely due to his chronically  injured left knee.	ENTAILMENT
72	This example is Sports	CBC SPORTS ONLINE - The Seattle Mariners continued efforts to bulk up their anemic offence Thursday, signing free-agent third baseman Adrian Beltre to lucrative contract.	ENTAILMENT
73	This example is Sports	CHAMPAIGN, Ill. (Sports Network) - Roger Powell Jr. scored 19 points and grabbed seven rebounds to lead fifth-ranked Illinois to a lopsided 91-73 win over No.	ENTAILMENT
74	This example is Sports	Southampton, England (Sports Network) - Southampton midfielder Fabrice Fernandes was sentenced Wednesday in a case involving drunken driving.	ENTAILMENT
75	This example is Sports	Houston, TX (Sports Network) - Houston Astros center fielder Carlos Beltran is listed as day-to-day with a bone bruise on his right elbow.	ENTAILMENT
76	This example is Sports	Detroit, MI (Sports Network) - Detroit Lions kick returner Eddie Drummond will miss the remainder of the season after fracturing his shoulder blade during Thursday #39;s 41-9 loss to the Indianapolis Colts.	ENTAILMENT
77	This example is Sports	 JACKSONVILLE, Fla. (Sports Network) - Jacksonville Jaguars  quarterback Byron Leftwich expects to be back in the starting  lineup this week when his team travels to Minnesota to take on  the Vikings.	ENTAILMENT
78	This example is Sports	CBC SPORTS ONLINE - Canada remains on top of the hockey world after defeating Finland 3-2 in the World Cup of Hockey final on Tuesday.	ENTAILMENT
79	This example is Sports	COLUMBUS, Ohio (Sports Network) - Troy Smith threw for 241 yards and two touchdowns and ran for 145 yards and a score to lead the Ohio State Buckeyes to a 37-21 victory over No.	ENTAILMENT
80	This example is Sports	 ANAHEIM, Calif. (Sports Network) - Anaheim Angels  outfielder Vladimir Guerrero was drilled on the left side of  his head by a pitch from Mariners pitcher Ryan Franklin,  forcing him out of Monday's game in the first inning.	ENTAILMENT
81	This example is Sports	Toronto, ON (Sports Network) - The Toronto Blue Jays signed free agent third baseman Corey Koskie to a three-year contract on Tuesday with an option for 2008.	ENTAILMENT
82	This example is Sports	 KIRKLAND, Wash., (Sports Network) - Seattle Seahawks  outside linebacker Isaiah Kacyvenski is doubtful for Sunday's  game against the Carolina Panthers due to a sprained ankle.	ENTAILMENT
83	This example is Sports	Norman, OK (Sports Network) - Nebraska offensive lineman Darren DeLone Friday was charged with aggravated assault and battery for injuring a member of the University of Oklahoma #39;s spirit group before last Saturday #39;s game.	ENTAILMENT
84	This example is Sports	CBC SPORTS ONLINE - Mikko Eloranta #39;s goal late in the third period helped Finland prevent an embarrassing quarter-final loss to Germany in World Cup play in Helsinki on Monday.	ENTAILMENT
85	This example is Sports	 KIRKLAND, Wash., (Sports Network) - Seattle Seahawks  running back Shaun Alexander was listed as questionable  Wednesday after missing practice due to a bruised right knee.	ENTAILMENT
86	This example is Sports	Turin, Italy (Sports Network) - Juventus stretched its Serie A lead to five points Saturday with a 2-1 win over second-place Messina in Turin.	ENTAILMENT
87	This example is Sports	Parma, Italy (Sports Network) - Parma fired coach Silvio Baldini Monday after a loss to Livorno on Sunday left the club near the bottom of the table.	ENTAILMENT
88	This example is Sports	New Orleans, LA (Sports Network) - New Orleans running back Deuce McAllister left Sunday #39;s game against San Francisco with an ankle injury.	ENTAILMENT
89	This example is Sports	Liverpool, England (Sports Network) - Portsmouth striker Lomana LuaLua took advantage of a last minute mistake by Liverpool goalkeeper Jerzy Dudek to salvage a 1-1 draw at Anfield Tuesday.	ENTAILMENT
90	This example is Sports	Livingston, Scotland (Sports Network) - Livingston hired former Scotland and Rangers defender Richard Gough to be its new head coach on Tuesday.	ENTAILMENT
91	This example is Sports	Portland, OR (Sports Network) - The Portland Trail Blazers signed center Theo Ratliff to a five-year contract extension on Tuesday.	ENTAILMENT
92	This example is Sports	 INDIANAPOLIS (Sports Network) - Indianapolis Colts running  back Edgerrin James is questionable for Sunday's game against  Green Bay.	ENTAILMENT
93	This example is Sports	JACKSONVILLE, Fla. (SportsTicker) - Three-time Pro Bowl defensive end Hugh Douglas admitted he was in a  quot;funk quot; last season and vowed to make amends in 2004.	ENTAILMENT
94	This example is Sports	Bologna, Italy (Sports Network) - Czech striker Pavel Nedved scored off a free kick in the 86th minute Sunday to give Juventus a 1-0 win at Bologna.	ENTAILMENT
95	This example is Sports	Monaco, France (Sports Network) - Auxerre and its potent strike force of Benjani Mwaruwari and Bonaventure Kalou have a difficult challenge Sunday when they travel to Monaco for an important French Ligue 1 match.	ENTAILMENT
96	This example is Sports	CBC SPORTS ONLINE - After suffering two straight defeats at the World Cup of Hockey, US coach Ron Wilson overhauled his lineup Friday with hopes of getting his team a victory.	ENTAILMENT
97	This example is Sports	Middlesbrough, England (Sports Network) - Middlesbrough midfielder Gaizka Mendieta will miss the rest of the season after injuring his knee Sunday against Portsmouth.	ENTAILMENT
98	This example is Sports	CBC SPORTS ONLINE - Raimo Summanen, who signed a three-year deal through 2006 to coach Finland #39;s national hockey team, has been relieved of his duties.	ENTAILMENT
99	This example is Sports	Atlanta, GA (Sports Network) - The Atlanta Hawks signed free agent forward/center Jelani McCoy on Monday and waived forward Anthony Miller.	ENTAILMENT
100	This example is Sports	Toronto, ON (Sports Network) - Colorado Avalanche left wing Alex Tanguay and Montreal Canadiens right wing Richard Zednik have both signed with European teams, joining a growing list of talent who will play overseas during the NHL #39;s current labor dispute.	ENTAILMENT
101	This example is Sports	(Sports Network) - Odalis Perez threw five innings last Thursday against the Diamondbacks before leaving the game with tightness in his biceps.	ENTAILMENT
102	This example is Sports	(Sports Network) - Javier Vazquez hopes to put the brakes on a personal three- game losing streak this afternoon when the New York Yankees close out their three-game set with the Kansas City Royals at Kauffman Stadium.	ENTAILMENT
103	This example is Sports	CBC SPORTS ONLINE - Minnesota Twins pitcher Johan Santana won the American League Cy Young Award Thursday, becoming the first unanimous winner since Arizona #39;s Randy Johnson two years ago.	ENTAILMENT
104	This example is Sports	CBC SPORTS ONLINE - The Toronto Raptors shoot for a second-straight road victory when they visit the Orlando Magic Wednesday night.	ENTAILMENT
105	This example is Sports	San Francisco, CA (Sports Network) - San Francisco cornerback Mike Rumph is expected to miss the rest of the season with a broken right arm.	ENTAILMENT
106	This example is Sports	Madrid, Spain (Sports Network) - Real Madrid #39;s  #39;galacticos #39; dominated Sunday at the Bernabeu in a 5-0 demolition of Levante.	ENTAILMENT
107	This example is Sports	Philadelphia, PA (Sports Network) - The Philadelphia Eagles signed starting corner Sheldon Brown to a six-year contract extension Thursday.	ENTAILMENT
108	This example is Sports	Darlington, SC (Sports Network) - Jimmie Johnson captured the 55th and final running of the Southern 500 at the Darlington Raceway.	ENTAILMENT
109	This example is Sports	(Sports Network) - Ryan Drese attempts win No. 15 this afternoon when the Texas Rangers conclude their three-game set with the Seattle Mariners at Ameriquest Field.	ENTAILMENT
110	This example is Sports	CBC SPORTS ONLINE - Joey Harrington threw for a touchdown and Artose Pinner ran for another as the Detroit Lions upset Atlanta 17-10 at the Georgia Dome.	ENTAILMENT
111	This example is Sports	Detroit, MI (Sports Network) - Brett Favre threw for 257 yards and a pair of touchdowns as Green Bay stopped a four-game losing streak with a 38-10 pounding of Detroit in an NFC North showdown at Ford Field.	ENTAILMENT
112	This example is Sports	San Francisco, CA (Sports Network) - Seattle Seahawks cornerback Ken Lucas will spend the night in a San Francisco hospital after suffering a chest contusion in Sunday #39;s 42-27 victory over the 49ers.	ENTAILMENT
113	This example is Sports	 MINNEAPOLIS, Minn. (Sports Network) - Minnesota Vikings  star receiver Randy Moss suffered a hamstring injury during  Sunday's win over New Orleans and his status for this weekend's  game versus Tennessee is unknown.	ENTAILMENT
114	This example is Sports	Atlanta, GA (Sports Network) - Joey Harrington threw for a touchdown and Artose Pinner ran for another score, as the Detroit Lions handed Atlanta its first loss of the season with a 17-10 victory over the Falcons at the Georgia Dome.	ENTAILMENT
115	This example is Sports	CBC SPORTS ONLINE - Two spectators accused of taking part in last month #39;s NBA brawl are now banned from attending Detroit Pistons games and other events.	ENTAILMENT
116	This example is Sports	 ANAHEIM, Calif. (Sports Network) - Anaheim Angels  outfielder Vladimir Guerrero was drilled on the left side of  his head by a pitch from Mariners pitcher Ryan Franklin,  forcing him out of Monday's 5-2 win in the first inning.	ENTAILMENT
117	This example is Sports	Houston, TX (Sports Network) - Tyrone Moss ran for 147 yards and two touchdowns to lead fourth-ranked Miami-Florida to a 38-13 victory over Houston at Reliant Stadium.	ENTAILMENT
118	This example is Sports	 NEW YORK, (Sports Network) - The New York Yankees and New  York Mets swapped lefthanded relievers on Friday, with the  Yankees shipping Felix Heredia across the East River in  exchange for Mike Stanton and cash considerations.	ENTAILMENT
119	This example is Sports	New Orleans, LA (Sports Network) - Tampa Bay quarterback Chris Simms left in the first quarter of Sunday #39;s game against New Orleans with a left shoulder injury.	ENTAILMENT
120	This example is Sports	Chicago, IL (Sports Network) - Chicago Blackhawks forward Tuomo Ruutu will undergo surgery Friday to repair a subluxation of his left shoulder.	ENTAILMENT
121	This example is Sports	New Orleans, LA (Sports Network) - Tampa Bay quarterback Chris Simms left in the first quarter of Sunday #39;s win against New Orleans with a left shoulder injury.	ENTAILMENT
122	This example is Sports	Cincinnati, OH (Sports Network) - Cincinnati Bengals quarterback Carson Palmer missed the second half of Thursday #39;s practice while receiving treatment for back spasms.	ENTAILMENT
123	This example is Sports	 MINNEAPOLIS (Sports Network) - Minnesota Vikings wide  receiver Randy Moss will be a game-time decision for Sunday's  game against Tennessee because of a hamstring injury.	ENTAILMENT
124	This example is Sports	Glasgow, Scotland (Sports Network) - Celtic jumped back to the top of the Scottish Premier League table with a 2-1 win over Hibernian at Celtic Park.	ENTAILMENT
125	This example is Sports	Shanghai, China (Sports Network) - Third-seeded Argentine Guillermo Canas recorded an easy straight-set win over second-seeded Czech Jiri Novak in Saturday #39;s semifinals at the \$380,000 Heineken Open Shanghai.	ENTAILMENT
126	This example is Sports	Houston, TX (Sports Network) - Daunte Culpepper #39;s fifth touchdown pass of the game -- a 50-yard strike to Marcus Robinson in overtime -- lifted the Minnesota Vikings to a 34-28 win over the Houston Texans at Reliant Stadium.	ENTAILMENT
127	This example is Sports	New Orleans, LA (Sports Network) - Kansas City Chiefs running back Priest Holmes missed Sunday #39;s 27-20 loss to New Orleans with a knee injury.	ENTAILMENT
128	This example is Sports	CBC SPORTS ONLINE - Former Montreal Expos great Tim Raines has landed a coaching job with the Chicago White Sox. The once-prolific base-stealer has signed on to be Chiago #39;s first-base and base-running coach.	ENTAILMENT
129	This example is Sports	Phoenix, AZ (Sports Network) - Quentin Richardson hit six of Phoenix #39;s 13 three-pointers on his way to a 26-point effort, as the Suns ran away from the Orlando Magic, 121-100, at America West Arena.	ENTAILMENT
130	This example is Sports	CBC SPORTS ONLINE - The San Diego Chargers used a pair of draft picks to pry wide receiver Keenan McCardell from the Tampa Bay Buccaneers an hour before Tuesday #39;s trade deadline.	ENTAILMENT
131	This example is Sports	 INDIANAPOLIS (Sports Network) - The Indianapolis Colts have  signed kicker Martin Gramatica to handle kickoffs.	ENTAILMENT
132	This example is Sports	Philadelphia, PA (Sports Network) - Philadelphia Eagles defensive tackle Hollis Thomas is expected to miss 3-to-6 weeks with a dislocated left elbow.	ENTAILMENT
133	This example is Sports	Eindhoven, the Netherlands (Sports Network) - PSV Eindhoven will be without striker Jan Vennegoor of Hesselink for up to six weeks due to a shoulder injury.	ENTAILMENT
134	This example is Sports	 PITTSBURGH (Sports Network) - Pittsburgh Steelers running  back Duce Staley is listed as questionable for Sunday's game at  Cincinnati with a hamstring injury.	ENTAILMENT
135	This example is Sports	CBC SPORTS ONLINE - The New England Patriots became the first team in NFL history to win 19 straight regular and postseason games, defeating the beleaguered Miami Dolphins 24-10 on Sunday.	ENTAILMENT
136	This example is Sports	Minneapolis, MN (Sports Network) - The Minnesota Twins have come to terms with veteran pitcher Terry Mulholland on a minor league contract.	ENTAILMENT
137	This example is Sports	EAST LANSING, Mich. (Sports Network) - Maurice Ager scored 19 points and pulled down six rebounds, as 10th-ranked Michigan State crushed Nicholls State, 102-52, at the Breslin Center.	ENTAILMENT
138	This example is Sports	Anaheim, CA (Sports Network) - Anaheim Angels outfielder Vladimir Guerrero was drilled on the left side of his head by a pitch from Mariners pitcher Ryan Franklin, forcing him out of Monday #39;s game in the first inning.	ENTAILMENT
139	This example is Sports	 NEW YORK (Sports Network) - Los Angeles Clippers forward  Elton Brand was suspended Tuesday for one game by the NBA for  shoving Charlotte's Emeka Okafor during the fourth quarter of  Monday night's game.	ENTAILMENT
140	This example is Sports	CBC SPORTS ONLINE - Chicago Bears linebacker Brian Urlacher hopes an MRI will determine the severity of a left hamstring injury sustained in this past Sunday #39;s 22-3 loss at Jacksonville.	ENTAILMENT
141	This example is Sports	CBC SPORTS ONLINE - The Green Bay Packers finally managed to unload disgruntled cornerback Mike McKenzie - on the New Orleans Saints.	ENTAILMENT
142	This example is Sports	Orlando, FL (Sports Network) - The Orlando Magic acquired forward Brandon Hunter from the Charlotte Bobcats on Monday in exchange for guard Keith Bogans.	ENTAILMENT
143	This example is Sports	 PHILADELPHIA (Sports Network) - Philadelphia Eagles  defensive tackle Sam Rayburn is listed as questionable for  Monday's game against the Dallas Cowboys at Texas Stadium,  while kicker David Akers is probable. Neither player practiced  on Wednesday.	ENTAILMENT
144	This example is Sports	Porto, Portugal (Sports Network) - Champions League holder FC Porto and defending Bundesliga champion Werder Bremen each produced late goals Tuesday to secure advancement into the knockout stage of this season #39;s Champions League competition.	ENTAILMENT
145	This example is Sports	CBC SPORTS ONLINE - Canadian ice dancers Aaron Lowe and Megan Wing are off to a strong start at the Skate America competition in Pittsburgh.	ENTAILMENT
146	This example is Sports	Nashville, TN (Sports Network) - The Tennessee Titans, who lost kicker Joe Nedney for the season due to a hamstring injury, have announced that they will bring Gary Anderson out of retirement for the second time.	ENTAILMENT
147	This example is Sports	(Sports Network) - Boston #39;s Curt Schilling wasn #39;t his usual dominant self on Tuesday in Game 1 of the American League Division Series versus Anaheim.	ENTAILMENT
148	This example is Sports	CBC SPORTS ONLINE - San Francisco 49ers linebacker Julian Peterson will undergo season-ending surgery Tuesday on his torn left Achilles #39; tendon.	ENTAILMENT
149	This example is Sports	Syracuse, NY (Sports Network) - Syracuse junior point guard Billy Edelin has been granted the academic waiver petition by the NCAA, making him eligible to play immediately for the Orange.	ENTAILMENT
150	This example is Sports	Philadelphia, PA (Sports Network) - Philadelphia Eagles running back Brian Westbrook is listed as questionable for Sunday #39;s Keystone State showdown against the Pittsburgh Steelers at Heinz Field.	ENTAILMENT
151	This example is Sports	New York, NY (Sports Network) - Published reports out of New York indicate the Yankees and Arizona Diamondbacks have halted trade talks involving five-time Cy Young Award winner Randy Johnson.	ENTAILMENT
152	This example is Sports	Birmingham, England (Sports Network) - Manchester United was held to a scoreless draw at Birmingham City Saturday while Arsenal extended its league unbeaten streak to 49 games by beating Aston Villa, 3-1.	ENTAILMENT
153	This example is Sports	CBC SPORTS ONLINE - BC Lions coach Wally Buono #39;s decision to name Dave Dickenson as his starting quarterback may have been a surprising, but so far it looks like the right one.	ENTAILMENT
154	This example is Sports	Philadelphia, PA (Sports Network) - The Philadelphia Eagles announced Saturday that cornerback Lito Sheppard and defensive tackle Sam Rayburn each signed contract extensions that will keep both players in the fold through the 2011 season.	ENTAILMENT
155	This example is Sports	PHILADELPHIA (Sports Network) - Indiana Pacers forward Ron Artest will be back in the lineup for Friday #39;s game versus Philadelphia at the Wachovia Center.	ENTAILMENT
156	This example is Sports	CBC SPORTS ONLINE - Minnesota Vikings running back Michael Bennett is likely sidelined two more games after undergoing arthroscopic knee surgery Monday.	ENTAILMENT
157	This example is Sports	Philadelphia, PA (Sports Network) - Donovan McNabb threw four touchdown passes, including three to Terrell Owens, to lead the Philadelphia Eagles to a 31-17 victory over the New York Giants in the season-opener for both teams at Lincoln Financial Field.	ENTAILMENT
158	This example is Sports	New York, NY (Sports Network) - Amado Guevara was announced as Major League Soccer #39;s 2004 Honda Most Valuable Player on Thursday in Anaheim, California.	ENTAILMENT
159	This example is Sports	CBC SPORTS ONLINE - Quarterback Brett Favre celebrated his 200th straight start with three touchdown passes as the Green Bay Packers defeated the St.	ENTAILMENT
160	This example is Sports	AP - NBA referees have entered into a five-year collective bargaining agreement with the league, removing the possibility of having replacement officials work the upcoming season.	ENTAILMENT
161	This example is Sports	CBC SPORTS ONLINE - Edgerrin James rushed for 124 yards and scored a pair of fourth-quarter touchdowns Sunday to lift the Indianapolis Colts to a 31-17 victory over the Tennessee Titans.	ENTAILMENT
162	This example is Sports	(Sports Network) - Jarrod Washburn tries to put the brakes on a personal three-game losing streak this evening when the Anaheim Angels continue their critical three-game series with the Oakland Athletics at Angel Stadium.	ENTAILMENT
163	This example is Sports	Indianapolis, IN (Sports Network) - Peyton Manning threw four touchdown passes and Mike Vanderjagt kicked a 35-yard field goal with two seconds remaining in the fourth quarter to give the Indianapolis Colts a 31-28 victory over the Minnesota Vikings at 	ENTAILMENT
164	This example is Sports	 GREEN BAY, Wis. (Sports Network) - Green Bay Packers star  quarterback Brett Favre and top running back Ahman Green both  missed Thursday's practice with injuries.	ENTAILMENT
165	This example is Sports	Stuttgart, Germany (Sports Network) - Matthias Sammer brings a resurgent Stuttgart club against Dortmund this weekend. Sammer has helped Stuttgart to second in the Bundesliga table with 17 points and no losses after seven matches.	ENTAILMENT
166	This example is Sports	(Sports Network) - Brad Miller had 26 points and nine rebounds and Peja Stojakovic chipped in 22 points to lead the Sacramento Kings to a 101-89 victory over the Denver Nuggets on Sunday.	ENTAILMENT
167	This example is Sports	San Francisco, CA (Sports Network) - San Francisco 49ers starting quarterback Tim Rattay is listed as questionable for Sunday #39;s game against the Chicago Bears with a forearm injury.	ENTAILMENT
168	This example is Sports	CBC SPORTS ONLINE - For the first time in three weeks, someone other than Saskatchewan running back Kenton Keith has captured CFL offensive player of the week honours.	ENTAILMENT
169	This example is Sports	CBC SPORTS ONLINE - If Eric Williams and Aaron Williams are tough on the boards and have a magic potion to win on the road, they #39;ll be an instant hit with Toronto Raptors fans.	ENTAILMENT
170	This example is Sports	(Sports Network) - The Toronto Blue Jays look to rebound from a tough loss as they host the New York Yankees for the third of a four-game set at SkyDome.	ENTAILMENT
171	This example is Sports	 EDEN PRAIRIE, Minn. (Sports Network) - Minnesota Vikings  wide receiver Randy Moss is listed as doubtful for Sunday's  game against the Jacksonville Jaguars with a right hamstring  injury.	ENTAILMENT
172	This example is Sports	CBC SPORTS ONLINE - Toronto fans weren #39;t the only people who took notice of quarterback Michael Bishop #39;s first start of the season.	ENTAILMENT
173	This example is Sports	(Sports Network) - Matt Ginter will get the start for an injured Victor Zambrano this afternoon when the New York Mets conclude their three-game series with the San Francisco Giants at SBC Park.	ENTAILMENT
174	This example is Sports	Glasgow, Scotland (Sports Network) - Rangers went back to the top of the Scottish Premier League (SPL) Saturday with a 3-0 demolition of Dundee.	ENTAILMENT
175	This example is Sports	Tampa, FL (Sports Network) - Tampa Bay Buccaneers wide receiver/kick returner Frank Murphy will miss the remainder of the season after rupturing his left Achilles #39; tendon in Sunday #39;s 16-13 loss to the Denver Broncos.	ENTAILMENT
176	This example is Sports	TORONTO (Sports Network) - Chris Bosh netted 18 points and Loren Woods compiled 17 points and a career-high 14 rebounds as Toronto put together a 101-89 victory over Detroit at the Air Canada Center.	ENTAILMENT
177	This example is Sports	Toronto, ON (Sports Network) - Winnipeg Blue Bombers running back Charles Roberts was named the Canadian Football League #39;s Offensive Player of the Month for September.	ENTAILMENT
178	This example is Sports	Philadelphia, PA (Sports Network) - Philadelphia Eagles fullback Jon Ritchie was placed on injured reserve Monday and will miss the remainder of the season after suffering a torn ACL during Sunday #39;s game versus Detroit.	ENTAILMENT
179	This example is Sports	(Sports Network) - Chris Bosh scored 20 points and grabbed seven rebounds to lead Toronto to a 95-88 win over Houston at the Air Canada Centre.	ENTAILMENT
180	This example is Sports	Oakland, CA (Sports Network) - The Oakland Athletics have acquired infielder Keith Ginter from the Milwaukee Brewers in exchange for pitcher Justin Lehr and outfielder Nelson Cruz.	ENTAILMENT
181	This example is Sports	Eindhoven, the Netherlands (Sports Network) - American winger DaMarcus Beasley scored his second Eredivisie goal during PSV Eindhoven #39;s 3-0 win over FC Groningen on Saturday.	ENTAILMENT
182	This example is Sports	(Sports Network) - The Oakland Athletics try to strengthen their hold atop the American League West this evening when they start a four-game series with the Texas Rangers at the Coliseum.	ENTAILMENT
183	This example is Sports	CBC SPORTS ONLINE - Seattle Seahawks wide receiver Jerry Rice became the most prolific offensive player in NFL history on Monday night.	ENTAILMENT
184	This example is Sports	LAWRENCE, Kan. (Sports Network) - Wayne Simien scored 14 points with 10 rebounds to lead No. 2 Kansas over Nevada, 85-52, at Allen Fieldhouse.	ENTAILMENT
185	This example is Sports	Toronto, ON (Sports Network) - Calgary Stampeders running back Joffrey Reynolds and defensive back Joey Boese were among the CFL Players of the Week announced Tuesday.	ENTAILMENT
186	This example is Sports	CBC SPORTS ONLINE - Major League Baseball players and owners are currently meeting to hammer out a deal that would toughen rules on steroid testing in baseball.	ENTAILMENT
187	This example is Sports	Louisville, KY (Sports Network) - Stefan LeFors threw three touchdown passes to lead 12th-ranked Louisville to a 55-28 rout over TCU at Papa John #39;s Cardinal Stadium.	ENTAILMENT
188	This example is Sports	ATLANTA (Sports Network) - BJ Elder scored 23 points, Isma #39;il Muhammad added 13 and No. 3 Georgia Tech rolled to a 79-54 victory over Arkansas-Little Rock at Alexander Memorial Coliseum.	ENTAILMENT
189	This example is Sports	New Orleans, LA (Sports Network) - New Orleans #39; Steve Gleason was fined \$5,000 by the NFL on Wednesday for punching the Panthers #39; Kemp Rasmussen during last Sunday #39;s 32-21 loss to Carolina.	ENTAILMENT
190	This example is Sports	SPORTS NETWORK - New York Jets quarterback Chad Pennington suffered a rotator cuff injury during Sunday #39;s game against the Buffalo Bills and is expected to miss the next two to four weeks.	ENTAILMENT
191	This example is Sports	CBC SPORTS ONLINE - The Detroit Pistons begin defending their title on Tuesday when they kick off another NBA season with a home game against the Houston Rockets.	ENTAILMENT
192	This example is Sports	CBC SPORTS ONLINE- - The National Hockey League Players #39; Association extended an olive branch to commissioner Gary Bettman on Thursday, inviting the league back to the negotiating table so it can examine a new proposal from the union.	ENTAILMENT
193	This example is Sports	CBC SPORTS ONLINE - The MLB Players #39; Association filed a grievance Tuesday on behalf of pitcher Denny Neagle after his contract was terminated by the Colorado Rockies.	ENTAILMENT
194	This example is Sports	CBC SPORTS ONLINE - Donovan McNabb threw three of his four touchdown passes to Terrell Owens as the Philadelphia Eagles pasted the Dallas Cowboys 49-21 victory at Texas Stadium on Monday.	ENTAILMENT
195	This example is Sports	(Sports Network) - Pedro Martinez tries to stop a personal three-game losing streak this evening when the Boston Red Sox attempt a three-game sweep of the Tampa Bay Devil Rays at Tropicana Field.	ENTAILMENT
196	This example is Sports	SPORTS NETWORK - Chad Pennington threw three touchdown passes to lead the New York Jets to a 41-14 victory over the Miami Dolphins at Giants Stadium.	ENTAILMENT
197	This example is Sports	New York, NY (Sports Network) - Los Angeles Clippers forward Elton Brand was suspended Tuesday for one game by the NBA for shoving Charlotte #39;s Emeka Okafor during the fourth quarter of Monday night #39;s game.	ENTAILMENT
198	This example is Sports	CBC SPORTS ONLINE - The Toronto Raptors extended the defending NBA champion Detroit Pistons to overtime but to little avail, losing 90-86 and Vince Carter to injury.	ENTAILMENT
199	This example is Sports	KNOXVILLE, Tenn. -- Defensive back Brandon Johnson, who had two interceptions for Tennessee (No. 13 ESPN/USA Today, No. 11 AP) at Mississippi, was suspended indefinitely Monday for violation of team rules.	ENTAILMENT
200	This example is Sports	CBC SPORTS ONLINE - Tommy Kane, the Montreal native who played wide receiver in the NFL and CFL, pleaded guilty to manslaughter Tuesday in connection with the death of his former wife.	ENTAILMENT
201	This example is Sports	CBC SPORTS ONLINE - An NHL lockout appears almost unavoidable after the league swiftly rejected the NHL Players #39; Association #39;s latest offer on Thursday.	ENTAILMENT
202	This example is Sports	DALLAS (Sports Network) - Dirk Nowitzki scored 25 points and grabbed 10 rebounds as the Dallas Mavericks overcame an early 17-point deficit for a 101-98 overtime victory against Golden State at American Airlines Center.	ENTAILMENT
203	This example is Sports	(Sports Network) - Anaheim registered a narrow 2-1 win over the Cleveland Indians at Jacobs Field Sunday night. John Lackey pitched 7 1/3 solid innings to lead the Angels to the victory.	ENTAILMENT
204	This example is Sports	CBC SPORTS ONLINE - Canada #39;s NHL teams came out Thursday and voiced their support for the league #39;s decision to lockout its players.	ENTAILMENT
205	This example is Sports	CBC SPORTS ONLINE - Roger Clemens did his part, now Roy Oswalt - the Houston Astros #39; other ace pitcher -opes to follow his veteran teammate #39;s lead.	ENTAILMENT
206	This example is Sports	CBC SPORTS ONLINE - After adding slugging third baseman Troy Glaus at baseball #39;s winter meetings, the Arizona Diamondbacks have turned their attention to pitching.	ENTAILMENT
207	This example is Sports	Pro baseball: Texas vs. Red Sox at Fenway Park, 7 p.m.; International League -- Rochester vs. Pawtucket at McCoy Stadium, Pawtucket, R.I., 7 p.m.	ENTAILMENT
208	This example is Sports	College football: Bryant at Bentley, 7 p.m. College hockey: Men -- Maine at Merrimack, 7 p.m.; UMass at Providence, 7 p.m.; Harvard at Brown, 7 p.m.; Air Force at Holy Cross, 7 p.m.; North Dakota at BC, 8 p.m. Women -- BC at Dartmouth, 5 p.m.; Brown at Maine, 7 p.m.;	ENTAILMENT
209	This example is Sports	Pro baseball: International League -- Pawtucket vs. Scranton/Wilkes-Barre at McCoy Stadium, Pawtucket, R.I., 1 p.m.; Eastern League -- Portland vs. New Hampshire at Hadlock Field, Portland, Maine, 1 p.m.; Atlantic League -- Nashua vs. Newark at Holman Stadium, Nashua, 6:30 p.m.	ENTAILMENT
210	This example is Sports	 SHAWNEE, Oklahoma (Sports Network) - Former heavyweight  champion Riddick Bowe is eyeing a return to the ring after  hanging up the gloves in 1996.	ENTAILMENT
211	This example is Sports	 CHICAGO (Sports Network) - Chicago White Sox slugger Frank  Thomas will remain with the team for 2005 after he exercised an  \$8 million option in his contract.	ENTAILMENT
212	This example is Sports	 New York, NY (Sports Network) - The New York Mets have  reportedly told Art Howe he will be fired, but he has agreed to  remain as the team's manager until the end of this season.	ENTAILMENT
213	This example is Sports	 TORONTO (Reuters) - National Hockey League team owners and  players appear poised to enter long contract negotiations  Thursday in a last-ditch bid to start the season on schedule.	ENTAILMENT
214	This example is Sports	 TORONTO (Sports Network) - Former Toronto Blue Jays manager  Bobby Mattick has died after suffering a stroke. Mattick was  89.	ENTAILMENT
215	This example is Sports	Farmington, PA (Sports Network) - Vijay Singh carded a three-under 69 on Sunday to hang on for the title at the 84 Lumber Classic.	ENTAILMENT
216	This example is Sports	 SALT LAKE CITY (Sports Network) - Utah standout quarterback  Alex Smith has apparently decided to take his skills to the  next level, opting to skip his senior season and enter April's  NFL Draft.	ENTAILMENT
217	This example is Sports	 SALT LAKE CITY (Sports Network) - Utah standout quarterback  Alex Smith has apparently decided to take his skills to the  next level, opting to skip his senior season and enter April's  NFL Draft.	ENTAILMENT
218	This example is Sports	 SALISBURY, Md., (Sports Network) - Olympic champion swimmer  Michael Phelps was arrested last week for driving under the  influence of alcohol.	ENTAILMENT
219	This example is Sports	 PHILADELPHIA (Sports Network) - Dorsey Levens has found  employment for the 2004 season after the veteran running back  signed a one-year contract with the Philadelphia Eagles on  Monday.	ENTAILMENT
220	This example is Sports	 TORONTO (Reuters) - The National Hockey League rejected an  offer from the players in the latest round of labor  negotiations Thursday, leaving little hope of avoiding a  lockout start to the season next month.	ENTAILMENT
221	This example is Sports	 CHICAGO (Sports Network) - The Chicago Cubs Tuesday agreed  to a contract with shortstop Nomar Garciaparra. As per team  policy, financial terms of the deal were not disclosed.	ENTAILMENT
222	This example is Sports	 ATLANTA (Sports Network) - Baltimore Ravens star running  back Jamal Lewis was not in the court room for his arraignment  on Friday, but pleaded not guilty through his lawyers on drug  charges.	ENTAILMENT
223	This example is Sports	 CLEVELAND, Ohio (Sports Network) - Cleveland Browns head  coach Butch Davis resigned Tuesday.	ENTAILMENT
224	This example is Sports	 LOGAN, Utah (Sports Network) - Brent Guy, a former Utah  State assistant, has been named the 25th head coach of the  Aggies.	ENTAILMENT
225	This example is Sports	 SAN FRANCISCO (Reuters) - The personal trainer to baseball  slugger Barry Bonds says investigators searched his home  without showing a warrant last year and made threatening  comments to him, his girlfriend and his young son.	ENTAILMENT
226	This example is Sports	 KAUAI, Hawaii (Sports Network) - Reigning U.S. Open  champion Retief Goosen shot a seven-under-par 65 on Tuesday to  take the lead after the opening round of the PGA Grand Slam of  Golf.	ENTAILMENT
227	This example is Sports	 ORLANDO, Fla. (Sports Network) - Heath Miller of Virginia  was named the winner of the John Mackey Award as the nation's  top tight end.	ENTAILMENT
228	This example is Sports	Miami, FL (Sports Network) - Bryce Molder and Tim Wilkinson each fired rounds of seven-under-par 64 on Thursday to share the lead during the suspended first round of the Miccosukee Championship.	ENTAILMENT
229	This example is Sports	Lake Buena Vista, FL (Sports Network) - Briny Baird fired a six-under 66 Friday to move to the top of the leaderboard after two rounds of the FUNAI Classic at Walt Disney Resort.	ENTAILMENT
230	This example is Sports	 PHILADELPHIA (Sports Network) - The Bowl Championship  Series released its first standings on Monday and as expected,  Southern California grabbed the top spot.	ENTAILMENT
231	This example is Sports	 KENNEWICK, Wash., (Sports Network) - Wally Backman, briefly  the manager of the Arizona Diamondbacks, was sentenced to 10  days in jail Friday for violating his probation.	ENTAILMENT
232	This example is Sports	 GAINESVILLE, Fla. (Sports Network) - Steve Spurrier will  not coach the Florida Gators again after he withdrew his name  from consideration in the process to select a new head football  coach at the university.	ENTAILMENT
233	This example is Sports	 TORONTO (Reuters) - Former Blue Jays pitcher and television  commentator John Cerutti was found dead in a Toronto hotel room  on Sunday. He was 44.	ENTAILMENT
234	This example is Sports	Cadiz, Spain (Sports Network) - Alastair Forsyth shot a four-under 67 on Saturday to grab the lead after the third round of the Volvo Masters Andalucia.	ENTAILMENT
235	This example is Sports	 CHICAGO (Sports Network) - The Chicago Cubs Thursday  declined to pick up the 2005 options on outfielder Moises Alou  and second baseman Mark Grudzielanek, making the two veterans  free agents.	ENTAILMENT
236	This example is Sports	 SCOTTSDALE, Ariz. (Sports Network) - Former heavyweight  champion Mike Tyson was arrested after allegedly jumping on the  hood of a car outside a nightclub.	ENTAILMENT
237	This example is Sports	CBC SPORTS ONLINE - Bode Miller continued his impressive 2004-05 World Cup skiing season by winning a night slalom race in Sestriere, Italy on Monday.	ENTAILMENT
238	This example is Sports	 DENVER (Sports Network) - Colorado terminated the contract  of pitcher Denny Neagle on Monday, three days after he was  ticketed for soliciting a women for oral sex.	ENTAILMENT
239	This example is Sports	 TORONTO (Sports Network) - Calgary Flames goaltender Miikka  Kiprusoff will receive a huge increase in salary for the  upcoming season after an arbitrator Monday awarded the Vezina  Trophy finalist \$2.95 million.	ENTAILMENT
240	This example is Sports	 PHILADELPHIA (Sports Network) - Kyle Eckel rushed for a  career-high 179 yards and a touchdown to lead the Navy  Midshipmen to a 42-13 rout of the Army Black Knights in the  105th meeting of the storied rivalry between the service  academies from Lincoln Financial Field.	ENTAILMENT
241	This example is Sports	 ATLANTA (Sports Network) - The Atlanta Hawks signed free  agent Kevin Willis on Wednesday, nearly a decade after the  veteran big man ended an 11- year stint with the team.	ENTAILMENT
242	This example is Sports	 FARMINGTON, Penn. (Sports Network) - Tiger Woods announced  that he will not play in this week's 84 Lumber Classic due to  fatigue.	ENTAILMENT
243	This example is Sports	London, England (Sports Network) - Blackburn named Welsh national team coach Mark Hughes its new boss Wednesday, effective immediately.	ENTAILMENT
244	This example is Sports	Hong Kong (Sports Network) - Miguel Angel Jimenez fired a six-under 64 Friday to surge into the lead after the second round of the Omega Hong Kong Open.	ENTAILMENT
245	This example is Sports	 ALAMEDA, Calif. (Sports Network) - Oakland Raiders  quarterback Rich Gannon will miss the remainder of the season,  but stopped short of announcing his retirement on Monday.	ENTAILMENT
246	This example is Sports	 LOS ANGELES (Sports Network) - Rick Majerus has reportedly  accepted an offer to be the new head basketball coach at  Southern California.	ENTAILMENT
247	This example is Sports	 HOUSTON (Reuters) - The red-hot Houston Astros slugged six  home runs on Saturday to beat the Colorado Rockies 9-3 and  clinch at least a tie for the National League wild card playoff  berth.	ENTAILMENT
248	This example is Sports	 MIAMI (Sports Network) - The Florida Marlins have signed  pitcher Al Leiter to a one-year contract, one day after the New  York Mets decided not to offer the lefthander arbitration.	ENTAILMENT
249	This example is Sports	 PHILADELPHIA (Sports Network) - The Philadelphia Phillies  re-signed righthander Cory Lidle to a two-year deal worth \$6.3  million Tuesday.	ENTAILMENT
250	This example is Sports	 COLUMBUS, Ohio (Sports Network) - Mike Nugent's 55-yard  field goal as time expired lifted the ninth-ranked Ohio State  Buckeyes to a dramatic 24-21 win over the pesky Marshall  Thundering Herd in the first-ever meeting between the teams.	ENTAILMENT
251	This example is Sports	Miami, FL (Sports Network) - Frank Gore rushed for 195 yards and a touchdown, Roscoe Parrish scored twice in the fourth quarter and No.	ENTAILMENT
252	This example is Sports	Jeju Island, South Korea (Sports Network) - Local favorite Grace Park birdied three of her final four holes Sunday to pull away and win the CJ Nine Bridges Classic by five strokes.	ENTAILMENT
253	This example is Sports	Lake Buena Vista, FL (Sports Network) - JL Lewis fired a 10-under-par 62 Thursday to take a two-shot lead after the opening round of the FUNAI Classic at Walt Disney Resort.	ENTAILMENT
254	This example is Sports	Kutztown, PA (Sports Network) - Lorena Ochoa fired a seven-under 65 on Sunday to come from behind and win the Wachovia LPGA Classic.	ENTAILMENT
255	This example is Sports	 LOS ANGELES (Sports Network) - Nate Robinson scored a  game-high 28 points to lead 16th-ranked Washington to a 100-93  win over Loyola-Marymount at Gersten Pavilion.	ENTAILMENT
256	This example is Sports	Palm Desert, CA (Sports Network) - Grace Park fired a 10-under-par 62 on Thursday to take the first-round lead of the Samsung World Championship at Bighorn.	ENTAILMENT
257	This example is Sports	 TORONTO (Reuters) - National Hockey League owners will meet  with representatives from the players union on Thursday in what  is seen as a final bid to end a lockout and save the NHL  season.	ENTAILMENT
258	This example is Sports	Jeju Island, South Korea (Sports Network) - Grace Park and Carin Koch posted matching rounds of six-under-par 66 on Friday to share the lead after the first round of the CJ Nine Bridges Classic.	ENTAILMENT
259	This example is Sports	 PITTSBURGH (Sports Network) - Kevin Bettencourt scored five  of his 13 points in the final two minutes to lead Bucknell to a  69-66 upset over 10th-ranked and previously unbeaten  Pittsburgh.	ENTAILMENT
260	This example is Sports	 OAKLAND, Calif. (Sports Network) - On the day that Jose  Guillen and the Anaheim Angels were to appear in front of an  arbitrator, the two sides reached an undisclosed financial  settlement Friday.	ENTAILMENT
261	This example is Sports	Villanova, PA (Sports Network) - Russian Nadia Petrova defeated fellow countrywoman Anastasia Myskina in quarterfinal action Friday at the Advanta Championships.	ENTAILMENT
262	This example is Sports	Cromwell, CT (Sports Network) - Woody Austin birdied the first playoff hole Sunday to defeat Tim Herron and win the Buick Championship.	ENTAILMENT
263	This example is Sports	 TALLAHASSEE, Fla. (Sports Network) - Florida State and West  Virginia will meet in the Gator Bowl on New Year's Day.	ENTAILMENT
264	This example is Sports	Vienna, Austria (Sports Network) - Top seeds David Nalbandian, Nicolas Massu and Rainer Schuettler were all quarterfinal losers Friday at the indoor BA-CA Tennis Trophy.	ENTAILMENT
265	This example is Sports	Hunt Valley, MD (Sports Network) - Wayne Levi matched the course record of eight-under-par 64 on Friday to take a one stroke lead after the opening round of the Constellation Energy Classic.	ENTAILMENT
266	This example is Sports	 CHICAGO (Sports Network) - The Chicago White Sox have come  to terms on a two-year, \$5.5 million contract with pitcher  Dustin Hermanson.	ENTAILMENT
267	This example is Sports	Surrey, England (Sports Network) - Ernie Els battled to a 1-up win Friday in the quarterfinals of the HSBC World Match Play Championship to move closer to his sixth title at this event.	ENTAILMENT
268	This example is Sports	 CHICAGO (Sports Network) - After much speculation, the  Chicago Bears officially signed quarterback Jeff George to a  one-year contract on Monday.	ENTAILMENT
269	This example is Sports	 TORONTO (Reuters) - NHL owners carried out their threat to  lock out players on Wednesday, shutting down the league after  the two sides failed to reach a new labor deal.	ENTAILMENT
270	This example is Sports	 CHICAGO, (Sports Network) - The Chicago Bears are expected  to sign quarterback Jeff George on Monday.	ENTAILMENT
271	This example is Sports	 EAST ST. LOUIS, Ill. (Sports Network) - Former St. Louis  Blues forward Mike Danton has been sentenced to 7 1/2 years in  prison for concocting a murder-for-hire plot against his agent.	ENTAILMENT
272	This example is Sports	 ATLANTA (Sports Network) - The Atlanta Hawks signed free  agent guards Kenny Anderson and Jon Barry on Thursday. Terms of  the contracts were not disclosed.	ENTAILMENT
273	This example is Sports	 ST. LOUIS (Sports Network) - Derek Lowe has allowed just  two hits as Boston jumped on St. Louis early and still leads  3-0 after six innings in Game 4 of the 2004 World Series.	ENTAILMENT
274	This example is Sports	 PHILADELPHIA (Sports Network) - Houston starting pitcher  Roger Clemens left Wednesday's 9-8 win over Philadelphia with a  strained right calf.	ENTAILMENT
275	This example is Sports	 PHILADELPHIA (Sports Network) - Houston starting pitcher  Roger Clemens left Wednesday's 9-8 win over Philadelphia with a  strained right calf.	ENTAILMENT
276	This example is Sports	North Augusta, SC (Sports Network) - Grace Park, Kim Saiki and Silvia Cavalleri each posted rounds of six-under-par 66 on Thursday to share the first-round lead of the Asahi Ryokuken International Championship.	ENTAILMENT
277	This example is Sports	Cromwell, CT (Sports Network) - Corey Pavin holed out for an eagle on the second hole, then chipped in for birdie at 18 en route to an eight-under-par 62 on Thursday and the first-round lead at the Buick Championship.	ENTAILMENT
278	This example is Sports	London, England (Sports Network) - England captain David Beckham fractured a rib during his country #39;s 2-0 win over Wales Saturday.	ENTAILMENT
279	This example is Sports	Cary, NC (Sports Network) - Craig Stadler shot a seven-under-par 65 on Friday to take the first-round lead of the SAS Championship at Prestonwood Country Club.	ENTAILMENT
280	This example is Sports	 PHILADELPHIA (Sports Network) - Southern California and  Oklahoma are still the top teams in the Bowl Championship  Series standings, while Auburn remained third and on the  outside looking in at the national championship game with one  week remaining in the regular season.	ENTAILMENT
281	This example is Sports	 MADRID (Reuters) - England captain David Beckham has denied  reports that he plans to retire from international soccer after  the 2006 World Cup and says he wants to play for his country as  long as possible.	ENTAILMENT
282	This example is Sports	San Francisco, CA (Sports Network) - Olympic track and field star Marion Jones filed a defamation lawsuit against BALCO chief Victor Conte on Wednesday.	ENTAILMENT
283	This example is Sports	Ames, IA (Sports Network) - Former Iowa State standout wrestler Cael Sanderson has joined the school as an assistant for the upcoming season.	ENTAILMENT
284	This example is Sports	 NEW YORK (Sports Network) - New York Yankees pitcher Kevin  Brown, who suffered a broken left hand Friday night when he  punched a wall after his start against the Baltimore Orioles,  could be lost for the remainder of the 2004 season.	ENTAILMENT
285	This example is Sports	 ST. AUGUSTINE, Fla. (Sports Network) - Hajime Meshiai, who  held the lead the previous two rounds, shot a three-under 69 on  Sunday to share first with Don Reese after five rounds of the  Champions Tour National Qualifying Tournament.	ENTAILMENT
286	This example is Sports	 LAWRENCE, Kan. (Sports Network) - Wayne Simien had 25  points and 14 rebounds as the top-ranked Kansas Jayhawks  survived a scare and fought off the Vermont Catamounts, 68-61.	ENTAILMENT
287	This example is Sports	Phoenix, AZ (Sports Network) - Luis Sharpe, a former offensive lineman for the Arizona Cardinals, has been sentenced to 2 1/2 years in state prison.	ENTAILMENT
288	This example is Sports	Springfield, IL (Sports Network) - Christina Kim posted a six-under 66 on Friday to cruise to a four-shot lead midway through the State Farm Classic at The Rail Golf Course.	ENTAILMENT
289	This example is Sports	 Baton Rouge, La. (Sports Network) - Redshirt freshman  kicker Alexis Serna's third missed extra point of the game in  overtime allowed the fourth-ranked LSU Tigers to escape with a  22-21 victory over Oregon State.	ENTAILMENT
290	This example is Sports	Knoxville, TN (Sports Network) - James Wilhoit atoned for a missed extra point by kicking a 50-yard field goal in the closing seconds to lift No.	ENTAILMENT
291	This example is Sports	Sonoma, CA (Sports Network) - Tom Kite battled heavy rain and cold temperatures on Saturday to shoot an even-par 72 and take the third-round lead of the Champions Tour #39;s season-ending Charles Schwab Cup Championship.	ENTAILMENT
292	This example is Sports	Louisville, KY (Sports Network) - San Francisco leftfielder Barry Bonds won his record setting 12th Silver Slugger award on Tuesday.	ENTAILMENT
293	This example is Sports	 ASHBURN, Va. (Sports Network) - Washington Redskins rookie  safety Sean Taylor was arrested on charges of driving under the  influence of alcohol and also refusing to take a breathalyzer  test.	ENTAILMENT
294	This example is Sports	Indianapolis, IN (Sports Network) - Minnesota Timberwolves Michael Olowokandi spent Wednesday night in jail after police needed a stun gun to compel him to leave a club.	ENTAILMENT
295	This example is Sports	Amsterdam, the Netherlands (Sports Network) - Dutch club Roda JC announced Tuesday that coach Wiljan Vloet will not be back next season.	ENTAILMENT
296	This example is Sports	 ALAMEDA, California (Sports Network) - Oakland cornerback  Charles Woodson finally ended a lengthy holdout Tuesday and  signed the Raiders' one-year tender. The deal is reportedly  worth \$8.782 million for the upcoming season.	ENTAILMENT
297	This example is Sports	Palm Harbor, FL (Sports Network) - Jeff Sluman fired a course-record, nine- under-par 62 on Thursday to take the first-round lead at the Chrysler Championship.	ENTAILMENT
298	This example is Sports	Palm Harbor, FL (Sports Network) - Vijay Singh, the top-ranked player in the world, fired a six-under 65 on Sunday to cruise to victory at the Chrysler Championship.	ENTAILMENT
299	This example is Sports	 SEATTLE (Sports Network) - Tyrone Willingham was not  unemployed for very long, as he was named the new head coach at  the University of Washington on Monday just two weeks after  being fired at Notre Dame.	ENTAILMENT
300	This example is Sports	 NEW YORK (Sports Network) - Two of the greatest shortstops  ever, Barry Larkin and Omar Vizquel, were among the 58 players  to file for free agency on Friday.	ENTAILMENT
301	This example is Sports	 TORONTO (Sports Network) - The Toronto Blue Jays signed  free agent third baseman Corey Koskie to a three-year contract  on Tuesday with an option for 2008.	ENTAILMENT
302	This example is Sports	 KANSAS CITY, Mo. (Sports Network) - Cleveland Indians  pitcher Kyle Denney was shot in the right calf late Wednesday  night after a bullet was fired at the team bus and grazed  another player.	ENTAILMENT
303	This example is Sports	 PHILADELPHIA (Sports Network) - Eric Williams scored 17  points on 7-of-10 shooting from the field to lead sixth-ranked  Wake Forest to a 67-64 win over Temple at the Liacouras Center.	ENTAILMENT
304	This example is Sports	St. Andrews, Scotland (Sports Network) - Luke Donald shot a four-under 68 on Saturday to move into the lead after the third round of the dunhill links championship.	ENTAILMENT
305	This example is Sports	Charleston, SC (Sports Network) - Bob and Mike Bryan teamed-up for a doubles win over Belarus on Saturday to clinch a spot in the Davis Cup final for the United States for the first time in seven years.	ENTAILMENT
306	This example is Sports	Paris, France (Sports Network) - AC Milan and Ukraine striker Andriy Shevchenko was named the European Footballer of the Year Monday.	ENTAILMENT
307	This example is Sports	 KANSAS CITY, Mo. (Sports Network) - Kansas City Chiefs  running back Priest Holmes will miss the remainder of the  season after being placed on injured reserve Thursday.	ENTAILMENT
308	This example is Sports	 NEW YORK (Sports Network) - New York Yankees first baseman  Jason Giambi has been receiving treatment for a benign tumor in  his pituitary gland.	ENTAILMENT
309	This example is Sports	Sonoma, CA (Sports Network) - Tom Kite carded a two-under 70 Friday to remain atop the leaderboard through two rounds of the Champions Tour #39;s season-ending Charles Schwab Cup Championship.	ENTAILMENT
310	This example is Sports	London, England (Sports Network) - Bolton #39;s El-Hadji Diouf was fined the maximum of two weeks worth of wages for spitting on Portsmouth #39;s Arjan de Zeeuw during a Premier League match on Saturday.	ENTAILMENT
311	This example is Sports	Sun City, South Africa (Sports Network) - Ernie Els and Retief Goosen, the No. 3 and 4 players in the world, posted rounds of two-under-par 70 on Thursday to grab a share of the lead after one round of the Nedbank Golf Challenge.	ENTAILMENT
312	This example is Sports	Paris, France (Sports Network) - Lille had a chance to close in on the Ligue 1 lead on Saturday with a win over Lens. But instead of capitalizing early they had to come from behind to earn a 1-1 draw.	ENTAILMENT
313	This example is Sports	 CHICAGO (Sports Network) - Chicago Cubs slugger Sammy Sosa  has reportedly been fined \$87,400, equal to his salary for one  game, by the team for his decision to leave Sunday's season  finale early.	ENTAILMENT
314	This example is Sports	 EL SEGUNDO, California (Sports Network) - Los Angeles  Lakers center Vlade Divac is not expected to be ready for the  start of training camp due to a herniated disc in his lower  back.	ENTAILMENT
315	This example is Sports	 LAKE FOREST, Ill. (Sports Network) - Chicago Bears wide  receiver David Terrell has been arrested for traffic  violations.	ENTAILMENT
316	This example is Sports	San Antonio, TX (Sports Network) - Dean Wilson shot a five-under 65 on Friday to move into the lead at the halfway point of the Texas Open.	ENTAILMENT
317	This example is Sports	 ATHENS (Reuters) - The United States crashed to its second  defeat in the Olympic men's basketball tournament Saturday when  a late shooting spree by Sarunas Jasikevicius propelled  Lithuania to a 94-90 victory.	ENTAILMENT
318	This example is Sports	 ATHENS (Reuters) - The United States crashed to its second  defeat in the Olympic men's basketball tournament Saturday when  a late shooting spree by Sarunas Jasikevicius propelled  Lithuania to a 94-90 victory.	ENTAILMENT
319	This example is Sports	Mason, OH (Sports Network) - Lindsay Davenport shook off a sluggish start to rally for a three-set victory over unheralded Lilia Osterloh at the inaugural Western  amp;amp;amp; Southern Financial Group Women #39;s Open. 	ENTAILMENT
320	This example is Sports	CBC SPORTS ONLINE - New York Yankees right-fielder Gary Sheffield revealed Tuesday that he and his wife were targeted by a blackmailer.	ENTAILMENT
321	This example is Sports	London, England (Sports Network) - Arsenal defender Sol Campbell will be out another three weeks as he is struggling to recover from an Achilles injury.	ENTAILMENT
322	This example is Sports	 COLUMBUS, Ohio (Sports Network) - Troy Smith threw for 241  yards and two touchdowns and ran for 145 yards and a score to  lead the Ohio State Buckeyes to a 37-21 victory over No. 7  Michigan in the final game of the regular season for both  teams.	ENTAILMENT
323	This example is Sports	 NEW YORK (Sports Network) - Minnesota Twins lefthander  Johan Santana, who won his final 13 decisions of the regular  season, was a unanimous selection for the 2004 American League  Cy Young Award.	ENTAILMENT
324	This example is Sports	Toronto, ON (Sports Network) - Vincent Lecavalier scored from a sharp angle on a second-chance opportunity 3:45 into overtime, lifting Canada to a 4-3 semifinal victory over the Czech Republic and sending the host country to the World Cup final.	ENTAILMENT
325	This example is Sports	 MEMPHIS, Tenn. (Sports Network) - The Memphis Grizzlies  signed All-Star forward Pau Gasol to a multi-year contract on  Friday. Terms of the deal were not announced.	ENTAILMENT
326	This example is Sports	 ALAMEDA, Calif. (Sports Network) - Oakland Raiders  quarterback Rich Gannon is expected to be sidelined for at  least six weeks after sustaining fractured vertebrae in his  neck.	ENTAILMENT
327	This example is Sports	AP - The NFL fined Broncos safety John Lynch  #36;7,500 on Wednesday for a hit he made against Chiefs receiver Dante Hall in the season opener.	ENTAILMENT
328	This example is Sports	 SEATTLE (Sports Network) - The Seattle Mariners have  scheduled a Wednesday afternoon press conference to announce  Mike Hargrove as their new manager.	ENTAILMENT
329	This example is Sports	 DENVER (Sports Network) - Colorado Rockies vice chairman  Jerry McMorris has been removed from the team's board of  directors and also as an officer. The move came during a  meeting of the director and shareholders of the club's general  partner.	ENTAILMENT
330	This example is Sports	 MAUI, Hawaii (Sports Network) - Jeff Horner scored 18  points and Pierre Pierce added 16, as Iowa knocked off  12th-ranked Louisville, 76-71, in the opening round of the Maui  Invitational at the Lahaina Civic Center.	ENTAILMENT
331	This example is Sports	 ENGLEWOOD, Colorado (Sports Network) - Denver Broncos  running back Quentin Griffin will miss the remainder of the  season after being placed on injured reserve Wednesday with a  knee injury.	ENTAILMENT
332	This example is Sports	Beijing, China (Sports Network) - Gisela Dulko of Argentina posted a straight- set victory over Hungarian Aniko Kapros in the first round of the \$585,000 China Open.	ENTAILMENT
333	This example is Sports	 HOUSTON (Sports Network) - The Houston Rockets activated  guard Tyronn Lue from the injured list prior to Wednesday's  game against the Hawks.	ENTAILMENT
334	This example is Sports	 TEMPE, Ariz. (Sports Network) - Josh McCown has re-claimed  his role as the Arizona Cardinals' starting quarterback, at  least temporarily.	ENTAILMENT
335	This example is Sports	 Eden Prairie, Minn. (Sports Network) - Minnesota Vikings  starting running back Michael Bennett will miss the team's  season opener against the Dallas Cowboys on September 12 with a  sprained right knee.	ENTAILMENT
336	This example is Sports	 SAN FRANCISCO (Sports Network) - San Francisco linebacker  Julian Peterson left Sunday's game against Arizona late in the  first quarter with a torn left Achilles' tendon.	ENTAILMENT
337	This example is Sports	Moscow, Russia (Sports Network) - Russia and France will meet for the Fed Cup title this weekend at Krylatskoe Ice Stadium in a rematch of last year #39;s semifinals.	ENTAILMENT
338	This example is Sports	 ATLANTA (Sports Network) - Atlanta Thrashers right wing  Dany Heatley, who is charged with vehicular homicide and five  other counts in the 2003 car crash that killed teammate Dan  Snyder, had his Wednesday arraignment waived by a judge.	ENTAILMENT
339	This example is Sports	CBC SPORTS ONLINE - Free-agent pitcher Woody Williams rejoined the San Diego Padres more than three years after he was traded away.	ENTAILMENT
340	This example is Sports	 ALAMEDA, Calif. (Sports Network) - Oakland Raiders wide  receiver Ronald Curry suffered a torn left Achilles' tendon  during Sunday's loss to Kansas City and will miss the remainder  of the season.	ENTAILMENT
341	This example is Sports	 CINCINNATI (Sports Network) - The Cincinnati Reds announced  at a Tuesday afternoon press conference that they will not be  re-signing veteran shortstop Barry Larkin for 2005.	ENTAILMENT
342	This example is Sports	 MIAMI (Sports Network) - Miami Dolphins quarterback Jay  Fiedler was placed on injured reserve Tuesday with a herniated  disk in his neck, ending his 2004 season.	ENTAILMENT
343	This example is Sports	 BALTIMORE (Sports Network) - Baltimore Ravens cornerback  Chris McAlister agreed to a one-year tender with the team on  Monday, ending the All-Pro's month-long holdout.	ENTAILMENT
344	This example is Sports	 PHILADELPHIA (Sports Network) - Southern California and  Oklahoma remained the top two teams in the Bowl Championship  Series standings, while Auburn is still No. 3 but closing in on  the coveted second slot.	ENTAILMENT
345	This example is Sports	London, England (Sports Network) - Captain John Terry signed a fresh contract with Chelsea Tuesday that will keep him with the club until 2009.	ENTAILMENT
346	This example is Sports	London, England (Sports Network) - Arsenal midfielder Gilberto Silva will be shut down for at least one month as he attempts to recover from a back injury.	ENTAILMENT
347	This example is Sports	 SAN FRANCISCO (Reuters) - Marquis Grissom hit a grand slam  homer and the San Francisco Giants rallied from a six run  deficit to defeat the Arizona Diamondbacks 9-7 in National  League play on Saturday.	ENTAILMENT
348	This example is Sports	 SAN FRANCISCO (Reuters) - Marquis Grissom hit a grand slam  homer and the San Francisco Giants rallied from a six run  deficit to defeat the Arizona Diamondbacks 9-7 in National  League play on Saturday.	ENTAILMENT
349	This example is Sports	 SAN FRANCISCO (Reuters) - Marquis Grissom hit a grand slam  homer and the San Francisco Giants rallied from a six run  deficit to defeat the Arizona Diamondbacks 9-7 in National  League play on Saturday.	ENTAILMENT
350	This example is Sports	 ANAHEIM, Calif., (Sports Network) - Free agent starting  pitcher Carl Pavano has chosen to join the New York Yankees and  the two sides were working on finalizing a contract before the  end of the winter meetings.	ENTAILMENT
351	This example is Sports	Cadiz, Spain (Sports Network) - Ian Poulter parred the first hole of a playoff on Sunday to win the Volvo Masters Andalucia over Ryder Cup teammate Sergio Garcia at Valderrama Golf Club.	ENTAILMENT
352	This example is Sports	Madrid, Spain (Sports Network) - Villarreal midfielder Marcos Senna was suspended Thursday by UEFA after failing a drug test back in August.	ENTAILMENT
353	This example is Sports	 BALTIMORE, (Sports Network) - Baltimore Ravens running back  Jamal Lewis will miss his second straight game with a sprained  right ankle when his club takes on the Cincinnati Bengals this  Sunday.	ENTAILMENT
354	This example is Sports	 TORONTO (Reuters) - The National Hockey League and players  union will meet again Monday after failing to make any progress  in labor talks Thursday.	ENTAILMENT
355	This example is Sports	Kansas City, MO (Sports Network) - Kansas City running back Priest Holmes strained ligaments in his right knee in Sunday #39;s 34-31 loss at Tampa Bay.	ENTAILMENT
356	This example is Sports	Charleston, SC (Sports Network) - Andy Roddick and Mardy Fish each posted singles victories Friday to give the United States a 2-0 lead over Belarus in their best-of-five Davis Cup semifinal.	ENTAILMENT
357	This example is Sports	Madison, MS (Sports Network) - Harrison Frazar shot a seven-under-par 65 on Thursday to share the lead with Glen Day and John Senden after the opening round of the Southern Farm Bureau Classic at Annandale Golf Club.	ENTAILMENT
358	This example is Sports	Moscow, Russia (Sports Network) - Russia and France cruised into the Fed Cup final Thursday, completing 5-0 shutouts over opponents Austria and Spain after taking commanding early leads in the semifinals.	ENTAILMENT
359	This example is Sports	 FOXBORO, Massachusetts (Reuters) - Brian Ching and Landon  Donovan scored well-taken goals as the United States beat  10-man El Salvador 2-0 in an ill-tempered CONCACAF zone Group A  World Cup qualifier on Saturday.	ENTAILMENT
360	This example is Sports	London, England (Sports Network) - For the first time during this young Premiership campaign, Arsenal took the field and did not emerge victorious.	ENTAILMENT
361	This example is Sports	 KAZAN, Russia (Sports Network) - Russian forward Alexei  Kovalev is the latest locked out National Hockey League player  to head abroad, as he signed on to play for AK Bars Kazan.	ENTAILMENT
362	This example is Sports	 PHILADELPHIA (Sports Network) - The Philadelphia Phillies  introduced Charlie Manuel as their 51st manager on Thursday  afternoon. The 60-year-old Manuel was one of eight candidates  interviewed for the job.	ENTAILMENT
363	This example is Sports	London, England (Sports Network) - Tottenham remained unbeaten by drawing with Norwich Sunday, 0-0, in the only Premiership fixture of the day.	ENTAILMENT
364	This example is Sports	Philadelphia, PA (Sports Network) - The Florida Marlins announced on Saturday they have re-signed manager Jack McKeon to a one-year contract through the 2005 season.	ENTAILMENT
365	This example is Sports	 TEMPE, Ariz. (Sports Network) - The Arizona Cardinals  placed running back Marcel Shipp and fullback James Hodgins on  injured reserve Wednesday night, effectively ending their  seasons.	ENTAILMENT
366	This example is Sports	London, England (Sports Network) - Jaguar Racing made the announcement on Friday that it would no longer be competing in the series at the end of the 2004 season.	ENTAILMENT
367	This example is Sports	 PHILADELPHIA (Sports Network) - The Philadelphia Eagles  locked up their most successful head coach in franchise history  Wednesday, signing Andy Reid to a four-year contract extension.	ENTAILMENT
368	This example is Sports	 MIAMI (Sports Network) - Former Dolphins running back Ricky  Williams was ordered by an arbitrator Friday to pay a huge sum  of money to Miami, which filed a grievance against the star  after he retired just prior to training camp this season.	ENTAILMENT
369	This example is Sports	 PHILADELPHIA (Sports Network) - Owners on Thursday  unanimously voted to extend the term of baseball commissioner  Bud Selig for three years through 2009.	ENTAILMENT
370	This example is Sports	Spring, TX (Sports Network) - Larry Nelson fired an eight-under 64 Sunday and birdied the first playoff hole to win the inaugural Adminstaff Small Business Classic.	ENTAILMENT
371	This example is Sports	Los Angeles, CA (Sports Network) - Current world No. 1 Lindsay Davenport and former top-ranked superstar Serena Williams will be among those seeing action Wednesday night at the season-ending \$3 million WTA Tour Championships.	ENTAILMENT
372	This example is Sports	Kiev, Ukraine (Sports Network) - Shakhtar Donetsk #39;s Champions League aspirations were dealt a severe blow Thursday when the club learned star striker Julius Aghahowa will be out for two weeks.	ENTAILMENT
373	This example is Sports	 HOUSTON (Reuters) - The Houston Astros' Carlos Beltran has  the St Louis Cardinals shaking their heads in disbelief and  baseball owners quaking in their boots.	ENTAILMENT
374	This example is Sports	 PITTSBURGH (Sports Network) - The Pittsburgh Pirates agreed  to terms Thursday with closer Jose Mesa on a one-year contract,  with a club option for 2006.	ENTAILMENT
375	This example is Sports	 CLEVELAND, Ohio (Sports Network) - Cleveland Browns rookie  tight end Kellen Winslow is expected to be sidelined  six-to-eight weeks after suffering a broken right fibula during  Sunday's 19-12 loss to Dallas.	ENTAILMENT
376	This example is Sports	CBC SPORTS ONLINE - Zoran Planinic of the New Jersey Nets underwent surgery on his broken left hand Thursday and is sidelined indefinitely.	ENTAILMENT
377	This example is Sports	Melbourne, Australia (Sports Network) - Former world No. 1 Kim Clijsters continues to recover from a wrist injury and is not expected to play in next month #39;s Australian Open.	ENTAILMENT
378	This example is Sports	 HOUSTON (Reuters) - Former National League Most Valuable  Player Ken Caminiti, who in 2002 admitted he used steroids,  died of an apparent heart attack in New York on Sunday, Major  League Baseball said on Monday.	ENTAILMENT
379	This example is Sports	Tokyo, Japan (Sports Network) - Fifth-seeded Jiri Novak of the Czech Republic sent seventh-seeded American Taylor Dent packing with a tough victory in Sunday #39;s final at the \$775,000 Japan Open.	ENTAILMENT
380	This example is Sports	Houston, TX (Sports Network) - Third-seeded Lleyton Hewitt humbled eighth- seeded Gaston Gaudio 6-2, 6-1 on Friday to secure a spot in the semifinals at the 2004 Tennis Masters Cup.	ENTAILMENT
381	This example is Sports	Buenos Aires, Argentina (Sports Network) - Marcelo Bielsa resigned as Argentina #39;s coach on Tuesday, despite leading his country to the final of Copa America and to an Olympic triumph this summer.	ENTAILMENT
382	This example is Sports	Oxford, MS (Sports Network) - John Daly #39;s wife, Sherrie Miller Daly, pleaded guilty to a federal money laundering charge on Friday and will await sentencing.	ENTAILMENT
383	This example is Sports	Oakville, ON (Sports Network) - Canada #39;s own Mike Weir fired a six-under 65 on Friday to take the lead during round two of the Canadian Open.	ENTAILMENT
384	This example is Sports	 NEW YORK (Reuters) - Randy Johnson struck out 14 batters in  8 1/3 innings to help the Arizona Diamondbacks end a nine-game  losing streak with a 2-0 win over the New York Mets on Sunday.	ENTAILMENT
385	This example is Sports	Chandler, AZ (Sports Network) - Chris Nallen closed with a one-under 71 on Sunday, but it was more than enough to win the Gila River Golf Classic.	ENTAILMENT
386	This example is Sports	London, England (Sports Network) - Captain David Beckham will make his return to the English national team Wednesday when they travel to Madrid for a friendly.	ENTAILMENT
387	This example is Sports	 NEW YORK (Sports Network) - The New York Jets and  quarterback Chad Pennington finally agreed on a long-term  contract extension Wednesday.	ENTAILMENT
388	This example is Sports	Charleston, SC (Sports Network) - Andy Roddick and Mardy Fish will play singles for the United States in this weekend #39;s Davis Cup semifinal matchup against Belarus.	ENTAILMENT
389	This example is Sports	 ATHENS (Reuters) - The U.S. men's basketball team was  beaten by Argentina and booed off the court by the crowd on  Friday as it was denied an Olympic gold medal for the first  time since 1992 when NBA players started competing.	ENTAILMENT
390	This example is Sports	Munich, Germany (Sports Network) - European Ryder Cup captain Bernhard Langer finalized his team on Sunday when he added six-time Ryder Cup veteran Colin Montgomerie and rookie Luke Donald.	ENTAILMENT
391	This example is Sports	CBC SPORTS ONLINE - Swiss star Roger Federer captured his 10th tennis title of the year by defeating Andy Roddick in the Thailand Open final Sunday in Bangkok.	ENTAILMENT
392	This example is Sports	 BEIJING (Reuters) - The NBA is considering playing some of  its regular season games in China, commissioner David Stern  said Friday.	ENTAILMENT
393	This example is Sports	 KIRKLAND, Wash. (Sports Network) - Seattle Seahawks  defensive end Grant Wistrom will miss the next four-to-six  weeks due a fracture in his left knee.	ENTAILMENT
394	This example is Sports	Indianapolis, IN (Sports Network) - Minnesota Timberwolves center Michael Olowokandi spent Wednesday night in jail after police needed a stun gun to compel him to leave a nightclub.	ENTAILMENT
395	This example is Sports	 NEW YORK (Sports Network) - New York Yankees outfielder  Gary Sheffield will have arthroscopic surgery Tuesday on his  ailing left shoulder.	ENTAILMENT
396	This example is Sports	Madison, MS (Sports Network) - Harrison Frazar posted a five-under 67 Friday to maintain a share of the lead through two rounds of the Southern Farm Bureau Classic at Annandale Golf Club.	ENTAILMENT
397	This example is Sports	 JACKSONVILLE, Fla. (Sports Network) - In a surprising turn  of events, Urban Meyer is expected to be named head football  coach at the University of Florida.	ENTAILMENT
398	This example is Sports	 STARKVILLE, Miss. (Sports Network) - Mississippi State has  extended the contract of head football coach Sylvester Croom,  keeping him with the university through the 2008 season.	ENTAILMENT
399	This example is Sports	Auburn, CA (Sports Network) - Leta Lindley fired a six-under 65 on Saturday to take the lead through 54 holes of the Longs Drugs Challenge.	ENTAILMENT
400	This example is Sports	Reuters - The National Football League\handed down  #36;10,000 fines on Tuesday to linebacker Joey Porter\of the Steelers and running back William Green of the Browns\for their parts in a pre-game fight this past Sunday.	ENTAILMENT
401	This example is Sports	 Eden Prairie, Minn. (Sports Network) - The Minnesota  Vikings released former professional and amateur wrestling star  Brock Lesnar Monday.	ENTAILMENT
402	This example is Sports	 OAKLAND, Calif. (Sports Network) - Texas Rangers second  baseman Alfonso Soriano left Thursday's 5-4 loss to Oakland  after he injured his left leg, and he might miss the rest of  the season.	ENTAILMENT
403	This example is Sports	St. Louis, MO (Sports Network) - Jim Edmonds homered and delivered the go- ahead run in the eighth inning on a sacrifice fly, leading the St.	ENTAILMENT
404	This example is Sports	 CHAMPAIGN, Ill. (Sports Network) - Luther Head had a  game-high 17 points and Dee Brown added 15 along with nine  assists as top-ranked Illinois cruised to a 78-59 victory over  in-state foe Chicago State at Assembly Hall.	ENTAILMENT
405	This example is Sports	Bronx, NY (Sports Network) - Ken Caminiti, who won the National League MVP in 1996 and later admitted to using steroids during his playing career, passed away on Sunday due to an apparent heart attack.	ENTAILMENT
406	This example is Sports	CBC SPORTS ONLINE - Marion Jones pulled out of Sunday #39;s Golden League track and field meet in Berlin because of back pain, and organizers said she wouldn #39;t compete again this year.	ENTAILMENT
407	This example is Sports	Mallorca, Spain (Sports Network) - Simon Khan stands at five-under par through 13 holes and holds a share of the lead during the first round of the Mallorca Classic.	ENTAILMENT
408	This example is Sports	Bloomfield Hills, MI (Sports Network) - Colin Montgomerie teamed with Padraig Harrington Friday morning to defeat Tiger Woods and Phil Mickelson 2  amp; 1 to the lead European squad to a 3 1/2 - 1/2 lead after the morning fourball matches at the 35th Ryder Cup 	ENTAILMENT
409	This example is Sports	Bucharest, Romania (Sports Network) - Victor Piturca has been re-appointed as Romania #39;s national team coach. Piturca, 48, was fired four years ago after a dispute with Romania legend Gheorghe Hagi.	ENTAILMENT
410	This example is Sports	 SAN FRANCISCO (Sports Network) - According to a report, New  York Yankees first baseman Jason Giambi claimed in his grand  jury testimony that he took a human growth hormone in 2003 and  also used steroids for at least three seasons.	ENTAILMENT
411	This example is Sports	Athens, Greece (Sports Network) - Greek weightlifter Leonidas Sampanis on Sunday was stripped of the bronze medal he won last week and banished from the Athens Games for failing an antidoping test.	ENTAILMENT
412	This example is Sports	CBC SPORTS ONLINE - Oscar De La Hoya will try and take a page out of the boxing history book while writing his own legend at the MGM Grand Garden Arena in Las Vegas tonight.	ENTAILMENT
413	This example is Sports	London, England (Sports Network) - Leaders Chelsea and defending champions Arsenal played to an intense 2-2 draw in a London derby Sunday at Highbury.	ENTAILMENT
414	This example is Sports	CBC SPORTS ONLINE - It?s been 86 years since the Boston Red Sox last won the World Series, but they still have a long way to go to vanquish the so-called  #39;Curse of the Bambino.	ENTAILMENT
415	This example is Sports	Torino, Italy (Sports Network) - Juventus served notice of its intentions Tuesday, acquiring Italian national team captain Fabio Cannavaro and talented Swedish striker Zlatan Ibrahimovic.	ENTAILMENT
416	This example is Sports	 SANTA CLARA, Calif., (Sports Network) - Kevan Barlow of the  San Francisco 49ers underwent a precautionary MRI on his sore  right knee Wednesday, but the running back expects to play  Sunday in Seattle.	ENTAILMENT
417	This example is Sports	Rome, Italy (Sports Network) - AC Milan must improve its play in order to repeat last season #39;s Serie A triumph. So far the Rossoneri have four points after three matches, but have conceded an alarming four goals.	ENTAILMENT
418	This example is Sports	White Plains, NY (Sports Network) - Zina Garrison was given a one-year contract extension to remain captain of the American Fed Cup team, while the legendary Billie Jean King retired as a coach for the squad.	ENTAILMENT
419	This example is Sports	 ST. LOUIS, Mo., (Sports Network) - San Diego signed pitcher  Woody Williams and infielder Geoff Blum on Wednesday to  one-year, free-agent contracts.	ENTAILMENT
420	This example is Sports	 MONTREAL (Reuters) - Ryan Smyth scored twice and Martin St  Louis had a goal and an assist for the second straight game as  Canada eased to a 5-1 win over Slovakia in round-robin play at  the World Cup of Hockey on Wednesday.	ENTAILMENT
421	This example is Sports	 DENVER (Sports Network) - Carmelo Anthony of the Denver  Nuggets was cited for possession of marijuana before boarding a  team flight, but the star forward said the drug was left in his  bag by a friend.	ENTAILMENT
422	This example is Sports	Cologne, Germany (Sports Network) - Graeme McDowell carded a three-under 69 on Saturday to maintain a three-shot advantage after the third round of the Linde German #39;s Masters.	ENTAILMENT
423	This example is Sports	 SPRINGFIELD, Massachusetts (Sports Network) - Former  Portland Trail Blazers guard Clyde Drexler highlights the class  of 2004 inductees for the Basketball Hall of Fame.	ENTAILMENT
424	This example is Sports	CBC SPORTS ONLINE - US Open champion Retief Goosen was the only winner on a rainy opening day of the World Match Play Championship on Thursday, beating Jeff Maggert by a record 12 and 11.	ENTAILMENT
425	This example is Sports	London, England (Sports Network) - Disappointing Porto will meet a confident Chelsea side led by its former coach at Stamford Bridge on Wednesday as Matchday 2 continues.	ENTAILMENT
426	This example is Sports	 EAST RUTHERFORD, N.J. (Sports Network) - New Jersey Nets  guard Ron Mercer is scheduled to have surgery Monday on his  left knee and could be out of action for up to four weeks.	ENTAILMENT
427	This example is Sports	 ANAHEIM, Calif. (Sports Network) - The Boston Red Sox have  signed free agent pitcher David Wells. The deal is believed to  be for two years.	ENTAILMENT
428	This example is Sports	London, England (Sports Network) - Arsenal and Tottenham will clash in the North London derby Saturday as the Gunners attempt to recover their unbeatable form at White Hart Lane.	ENTAILMENT
429	This example is Sports	Las Vegas, NV (Sports Network) - The middleweight megafight billed as the  quot;Quest for History quot; between undisputed champion Bernard Hopkins and the Golden Boy of boxing, Oscar De La Hoya, is just a day away.	ENTAILMENT
430	This example is Sports	 NEW ORLEANS (Sports Network) - Jason Campbell passed for  195 yards and a touchdown, Auburn's defense solidified its  status as one of the nation's toughest, and the third-ranked  Tigers completed the first perfect season in school history  with a 16-13 victory over No. 9 Virginia Tech in the Sugar  Bowl.	ENTAILMENT
431	This example is Sports	 EAST RUTHERFORD, New Jersey (Sports Network) - Retired NBA  center and seven-time All- Star Alonzo Mourning is going to  give his playing career one more shot.	ENTAILMENT
432	This example is Sports	 MONTREAL (Reuters) - The National Hockey League and its  players ended three days of labor talks in an apparent deadlock  on Thursday, with little progress seen in avoiding a lockout by  team owners later this month.	ENTAILMENT
433	This example is Sports	 NEW YORK (Sports Network) - Brothers Joey and Stephen  Graham scored 16 points apiece and No. 5 Oklahoma State used a  strong second half performance to beat fourth-ranked Syracuse  74-60 in the second game of the Jimmy V Classic at Madison  Square Garden.	ENTAILMENT
434	This example is Sports	 NEW YORK (Sports Network) - New York Yankees manager Joe  Torre said Monday he was unsure if closer Mariano Rivera would  be available for Tuesday's opener of the American League  Championship Series against Boston after a tragic accident at  the reliever's home in Panama over the weekend.	ENTAILMENT
435	This example is Sports	AP - The Chicago Cubs paid a  #36;6,725 penalty for renovating landmark Wrigley Field without the required city permits for such work.	ENTAILMENT
436	This example is Sports	" SALVO, North Carolina (Reuters) - Olympic 400 meters relay  gold medallist Alvin Harrison ""accepts responsibility"" for  doping violations that led the U.S. Anti-Doping Agency (USADA)  to ban him for four years and he plans to quit athletics, says  his attorney."	ENTAILMENT
437	This example is Sports	London, England (Sports Network) - Not much was expected from Everton this season, especially after the departure of star striker Wayne Rooney to Manchester United.	ENTAILMENT
438	This example is Sports	 TORONTO (Sports Network) - The Portland Trail Blazers fined  forward Zach Randolph for missing the team flight to Toronto,  where they will meet the Raptors Sunday afternoon.	ENTAILMENT
439	This example is Sports	Madison, MS (Sports Network) - Fred Funk fashioned an eight-under 64 on Saturday to grab a one-stroke lead through three rounds of the Southern Farm Bureau Classic.	ENTAILMENT
440	This example is Sports	Paris, France (Sports Network) - Paris Saint Germain suffered an embarrassing home draw to St. Etienne Sunday, 2-2. PSG is winless in four games so far this season, and has only earned draws against two promoted squads.	ENTAILMENT
441	This example is Sports	Los Angeles, CA (Sports Network) - Serena Williams rallied for a three-set victory over Amelie Mauresmo to reach the final of the WTA Championships at the Staples Center.	ENTAILMENT
442	This example is Sports	CBC SPORTS ONLINE - Five-time Olympic biathlon champion Ole Einar Bjorndalen of Norway may have been absent from a World Cup event Wednesday, but his fellow countrymen Stian Eckhoff and Frode Andresen were there to pick up the slack.	ENTAILMENT
443	This example is Sports	Beijing, China (Sports Network) - Top-seeded American Serena Williams and Wimbledon winner Maria Sharapova of Russia both posted second-round wins Wednesday and moved into the quarterfinals at the inaugural \$585,000 China Open.	ENTAILMENT
444	This example is Sports	Atlanta, GA (Sports Network) - The Atlanta Hawks signed free agent Kevin Willis on Wednesday, nearly a decade after the veteran big man ended an 11- year stint with the team.	ENTAILMENT
445	This example is Sports	CBC SPORTS ONLINE - The Vancouver Canucks will announce Wednesday that local businessman Francesco Aquilini is buying half of the team, according to newspaper reports.	ENTAILMENT
446	This example is Sports	Charlotte, NC (Sports Network) - The Carolina Panthers will be without running back Stephen Davis for Sunday #39;s matchup with the Atlanta Falcons.	ENTAILMENT
447	This example is Sports	 ST. LOUIS (Sports Network) - St. Louis Cardinals starting  pitcher Chris Carpenter is expected to miss the first round of  the playoffs next week with an injury to his right arm.	ENTAILMENT
448	This example is Sports	 HELSINKI (Reuters) - U.S. anti-doping officials plan to  question Victor Conte after the BALCO head claimed he saw  sprinter Marion Jones taking banned drugs, world athletics body  the IAAF said Saturday.	ENTAILMENT
449	This example is Sports	Kilkenny, Ireland (Sports Network) - Ernie Els fired an eight-under 64 on Friday to take the lead midway through the World Golf Championships - American Express Championship.	ENTAILMENT
450	This example is Sports	 ATHENS (Reuters) - Officials had to separate the U.S. and  Spanish coaches when an argument erupted at the end of the game  as the United States beat Spain 102-94 in the Olympic men's  basketball quarter-finals Thursday.	ENTAILMENT
451	This example is Sports	 ATHENS (Reuters) - Officials had to separate the U.S. and  Spanish coaches when an argument erupted at the end of the game  as the United States beat Spain 102-94 in the Olympic men's  basketball quarter-finals Thursday.	ENTAILMENT
452	This example is Sports	 PHILADELPHIA (Sports Network) - The Philadelphia Eagles  announced Saturday that cornerback Lito Sheppard and defensive  tackle Sam Rayburn each signed contract extensions that will  keep both players in the fold through the 2011 season.	ENTAILMENT
453	This example is Sports	Las Vegas, NV (Sports Network) - Brian Grant had 22 points and Chris Mihm added 15, as the Los Angeles Lakers downed the Phoenix Suns, 111-103.	ENTAILMENT
454	This example is Sports	Marseille, France (Sports Network) - French power Marseille have reached an  quot;agreement in principal quot; for Philippe Troussier to become its new head coach.	ENTAILMENT
455	This example is Sports	 PHILADELPHIA (Sports Network) - Miami is off to its best  start in franchise history. The Heat won their first four games  of the 2004-05 campaign, with three of their victories by 10  points or more.	ENTAILMENT
456	This example is Sports	 GREENVILLE, N.C. (Sports Network) - East Carolina head  football coach John Thompson announced his resignation,  effective at the end of the season, on Wednesday.	ENTAILMENT
457	This example is Sports	 NEW ORLEANS, La. (Sports Network) - New Orleans Hornets  center Jamaal Magloire is expected to be sidelined for up to  three months because of a dislocated right ring finger.	ENTAILMENT
458	This example is Sports	Ottawa, ON (Sports Network) - The negotiations to save the National Hockey League from a work stoppage seemed to take a turn for the worse on Thursday.	ENTAILMENT
459	This example is Sports	Gelsenkirchen, Germany (Sports Network) - Mainz has shocked everyone in the Bundesliga this season. The newcomers, who were expected to finish near the bottom of the table, are currently stationed in third.	ENTAILMENT
460	This example is Sports	 San Diego, Calif. (Sports Network) - The San Diego Chargers  Monday named Drew Brees as the team's starting quarterback for  their regular-season opener on September 12 against Houston.	ENTAILMENT
461	This example is Sports	 NEW YORK (Sports Network) - The New York Yankees re-signed  catcher John Flaherty to a one-year contract on Friday.	ENTAILMENT
462	This example is Sports	CBC SPORTS ONLINE - Prime Minister Paul Martin said Friday he believes the National Hockey League and its players will eventually overcome their acrimonious labour impasse.	ENTAILMENT
463	This example is Sports	Stuttgart, Germany (Sports Network) - Werder Bremen scored twice in the last 12 minutes as the defending Bundesliga champions beat Stuttgart in a physical match, 2-1.	ENTAILMENT
464	This example is Sports	Paris, France (Sports Network) - Andre Agassi and David Nalbandian announced Monday that they have withdrawn from the Paris Masters because of injuries.	ENTAILMENT
465	This example is Sports	Hanover, NH (Sports Network) - Dartmouth University fired head football coach John Lyons on Tuesday. The Big Green finished just 1-9 this season, marking the worst record in school history.	ENTAILMENT
466	This example is Sports	AP - Indians shortstop Omar Vizquel and closer Bob Wickman filed for free agency on Friday after the team declined to pick up  #36;5 million options on the two veterans earlier this month.	ENTAILMENT
467	This example is Sports	 ATHENS (Reuters) - The U.S. women took their third  consecutive gold medal in Olympic basketball Saturday, breaking  open a close game in the fourth quarter to beat Australia  74-63.	ENTAILMENT
468	This example is Sports	Chicago, IL (Sports Network) - Cindy Parlow recorded a hat trick for the United States during a 5-1 win over Ireland Wednesday night at Soldier Field.	ENTAILMENT
469	This example is Sports	St. Louis, MO (Sports Network) - Offensive tackle Orlando Pace ended his holdout by signing a one-year, \$7.02 million contract with the St.	ENTAILMENT
470	This example is Sports	 ATHENS (Reuters) - The United States rebounded from a shock  opening game loss to narrowly beat Greece 77-71 at the men's  Olympic basketball tournament on Tuesday.	ENTAILMENT
471	This example is Sports	Washington, DC (Sports Network) - Washington Wizards forward Kwame Brown will not be ready for the season opener, but could play by the end of November.	ENTAILMENT
472	This example is Sports	Kutztown, PA (Sports Network) - Jill McGill fired an eight-under 64 on Friday to post a 14-under-par 130 and take a four-shot lead midway through the Wachovia LPGA Classic.	ENTAILMENT
473	This example is Sports	Amsterdam, the Netherlands (Sports Network) - American international Earnie Stewart has signed an 18-month contract with VVV Venlo, the club where the midfielder began his career.	ENTAILMENT
474	This example is Sports	Prague, Czech Republic (Sports Network) - Juventus star and Czech national team captain Pavel Nedved will sit out international matches until he completely recovers from a knee injury, even though he is still playing for his club team Juventus.	ENTAILMENT
475	This example is Sports	Hasselt, Belgium (Sports Network) - Seeded Italians Francesca Schiavone and Silvia Farina Elia led Tuesday #39;s parade of first-round winners at the inaugural Gaz de France Stars tennis event.	ENTAILMENT
476	This example is Sports	 DALLAS (Sports Network) - John Lucas poured in a game-high  24 points to lead No. 6 Oklahoma State over SMU, 76-57, at  Moody Coliseum.	ENTAILMENT
477	This example is Sports	CBC SPORTS ONLINE - Michael Schumacher wasn #39;t in the winner #39;s circle at Sunday #39;s Belgian Grand Prix, but still managed to make some noise.	ENTAILMENT
478	This example is Sports	Kilkenny, Ireland (Sports Network) - Ernie Els shot a four-under 68 on Saturday to maintain his two-shot lead through three rounds of the World Golf Championships - American Express Championship.	ENTAILMENT
479	This example is Sports	Miami, FL (Sports Network) - Mike Lowell #39;s contract with the Florida Marlins is no longer contingent on the team getting a new stadium.	ENTAILMENT
480	This example is Sports	 PHOENIX (Sports Network) - The Arizona Diamondbacks signed  free agent shortstop Royce Clayton to a one-year contract on  Tuesday. Financial terms were not released.	ENTAILMENT
481	This example is Sports	CBC SPORTS ONLINE - Just hours after Justin Gatlin stunned the world by winning Olympic gold in the 100 metres, his coach made a surprise admission on Sunday, revealing he was the anonymous source that sparked a doping investigation that rocked the world 	ENTAILMENT
482	This example is Sports	Herkimer, NY (Sports Network) - Former Pittsburgh Steelers offensive lineman Justin Strzelczyk was killed in a collision with a tanker truck after leading police on a highway chase for 40 miles in upstate New York Thursday morning.	ENTAILMENT
483	This example is Sports	London, England (Sports Network) - Chelsea has told Adrian Mutu his services are no longer needed at the club after testing positive for cocaine use.	ENTAILMENT
484	This example is Sports	CBC SPORTS ONLINE - Brandon Backe grew up idolizing the likes of Jeff Bagwell and Craig Biggio, but he #39;ll probably be pulling for more Carlos Beltran heroics Monday night.	ENTAILMENT
485	This example is Sports	 SAN FRANCISCO, CA (Sports Network) - According to a report,  New York Yankees first baseman Jason Giambi claimed in his  grand jury testimony that he took a human growth hormone in  2003 and also used steroids for at least three seasons.	ENTAILMENT
486	This example is Sports	 CHARLOTTE, N.C. (Sports Network) - Carolina Panthers punter  Todd Sauerbrun was arrested Wednesday night and charged with  driving while impaired.	ENTAILMENT
487	This example is Sports	Memphis, TN (Sports Network) - The Memphis Grizzlies signed All-Star forward Pau Gasol to a multi-year contract on Friday. Terms of the deal were not announced.	ENTAILMENT
488	This example is Sports	CBC SPORTS ONLINE - The Houston Astros blew a 5-2 lead to lose for the first time at home in 20 games, a crucial defeat that forced a fifth game finale in Atlanta on Monday.	ENTAILMENT
489	This example is Sports	AP - Randy Moss was fined  #36;5,000 by the NFL for his role in a scuffle during last Sunday's game between the Vikings and Chicago Bears.	ENTAILMENT
490	This example is Sports	Lake Forest, IL (Sports Network) - Chicago Bears standout linebacker Brian Urlacher has been downgraded to doubtful for Sunday #39;s game against Philadelphia.	ENTAILMENT
491	This example is Sports	Houston, TX (Sports Network) - Reigning world No. 1 Roger Federer and former top-ranked star Lleyton Hewitt will meet in a blockbuster  quot;Red Group quot; round- robin match Wednesday at the ATP #39;s season-ending Tennis Masters Cup.	ENTAILMENT
492	This example is Sports	Kansas City, MO (Sports Network) - The Kansas City Royals declined to offer arbitration to veteran outfielder Juan Gonzalez and three others on Tuesday, effectively cutting them loose.	ENTAILMENT
493	This example is Sports	BRISTOL, Connecticut (Ticker) - Joe Gibbs and Bill Parcells are on opposite sidelines for the first time in nearly 14 years when the Washington Redskins host the Dallas Cowboys on Monday night.	ENTAILMENT
494	This example is Sports	CBC SPORTS ONLINE - The Baltimore Orioles reached terms Wednesday with first baseman Rafael Palmeiro on a one-year, \$3-million US contract.	ENTAILMENT
495	This example is Sports	 DAVIE, Fla., (Sports Network) - The Miami Dolphins will be  without running back Travis Minor for Sunday's game against  Cincinnati because of an ankle injury.	ENTAILMENT
496	This example is Sports	Milan, Italy (Sports Network) - Italy coach Marcello Lippi will field an altered team Wednesday in a friendly match against Finland.	ENTAILMENT
497	This example is Sports	 ANAHEIM, Calif. (Sports Network) - The Arizona Diamondbacks  continued their offseason makeover Friday as they signed free  agent pitcher Russ Ortiz to a four-year contract.	ENTAILMENT
498	This example is Sports	 ATHENS (Reuters) - The governing body of world athletics  Friday condemned the behavior of local fans who delayed the  start of the men's 200 meters final with deafening boos and  whistles.	ENTAILMENT
499	This example is Sports	Beijing, China (Sports Network) - American Taylor Dent was one of only two winners on a rainy Tuesday at the inaugural \$500,000 China Open.	ENTAILMENT
500	This example is Sports	AP - 1902  #151; Chicago's Jim Callaghan tossed the White Sox's first no-hitter, beating Detroit 2-0.	ENTAILMENT
501	This example is Sports	 Chicago, Ill. (Sports Network) - The Chicago Blackhawks  Monday agreed to terms on a one-year contract with defenseman  Bryan Berard. As per team policy, financial terms of the deal  were not disclosed.	ENTAILMENT
502	This example is Sports	Philadelphia, PA (Sports Network) - The Philadelphia Flyers Thursday agreed to a two-year contract extension with veteran forward Sami Kapanen. Financial terms were not disclosed. 	ENTAILMENT
503	This example is Sports	Ashburn, VA (Sports Network) - Washington Redskins star linebacker LaVar Arrington will miss his fourth straight game after having right knee surgery last month.	ENTAILMENT
504	This example is Sports	Sports India  gt; New Delhi, Oct 11 : The Supreme Court today stayed the Madras High Court order appointing Justice (retd) S Mohan as the Interim Administrator of BCCI.	ENTAILMENT
505	This example is Sports	AP - Sammy Sosa was fined  #36;87,400  #151; one day's salary  #151; for arriving late and leaving early at the Cubs' regular-season finale at Wrigley Field.	ENTAILMENT
506	This example is Sports	 Davie, Fla. (Sports Network) - The Miami Dolphins bolstered  their depleted running corps on Wednesday, acquiring running  back Lamar Gordon from the St. Louis Rams in exchange for a  2005 third-round draft pick.	ENTAILMENT
507	This example is Sports	Richmond, VA (Sports Network) - Ryan Newman earned the pole for Saturday night #39;s Chevy Rock  amp; Roll 400. The No.12 Penske Dodge circled the 0.750-mile Richmond International Raceway short track in 20.	ENTAILMENT
508	This example is Sports	Grand Prairie, TX (Sports Network) - Former Horse of the Year Azeri will run against the boys Saturday in the Breeders #39; Cup Classic.	ENTAILMENT
509	This example is Sports	Philadelphia, PA (Sports Network) - The Philadelphia Phillies re-signed righthander Cory Lidle to a two-year deal worth \$6.3 million Tuesday.	ENTAILMENT
510	This example is Sports	 SOUTH BEND, Ind. (Sports Network) - Charlie Weis was  introduced as the new head football coach at Notre Dame on  Monday and said he intends to bring the program back to  national prominence.	ENTAILMENT
511	This example is Sports	 SHANGHAI (Reuters) - Yao Ming's Houston Rockets squeezed  past the Sacramento Kings on Thursday in the first NBA game to  be played in China, a country the fast-growing basketball  league deems a potential marketing mecca.	ENTAILMENT
512	This example is Sports	New York, NY (Sports Network) - Former NFL running back Ricky Williams wants to know where he stands after retiring and subsequently being ordered to pay back nearly \$9 million to the Miami Dolphins.	ENTAILMENT
513	This example is Sports	Seattle, WA (Sports Network) - University of Washington head football coach Keith Gilbertson will step down at the end of the 2004 season.	ENTAILMENT
514	This example is Sports	 ATHENS (Reuters) - The United States gave Hall of Famer Mia  Hamm the perfect send-off on Thursday, beating Brazil 2-1 to  win Olympic gold in the women's soccer tournament.	ENTAILMENT
515	This example is Sports	East Rutherford, NJ (Sports Network) - The New York Giants put an end to any possible quarterback controversy as Kurt Warner was named the starter over rookie Eli Manning for the season opener.	ENTAILMENT
516	This example is Sports	Flushing Meadows, NY (Sports Network) - Two-time champion Serena Williams blew past Swiss Patty Schnyder on Sunday to reach the quarterfinals at the US Open.	ENTAILMENT
517	This example is Sports	 NEW YORK (Sports Network) - Minnesota Timberwolves guard  Latrell Sprewell has been suspended one game without pay for  directing obscenities toward fans.	ENTAILMENT
518	This example is Sports	Bergamo, Italy (Sports Network) - Serie A cellar dwellers Atalanta fired its coach Andrea Mandorlini after he failed to produce a victory in any of the club #39;s first 14 league matches this season.	ENTAILMENT
519	This example is Sports	 LAUSANNE (Reuters) - American gymnast Paul Hamm will keep  his Olympic all-round gold medal after the Court of Arbitration  for Sport (CAS) rejected Thursday an appeal from South Korea's  Yang Tae-young.	ENTAILMENT
520	This example is Sports	(Sports Network) - The Brewers will try to keep Barry Bonds from getting his 700th homer today, when they close out their three-game series against the San Francisco Giants.	ENTAILMENT
521	This example is Sports	 SAN FRANCISCO (Reuters) - Baseball slugger Barry Bonds's  700th career home run ball drew a winning bid of \$804,129 in an  online auction that closed Wednesday.	ENTAILMENT
522	This example is Sports	Inverness, Scotland (Sports Network) - Rangers squandered a chance to return to the top of the table Sunday as it was held at Inverness, 1-1.	ENTAILMENT
523	This example is Sports	Anaheim, CA (Sports Network) - The Seattle Mariners have reportedly found their slugging first baseman for the 2005 season and beyond by coming to terms with free agent Richie Sexson.	ENTAILMENT
524	This example is Sports	 NEW YORK (Reuters) - The National Basketball Association  suspended four players on Saturday, one day after one of the  worst brawls in North American pro sports history.	ENTAILMENT
525	This example is Sports	 ST. PETERSBURG, Florida (Sports Network) - The threat of  Hurricane Jeanne has forced the cancellation of Sunday's game  between the Tampa Bay Devil Rays and the Toronto Blue Jays at  Tropicana Field.	ENTAILMENT
526	This example is Sports	Schinias, Greece (Sports Network) - Germany and Hungary each claimed a pair of gold medals on the final day of the canoe/kayak program at the 2004 Olympics.	ENTAILMENT
527	This example is Sports	Phoenix, AZ (Sports Network) - The Arizona Diamondbacks have called a news conference for today at 1 pm (et), when they are expected to introduce Wally Backman as their new manager.	ENTAILMENT
528	This example is Sports	 PHOENIX (Sports Network) - The Arizona Diamondbacks have  fired newly-hired manager Wally Backman and are expected to  replace him with Bob Melvin, according to a published report.	ENTAILMENT
529	This example is Sports	Delray Beach, FL (Sports Network) - Brazilian Ricardo Mello upset top-seeded American Vince Spadea in straight sets on Sunday to win the title at the \$380,000 International Tennis Championships.	ENTAILMENT
530	This example is Sports	 PORTLAND, Ore. (Sports Network) - Olympic medalists Justin  Gatlin and Joanna Hayes Monday were named the winners of the  2004 Jesse Owens Awards by USA Track   Field.	ENTAILMENT
531	This example is Sports	AP - New Jersey Devils center Scott Gomez signed a  #36;500 a week contract with the minor league Alaska Aces for the duration of the NHL lockout.	ENTAILMENT
532	This example is Sports	 LOS ANGELES (Sports Network) - The Los Angeles Clippers  signed first-round draft pick Shaun Livingston to a contract  Thursday. As per team policy, terms of the deal were not  released.	ENTAILMENT
533	This example is Sports	Columbus, OH (Sports Network) - Former Ohio State running back Maurice Clarett has accused Buckeyes head coach Jim Tressel and his staff of giving him cars, cash and improper benefits while he was enrolled at the University.	ENTAILMENT
534	This example is Sports	 NEW YORK (Sports Network) - Former Miami Dolphins running  back Ricky Williams will remain retired after declining the  NFL's reinstatement offer.	ENTAILMENT
535	This example is Sports	Detroit, MI (Sports Network) - The Detroit Red Wings Tuesday re-signed center Steve Yzerman to a one-year contract. Financial terms were not disclosed.	ENTAILMENT
536	This example is Sports	AP - 1904  #151; Jesse Tannehill of the Boston Red Sox pitched a no-hitter, beating the Chicago White Sox 6-0.	ENTAILMENT
537	This example is Sports	CBC SPORTS ONLINE - A Missouri woman was acquitted of charges she helped NHL player Mike Dantion hire a hit man in a failed plot to kill his agent.	ENTAILMENT
538	This example is Sports	 NASHVILLE, Tenn., (Sports Network) - The Tennessee Titans,  who lost kicker Joe Nedney for the season due to a hamstring  injury, have announced that they will bring Gary Anderson out  of retirement for the second time.	ENTAILMENT
539	This example is Sports	 HOUSTON (Reuters) - The Houston Astros capped a remarkable  late-season turnaround by capturing the National League wild  card playoff berth on Sunday with a 5-3 win over the Colorado  Rockies.	ENTAILMENT
540	This example is Sports	(Sports Network) - Livan Hernandez has 50 wins since the start of the 2001 season. Unfortunately for the powerful righthander, he hasn #39;t solved the Atlanta Braves.	ENTAILMENT
541	This example is Sports	MILWAUKEE (SportsTicker) - Barry Bonds tries to go where just two players have gone before when the San Francisco Giants visit the Milwaukee Brewers on Tuesday.	ENTAILMENT
542	This example is Sports	Vienna, Austria (Sports Network) - English midfielder Steven Gerrard will likely miss Saturday #39;s World Cup qualifier against Austria with a groin injury.	ENTAILMENT
543	This example is Sports	 BLOOMFIELD HILLS, Michigan (Reuters) - European Ryder Cup  rookie Paul Casey has defended his decision to sack his caddie  five days before the start of the biggest team event in the  sport.	ENTAILMENT
544	This example is Sports	 ATHENS (Reuters) - The U.S. men's basketball team were once  again in danger of defeat at the Olympic tournament on  Thursday, trailing Australia 51-47 at the end of the first  half.	ENTAILMENT
545	This example is Sports	 ATLANTA (Sports Network) - The Atlanta Braves announced  Thursday that the team has come to terms with longtime pitcher  John Smoltz to a new two-year contract with a club option for  the 2007 season. Per club policy, financial terms were not  disclosed.	ENTAILMENT
546	This example is Sports	 HEMPSTEAD, N.Y. (Sports Network) - New York Jets  quarterback Chad Pennington is expected to start Sunday's game  against Houston after missing the last three weeks with a  rotator cuff injury.	ENTAILMENT
547	This example is Sports	 NEW YORK (Hollywood Reporter) - ABC has pulled out of  negotiations to continue airing college football's Bowl  Championship Series (BCS).	ENTAILMENT
548	This example is Sports	 Welcome, N.C. (Sports Network) - Robby Gordon was placed on  probation Thursday for the rest of the 2004 NASCAR Nextel Cup  Series season by Richard Childress Racing.	ENTAILMENT
549	This example is Sports	 ATHENS (Reuters) - The United States gave Hall of Famer Mia  Hamm the perfect send-off Thursday, beating Brazil 2-1 to win  Olympic gold in the women's soccer tournament.	ENTAILMENT
550	This example is Sports	Lisbon, Portugal (Sports Network) - CD Nacional suspended three players who were arrested following an altercation at a Portuguese nightclub early Monday morning.	ENTAILMENT
551	This example is Sports	 ATHENS (Reuters) - The U.S. women took their third  consecutive gold medal in Olympic basketball on Saturday,  breaking open a close game in the fourth quarter to beat  Australia 74-63.	ENTAILMENT
552	This example is Sports	Hasselt, Belgium (Sports Network) - Kim Clijsters retired in her semifinal match Saturday in the Gaz de France Stars tennis tournament with a wrist injury.	ENTAILMENT
553	This example is Sports	WINSTON-SALEM, NC (Sports Network) - Chris Paul scored 16 points to lead No. 2 Wake Forest over Virginia Commonwealth, 81-67, in the quarterfinal round of the Preseason NIT.	ENTAILMENT
554	This example is Sports	 TORONTO (Reuters) - The Toronto Blue Jays beat the New York  Yankees 4-2 on Saturday but are losing money, losing fans and  at the conclusion of the Major League season on Sunday could be  losing first baseman Carlos Delgado.	ENTAILMENT
555	This example is Sports	 DALLAS (Sports Network) - Freshman Adrian Peterson rushed  for a season-high 225 yards and Kejuan Jones scored the game's  only touchdown, as second-ranked Oklahoma blanked No. 5 Texas,  12-0, in the Red River Shootout at the Cotton Bowl.	ENTAILMENT
556	This example is Sports	 OAKLAND, Calif., (Sports Network) - Travis Niesen scored a  career-high 26 points, Kyle Bailey added 20 and Santa Clara  shocked No. 4 North Carolina with a 77-66 victory in a Pete  Newell Challenge game at The Arena.	ENTAILMENT
557	This example is Sports	UNCASVILLE, Connecticut (Ticker) - Katie Douglas and the Connecticut Sun had just enough poise in their first WNBA Finals contest.	ENTAILMENT
558	This example is Sports	Englewood, CO (Sports Network) - Veteran defensive tackle Luther Elliss of the Denver Broncos will miss the remainder of the season because of a herniated disk in his lower back.	ENTAILMENT
559	This example is Sports	 WASHINGTON (Sports Network) - Washington Redskins head  coach Joe Gibbs announced Monday that Mark Brunell will be  under center when the team begins its 2004 campaign against  Tampa Bay on September 12.	ENTAILMENT
560	This example is Sports	 MEMPHIS, Tennessee (Sports Network) - The Memphis Grizzlies  didn't take long to match the Cleveland Cavaliers' offer sheet  given to center Jake Tsakalidis.	ENTAILMENT
561	This example is Sports	Bali, Indonesia (Sports Network) - Seventh-seeded Argentine Gisela Dulko moved into the quarterfinals, while third-seeded Japanese Ai Sugiyama and 2003 Bali runner-up Chanda Rubin were a pair of opening-round losers Wednesday at the \$225,000 Wismilak 	ENTAILMENT
562	This example is Sports	 SANTA CLARA, Calif., (Sports Network) - The San Francisco  49ers Tuesday re-signed general manager Terry Donahue to a  multi-year contract. As per team policy, financial terms were  not released, but the deal is a four-year extension and will  run through 2009.	ENTAILMENT
563	This example is Sports	AP - 1912  #151; Joe Wood of the Boston Red Sox pitched his 16th consecutive victory to tie Walter Johnson's record as he beat the St. Louis Browns 2-1.	ENTAILMENT
564	This example is Sports	Lyon, France (Sports Network) - Lyon will head into the winter break on top of the Ligue 1 table and unbeaten after a 1-1 draw against Marseille Friday at the Stade Gerland.	ENTAILMENT
565	This example is Sports	Bangkok, Thailand (Sports Network) - Former Australian Open champion Thomas Johansson of Sweden upended sixth-seeded Spaniard Feliciano Lopez in Monday #39;s opening-round action at the \$550,000 Thailand Open.	ENTAILMENT
566	This example is Sports	Madrid, Spain (Sports Network) - The United States and Spain will play their 2004 Davis Cup final on a clay court at Olympic Stadium in Seville, from December 3-5.	ENTAILMENT
567	This example is Sports	 WASHINGTON (Reuters) - Washington, D.C., Mayor Anthony  Williams on Wednesday said the deal to bring baseball back to  the U.S. capital was close to dead after the city council  changed the plan to require private financing, a move Major  League Baseball called unacceptable.	ENTAILMENT
568	This example is Sports	South Bend, IN (Sports Network) - Tyrone Willingham admitted he was surprised at his sudden firing as Notre Dame head coach, but at a news conference Wednesday took blame for the Irish #39;s shortcomings in his three seasons.	ENTAILMENT
569	This example is Sports	 MOSCOW (Reuters) - A young Spartak Moscow player has died  in hospital from injuries after being attacked on his way home,  the Russian ice hockey club said Monday.	ENTAILMENT
570	This example is Sports	 NEW YORK (Sports Network) - Val Ackerman is stepping down  as WNBA President after serving in that capacity for eight  seasons. The resignation is effective February 1, 2005.	ENTAILMENT
571	This example is Sports	Glasgow, Scotland (Sports Network) - Rangers and Aberdeen finished up weekend play in the Scottish Premier League on Sunday at Ibrox.	ENTAILMENT
572	This example is Sports	CBC SPORTS ONLINE - The San Francisco Giants plan to announce the signing of free-agent catcher Mike Matheny late Monday. Matheny, 34, reportedly will receive \$9 million US over three years.	ENTAILMENT
573	This example is Sports	Bromwich, England (Sports Network) - West Bromwich signed Japanese international Junichi Inamoto to a 2 1/2-year contract on Tuesday.	ENTAILMENT
574	This example is Sports	AP - Boise State coach Dan Hawkins signed a five-year,  #36;2.6 million contract extension on Tuesday that could keep him with the Broncos through the 2009 season.	ENTAILMENT
575	This example is Sports	 NEW YORK (Sports Network) - The New York Mets on Friday  claimed outfielder Ron Calloway off waivers from the Washington  Nationals.	ENTAILMENT
576	This example is Sports	 BLACKSBURG, Va. (Sports Network) - Mike Imoh ran for two  first-quarter touchdowns and 15th-ranked Virginia Tech routed  Maryland 55-6 at Lane Stadium.	ENTAILMENT
577	This example is Sports	 BEREA, Ohio, (Sports Network) - The Cleveland Browns  Tuesday placed center Jeff Faine on injured reserve with a left  ankle injury.	ENTAILMENT
578	This example is Sports	Bremen, Germany (Sports Network) - Bayern Munich exacted some revenge Saturday afternoon with a 2-1 win over defending Bundesliga champions Werder Bremen.	ENTAILMENT
579	This example is Sports	 IOWA CITY, Iowa (Sports Network) - Drew Tate completed  15-of-24 passes for 186 yards with three touchdowns and three  interceptions to lead No. 17 Iowa over ninth-ranked Wisconsin,  30-7, in the regular season finale for both squads with the Big  Ten championship on the line at Kinnick Stadium.	ENTAILMENT
580	This example is Sports	Manchester, England (Sports Network) - Manchester United has temporarily ended talks with Tampa Bay Buccaneers owner Malcolm Glazer over a possible takeover.	ENTAILMENT
581	This example is Sports	Thousand Oaks, CA (Sports Network) - Colin Montgomerie, Jim Furyk and Tiger Woods, the tournament host, each posted rounds of four-under-par 67 on Thursday to share the lead after one round of the Target World Challenge.	ENTAILMENT
582	This example is Sports	Miyazaki, Japan (Sports Network) - Tiger Woods shot a three-under 67 on Sunday to easily win the Dunlop Phoenix by eight strokes. Woods completed the tournament at 16-under-par 264.	ENTAILMENT
583	This example is Sports	Madrid, Spain (Sports Network) - Real Madrid #39;s powerful offense was held in check during a scoreless draw with Villarreal Sunday.	ENTAILMENT
584	This example is Sports	 LONDON (Reuters) - Former National League Most Valuable  Player Ken Caminiti, who in 2002 admitted he used steroids,  died of a heart attack in New York on Sunday, Major League  Baseball reported on its Web Site.	ENTAILMENT
585	This example is Sports	CBC SPORTS ONLINE - The US Olympic Committee doesn #39;t think the entire American team that won gold in the 4x100-metre relay at the 2000 Sydney Olympics should be stripped of their medals.	ENTAILMENT
586	This example is Sports	 NEW YORK (Sports Network) - NBA vice president Stu Jackson  Wednesday handed out suspensions for four players involved in a  fight during Monday's preseason game between the Washington  Wizards and Chicago Bulls.	ENTAILMENT
587	This example is Sports	West Palm Beach, FL (Sports Network) - Tom Lehman will be named the United States Ryder Cup captain for the 2006 matches, according to The Palm Beach Post.	ENTAILMENT
588	This example is Sports	Denver, CO (Sports Network) - Colorado Rockies pitcher Denny Neagle was arrested early Friday for allegedly paying a woman \$40 for oral sex, the Rocky Mountain News reported.	ENTAILMENT
589	This example is Sports	 PHILADELPHIA (Sports Network) - The Philadelphia Phillies  have picked up the option for next season on closer Billy  Wagner. Under the terms of the contract, Wagner will make \$9  million in 2005. If the club not exercised the option, Wagner  would have been owed a \$3 million buyout and would have been  eligible to file for free agency.	ENTAILMENT
590	This example is Sports	 ATHENS (Reuters) - Argentina won its first Olympic gold  medal in 52 years in the soccer final Saturday, while the U.S.  women's basketball team atoned for their men's failure by  storming to victory.	ENTAILMENT
591	This example is Sports	Boston, MA (Sports Network) - Two former members of the New York Yankees who got into a bullpen brawl with a groundskeeper at Fenway Park last year accepted pre-trial probation in order to have charges against them dropped in six months.	ENTAILMENT
592	This example is Sports	CBC SPORTS ONLINE - The Houston Astros aren #39;t pitching future Hall of Famer Roger Clemens or 20-game-winner Roy Oswalt in Game 1 of the National League Championship Series.	ENTAILMENT
593	This example is Sports	"AP - Federal regulators on Wednesday fined CBS a record  #36;550,000 for Janet Jackson's ""wardrobe malfunction,"" which exposed the singer's breast during this year's Super Bowl halftime show."	ENTAILMENT
594	This example is Sports	Eden Prairie, MN (Sports Network) - The Minnesota Vikings added some much- needed depth to its secondary on Tuesday by signing veterans Terrance Shaw and Ralph Brown.	ENTAILMENT
595	This example is Sports	 NEW ORLEANS (Sports Network) - Dustin Almond passed for 299  yards with a touchdown and rushed for another score to lead the  Southern Mississippi Golden Eagles to a 31-10 victory over the  North Texas Mean Green in the New Orleans Bowl at the  Superdome.	ENTAILMENT
596	This example is Sports	Nyon, Switzerland (Sports Network) - UEFA has opened disciplinary proceedings against Valencia and Werder Bremen after a heated Champions League match Tuesday night between the two clubs.	ENTAILMENT
597	This example is Sports	Elmont. NY (Sports Network) - Belmont Stakes winner Birdstone has been retired because of a bone chip in his left front ankle. The announcement was made on Wednesday by the husband of owner Marylou Whitney.	ENTAILMENT
598	This example is Sports	 CHICAGO (Sports Network) - Seven-time All-Star and six-time  World Champion Scottie Pippen is reportedly expected to  announce his retirement from the Chicago Bulls Tuesday.	ENTAILMENT
599	This example is Sports	Dunfermline, Scotland (Sports Network) - Celtic re-gained its one point edge over rivals Rangers with a 2-0 win at East End Park Sunday.	ENTAILMENT
600	This example is Sports	Greensboro, NC (Sports Network) - Brent Geiberger posted a five-under 67 on Friday to move into the lead after the second round of the Chrysler Classic of Greensboro.	ENTAILMENT
601	This example is Sports	AP - Czech Republic national ice hockey team coach, and former Pittsburgh Penguins coach, Ivan Hlinka died Monday after sustaining serious injuries in a car crash, an official said.	ENTAILMENT
602	This example is Sports	 NEW YORK (Reuters) - Jon Lieber pitched seven shutout  innings and John Olerud cracked a two-run homer as the New York  Yankees dumped the Boston Red Sox 3-1 on Wednesday to take  command of the American League championship series.	ENTAILMENT
603	This example is Sports	 SAN FRANCISCO (Reuters) - When the San Francisco Giants  play baseball, slugger Barry Bonds and the other players are  far from the only ones thinking about hitting home runs.	ENTAILMENT
604	This example is Sports	Houston, TX (Sports Network) - Gerry Hunsicker has announced his resignation as general manager of the Houston Astros. Tim Purpura, who had been serving as the assistant general manager, has been named the new GM of the team.	ENTAILMENT
605	This example is Sports	Reuters - Randy Johnson struck out 14 batters in\8 1/3 innings to help the Arizona Diamondbacks end a nine-game\losing streak with a 2-0 win over the New York Mets on Sunday.	ENTAILMENT
606	This example is Sports	Minneapolis, MN (Sports Network) - The Minnesota Timberwolves tacked on one more game to the suspension of center Michael Olowokandi, who was jailed early Thursday morning for refusing to leave an Indianapolis nightclub.	ENTAILMENT
607	This example is Sports	 WINNIPEG, Manitoba (Reuters) - Police in Regina,  Saskatchewan, said on Monday they are searching for fans who  hurled eggs and dumped manure at the home of a Canadian  Football League player who missed a critical kick in a  semifinal game on Sunday.	ENTAILMENT
608	This example is Sports	Mamaroneck, NY (Sports Network) - Ryan Moore, the medalist in stroke play, dispatched Jeff Overton, 3  amp; 2 in one of Saturday #39;s semifinal matches to reach Sunday #39;s 36-hole final at the US Amateur Championship at Winged Foot Golf Club.	ENTAILMENT
609	This example is Sports	CBC SPORTS ONLINE - Free-agent first baseman Richie Sexson is the newest member of the Seattle Mariners. The four-year deal, which was contingent on Sexson passing a physical, was announced Wednesday and is reportedly worth \$10 million US per season.	ENTAILMENT
610	This example is Sports	 NEW YORK (Sports Network) - The NBA showed no mercy on  Sunday, suspending Indiana's Ron Artest for the remainder of  the season for his part in a brawl between the Pacers and the  Detroit Pistons on Friday night.	ENTAILMENT
611	This example is Sports	Brussels, Belgium (Sports Network) - Former world No. 1 Justine Henin-Hardenne has decided against playing any more tennis for the rest of 2004.	ENTAILMENT
612	This example is Sports	 FLOWERY BRANCH, Ga. (Sports Network) - Atlanta Falcons  running back T.J. Duckett is expected to undergo minor  arthroscopic surgery on his left knee Tuesday and will miss  this Saturday's home game against Carolina.	ENTAILMENT
613	This example is Sports	AP - Indiana University agreed to pay  #36;35,000 to former basketball assistant Ron Felling, who was fired by Bob Knight after a postgame confrontation in 1999.	ENTAILMENT
614	This example is Sports	Oakland, CA (Sports Network) - On the day that Jose Guillen and the Anaheim Angels were to appear in front of an arbitrator, the two sides reached an undisclosed financial settlement Friday.	ENTAILMENT
615	This example is Sports	Seoul, Korea (Sports Network) - Wimbledon champion Maria Sharapova was an easy quarterfinal winner Friday at the \$140,000 Korea Open Tennis Championships.	ENTAILMENT
616	This example is Sports	Kansas City, MO (Sports Network) - Lamar Hunt appears ready to get out of Major League Soccer and sever ties with the Kansas City Wizards.	ENTAILMENT
617	This example is Sports	Los Angeles, CA (Sports Network) - San Diego Padres shortstop Khalil Greene is expected to miss the rest of the season with a broken bone in his right index finger.	ENTAILMENT
618	This example is Sports	 ATHENS (Reuters) - American Paul Hamm, who became the first  American to win the Olympics men's all-round gymnastics title,  should not have been awarded the gold, the sport's governing  body ruled Saturday.	ENTAILMENT
619	This example is Sports	Filderstadt, Germany (Sports Network) - Former champion Mary Pierce of France and 2002 runner-up Daniela Hantuchova of Slovakia were opening-round winners on Tuesday, but sixth-seeded Russian Vera Zvonareva was an upset victim at the \$650,000 Porsche 	ENTAILMENT
620	This example is Sports	Liverpool, England (Sports Network) - Former English international and Liverpool great Emlyn Hughes passed away Tuesday from a brain tumor.	ENTAILMENT
621	This example is Sports	Gainesville, FL (Sports Network) - Steve Spurrier will not coach the Florida Gators again after he withdrew his name from consideration in the process to select a new head football coach at the university.	ENTAILMENT
622	This example is Sports	MALELANE, South Africa (Sports Network) -- Unheralded Bruce McDonald, a 23-year-old from Zimbabwe, posted a 6-under-par 66 on Thursday to take a one-shot lead over tournament favorite Ernie Els after the opening round of the Alfred Dunhill Championship.	ENTAILMENT
623	This example is Sports	Athens, Greece (Sports Network) - Alexandre Despatie of Canada was the top qualifier as he moved into the semifinals of the men #39;s 3-meter springboard diving competition on Monday.	ENTAILMENT
624	This example is Sports	Delray Beach, FL (Sports Network) - Defending champion Jan-Michael Gambill of the United States was upended by Croatian Mario Ancic during first round action of the International Tennis Championships on Monday.	ENTAILMENT
625	This example is Sports	Barcelona, Spain (Sports Network) - Barcelona #39;s Henrik Larsson appears likely to miss the remainder of the season after it was discovered that he tore the anterior cruciate ligament in his left knee.	ENTAILMENT
626	This example is Sports	 SALT LAKE CITY (Sports Network) - Utah Jazz forward Andrei  Kirilenko signed a six-year, \$86 million contract extension  with the team Friday. The deal, which culminated three months  of negotiations, will kick in next season.	ENTAILMENT
627	This example is Sports	Athens, Greece (Sports Network) - Nia Abdallah won the first United States medal ever in women #39;s taekwondo Friday, fighting her way through three rounds before falling in the under-57kg gold medal match and earning a silver.	ENTAILMENT
628	This example is Sports	Athens, Greece (Sports Network) - Mia Hamm, Kristine Lilly, Joy Fawcett, Brandi Chastain and Julie Foudy all played together in the groundbreaking 1991 women #39;s World Cup.	ENTAILMENT
629	This example is Sports	Manchester, England (Sports Network) - England beat Wales 2-0 Saturday in an intense World Cup qualifier at Old Trafford. The victory was bittersweet for England as captain David Beckham fractured a rib late in the win.	ENTAILMENT
630	This example is Sports	 SYRACUSE, N.Y. (Sports Network) - Hakim Warrick netted 19  points and Syracuse roared out to an early 24-0 lead as the  sixth-ranked Orange opened their 2004-05 season with a 104-54  pasting of Northern Colorado in the opening round of the  Coaches vs. Cancer Classic at the Carrier Dome.	ENTAILMENT
631	This example is Sports	 PITTSBURGH (Sports Network) - The Pittsburgh Steelers  defense suffered a major blow on Wednesday when the team placed  Pro Bowl nose tackle Casey Hampton and safety Mike Logan on the  reserved/injured list, effectively ending the season for both  players.	ENTAILMENT
632	This example is Sports	Charlotte, NC (Sports Network) - Carolina Panthers running back DeShaun Foster will miss the rest of the season due to a broken collarbone.	ENTAILMENT
633	This example is Sports	CBC SPORTS ONLINE - The Houston Rockets welcomed aboard reigning scoring champion Tracy McGrady with open arms and an open wallet.	ENTAILMENT
634	This example is Sports	Lincoln, NE (Sports Network) - Bobby Purify ran for 130 yards with a touchdown and Joel Klatt threw for 222 yards with a score, as Colorado kept its Big 12 title hopes alive and sent Nebraska to its first losing season in 43 years with a 26-20 victory in 	ENTAILMENT
635	This example is Sports	 ANAHEIM, Calif., (Sports Network) - The Arizona  Diamondbacks continued their offseason makeover Friday as they  signed free agent pitcher Russ Ortiz to a four-year contract.	ENTAILMENT
636	This example is Sports	Eden Prairie, MN (Sports Network) - The Minnesota Vikings attempted to shore up their kicking game Tuesday when the team signed veteran Morten Andersen and released Brett Conway.	ENTAILMENT
637	This example is Sports	Madrid, Spain (Sports Network) - Spanish favorites Albert Costa and Alex Corretja highlighted Monday #39;s opening round winners at the Masters Series Madrid.	ENTAILMENT
638	This example is Sports	East Rutherford, NJ (Sports Network) - New York Giants wide receiver Tim Carter is expected to miss the remainder of the season after suffering a fractured hip during this past Sunday #39;s game against Dallas.	ENTAILMENT
639	This example is Sports	 ATHENS (Reuters) - Reigning champions Serbia and  Montenegro, hit by a virus, were eliminated from the men's  Olympic volleyball tournament Wednesday in an outstanding match  with Russia.	ENTAILMENT
640	This example is Sports	CBC SPORTS ONLINE - David Hearn became the latest Canadian to qualify for the PGA Tour, earning his card by a single stroke. Hearn, from Brampton, Ont.	ENTAILMENT
641	This example is Sports	Porto, Portugal (Sports Network) - Champions League play began Tuesday and Groups G and H featured few surprises, as Valencia, Inter Milan and Chelsea all emerged victorious.	ENTAILMENT
642	This example is Sports	CBC SPORTS ONLINE - Soccer legend Diego Maradona will return to Cuba to continue his drug rehabilitation with the permission of a federal judge.	ENTAILMENT
643	This example is Sports	 HELSINKI (Reuters) - Finland and Sweden drew 4-4 draw in a  pulsating World Cup ice hockey match on Saturday that put the  Finns one step closer to a semi-final berth.	ENTAILMENT
644	This example is Sports	London, England (Sports Network) - Just four days after racist chants marred a friendly between England and Spain, Birmingham City says striker Dwight Yorke was racially abused during a match at Blackburn on Sunday.	ENTAILMENT
645	This example is Sports	Glasgow, Scotland (Sports Network) - Scotland national team coach Berti Vogts stepped down Monday following a nightmare start to the World Cup qualifying campaign.	ENTAILMENT
646	This example is Sports	Liverpool, England (Sports Network) - Antonio Nunez arrived at Liverpool Tuesday as part of the deal that sent Michael Owen to Spanish giant Real Madrid. 	ENTAILMENT
647	This example is Sports	 NEW YORK (Reuters) - Ben Broussard belted a two-run homer  in the third inning to give the Cleveland Indians a 5-2 win  over the Minnesota Twins to salvage a split of a unique  doubleheader on the final day of the American League regular  season.	ENTAILMENT
648	This example is Sports	Anaheim, CA (Sports Network) - The New York Yankees are reportedly closing in on acquiring free-agent starting pitcher Carl Pavano.	ENTAILMENT
649	This example is Sports	 ATLANTA (Sports Network) - The Atlanta Hawks waived center  Jelani McCoy Tuesday and activated guard Royal Ivey from the  injured list.	ENTAILMENT
650	This example is Sports	Palm Harbor, FL (Sports Network) - Vijay Singh, the top-ranked player in the world, moved a step closer to his ninth victory of the season on Saturday as he posted a four-under 67 to take the 54-hole lead of the Chrysler Championship.	ENTAILMENT
651	This example is Sports	Ashburn, VA (Sports Network) - The Washington Redskins have released safety Ifeanyi Ohalete, a starter for 15 games last season. 	ENTAILMENT
652	This example is Sports	 CINCINNATI (Sports Network) - Cincinnati Bengals wide  receiver Peter Warrick is doubtful for Sunday's game against  Cleveland because of a shin injury.	ENTAILMENT
653	This example is Sports	 BOSTON (Sports Network) - Larry Walker had hits in each of  his first four at-bats, including a homer, helping the St.  Louis Cardinals rally from a five- run deficit to tie the Red  Sox at 7-7 after six innings.	ENTAILMENT
654	This example is Sports	Palm Beach Gardens, FL (Sports Network) - The PGA of America announced on Monday that the PGA Grand Slam of Golf will remain at Poipu Bay Golf Course in 2005.	ENTAILMENT
655	This example is Sports	St. Louis, MO (Sports Network) - Hector Luna tripled and scored the winning run on Reggie Sanders #39; pinch-hit single in the 11th inning, as the St.	ENTAILMENT
656	This example is Sports	 STOCKHOLM (Reuters) - Toronto Maple Leafs captain Mats  Sundin shone in Sweden's opening 5-2 win over Germany at the  World Cup of Hockey Tuesday, scoring once and providing two  assists in a match with contrasting team tactics.	ENTAILMENT
657	This example is Sports	(Sports Network) - Johan Santana is unbeaten (14-0) in 16 starts since the All- Star break and has an amazing ERA of 1.13 in that span.	ENTAILMENT
658	This example is Sports	 NEW ORLEANS (Sports Network) - New Orleans Hornets guard  Baron Davis is expected to be sidelined one-to-two weeks  because of a lower back injury.	ENTAILMENT
659	This example is Sports	Washington, DC (Sports Network) - Owners voted 29-1 on Friday to approve the proposed move of the Montreal Expos to Washington for the 2005 season.	ENTAILMENT
660	This example is Sports	 MIAMI (Sports Network) - Hurricane Frances has already  affected Major League Baseball this weekend as five games have  been postponed.	ENTAILMENT
661	This example is Sports	 CHICAGO (Sports Network) - Peyton Manning threw four  touchdown passes and Edgerrin James ran for 204 yards with a  score, as the Indianapolis Colts rolled to a 41-10 victory over  the Chicago Bears at Soldier Field.	ENTAILMENT
662	This example is Sports	Chicago, IL (Sports Network) - Chicago White Sox pitcher Jon Garland has agreed to a one-year, \$3.4 million contract, avoiding salary arbitration.	ENTAILMENT
663	This example is Sports	London, England (Sports Network) - In Sunday #39;s only Premiership match, Bolton Wanderers moved back into the league #39;s fourth position after beating Newcastle United 2-1.	ENTAILMENT
664	This example is Sports	 EAST RUTHERFORD, N.J. (Sports Network) - New York Giants  safety Shaun Williams was placed on injured reserve Wednesday  due to a left knee injury.	ENTAILMENT
665	This example is Sports	Englewood, CO (Sports Network) - Denver Broncos fullback Mike Anderson is expected to miss the entire 2004 season because of a severe groin tear.	ENTAILMENT
666	This example is Sports	Reuters - When Joe Gibbs last coached in\the NFL in the 1992 season there were no teams in Jacksonville\or Carolina.	ENTAILMENT
667	This example is Sports	Denver, CO (Sports Network) - Denver forward Carmelo Anthony had marijuana charges dropped by the city district attorney Wednesday.	ENTAILMENT
668	This example is Sports	Los Angeles, CA (Sports Network) - The Los Angeles Clippers Monday exercised the contract option for the 2005-06 season on forward Chris Wilcox.	ENTAILMENT
669	This example is Sports	Los Angeles, CA (Sports Network) - Rick Majerus accepted an offer to become the head basketball coach at Southern California and was introduced Wednesday afternoon.	ENTAILMENT
670	This example is Sports	 LONDON (Reuters) - Walt Disney-owned sports channel ESPN is  holding talks with broadcasters in Europe about launching a  European version of its 24-hour U.S. channel.	ENTAILMENT
671	This example is Sports	Jacksonville, FL (Sports Network) - It looks like West Virginia will be headed to the Gator Bowl, again. Following consecutive losses that dropped them out of the national rankings, the Mountaineers (8-3, 4 	ENTAILMENT
672	This example is Sports	Glasgow, Scotland (Sports Network) - Rangers striker Nacho Novo won his appeal against a red card Friday and will be eligible to play in the Old Firm derby on Saturday.	ENTAILMENT
673	This example is Sports	 KANSAS CITY, Mo., (Sports Network) - Kansas City Chiefs  running back Priest Holmes is questionable for Sunday's game  against Houston because of a sprained ankle.	ENTAILMENT
674	This example is Sports	 SAN FRANCISCO (Reuters) - The Oakland Raiders have traded  Jerry Rice to the Seattle Seahawks in a move expected to grant  the most prolific receiver in National Football League history  his wish to get more playing time.	ENTAILMENT
675	This example is Sports	 TRINEC, Czech Republic (Reuters) - It's not uncommon for  Ottawa Senators forward Radek Bonk and New York Rangers forward  Jaromir Jagr to meet up on a sheet of ice and play hockey --  unless it's in their native Czech Republic.	ENTAILMENT
676	This example is Sports	AP - Mel Thomas led No. 11 Connecticut with 12 points, snapping St. John's 11 game-winning streak with a 60-32 victory on Sunday.	ENTAILMENT
677	This example is Sports	 TAMPA, Fla. (Sports Network) - Tampa Bay quarterback Brian  Griese will start next Monday's game against St Louis. Chris  Simms is doubtful with a sprained left shoulder.	ENTAILMENT
678	This example is Sports	CBC SPORTS ONLINE - It was a sight skiing fans have become all too familiar with this season - Bode Miller standing on top of the medal podium.	ENTAILMENT
679	This example is Sports	 NEW YORK (Sports Network) - The New York Jets and  quarterback Chad Pennington are close to a deal that would make  the quarterback the highest- paid player in franchise history.	ENTAILMENT
680	This example is Sports	 NEW YORK (Reuters) - Albert Pujols homered for the fifth  time in the last four games and drove in five runs as the St  Louis Cardinals routed the Cincinnati Reds 10-5 in National  League play at Busch Stadium on Monday.	ENTAILMENT
681	This example is Sports	 BATON ROUGE, La. (Sports Network) - LSU has named Les Miles  its new head football coach, replacing Nick Saban.	ENTAILMENT
682	This example is Sports	Hempstead, NY (Sports Network) - The New York Jets on Thursday extended the contract of executive vice president and general manager Terry Bradway through the 2007 season.	ENTAILMENT
683	This example is Sports	New York, NY (Sports Network) - Pistons forward Antonio McDyess was fined \$5,000 Wednesday for kicking a basketball into the crowd during Detroit #39;s season-opening win over the Houston Rockets.	ENTAILMENT
684	This example is Sports	Rotterdam, the Netherlands (Sports Network) - A top of the table clash between Schalke of the German Bundesliga and Dutch power Feyenoord highlights Matchday 4 of the UEFA Cup group stage.	ENTAILMENT
685	This example is Sports	 BOISE, Idaho (Sports Network) - Boise State coach Dan  Hawkins signed a five-year, \$2.6 million contract extension  Tuesday. The deal keeps Hawkins under contract through the 2009  season.	ENTAILMENT
686	This example is Sports	Southampton, England (Sports Network) - Southampton and manager Paul Sturrock have agreed to an amicable separation, effective immediately.	ENTAILMENT
687	This example is Sports	Los Angeles, CA (Sports Network) - Karl Dorrell, head football coach at UCLA, agreed to a two-year contract extension Friday that will keep him at the school through the 2010 season.	ENTAILMENT
688	This example is Sports	 NEW YORK (Reuters) - Donovan McNabb passed for one  touchdown and rushed for another as the Philadelphia Eagles won  their fourth straight division title with a 27-6 win over the  New York Giants in the NFL Sunday.	ENTAILMENT
689	This example is Sports	 PHOENIX (Sports Network) - Free agent third baseman Troy  Glaus is reportedly headed to the Arizona Diamondbacks.	ENTAILMENT
690	This example is Sports	Buffalo, NY (Sports Network) - The Buffalo Sabres have agreed to terms with 2003 first round draft choice Thomas Vanek on a three year entry-level contract.	ENTAILMENT
691	This example is Sports	Champaign, IL (Sports Network) - The University of Illinois has fired head football coach Ron Turner. Turner just completed his eighth year at Illinois, compiling a 35-57 record with just two winning seasons.	ENTAILMENT
692	This example is Sports	Reuters - XM Satellite Radio on Wednesday said\it signed a  #36;650 million deal to broadcast Major League\Baseball games for 11 years, countering a rival's moves to sign\up high-profile programing that will lure listeners to the new\medium.	ENTAILMENT
693	This example is Sports	 ATHENS (Reuters) - Portugal were bundled out of the men's  soccer tournament at the Athens Olympics on Wednesday after a  humiliating 4-2 defeat by Costa Rica.	ENTAILMENT
694	This example is Sports	 THESSALONIKI, Greece (Reuters) - Iraq's Olympic soccer  coach said Monday his side should not be seen as a symbol of  freedom, taking issue with a campaign commercial for President  Bush.	ENTAILMENT
695	This example is Sports	 EAST RUTHERFORD, New Jersey (Sports Network) - The New York  Giants will be without Shaun Williams for some time after the  strong safety suffered a tear in his left knee during Friday's  practice.	ENTAILMENT
696	This example is Sports	Miami, FL (Sports Network) - Former Dolphins running back Ricky Williams was ordered by an arbitrator Friday to pay a huge sum of money to Miami, which filed a grievance against the star after he retired just prior to training camp this season.	ENTAILMENT
697	This example is Sports	Athens, Greece (Sports Network) - Argentina snapped a 58-game winning streak by the United States two years ago at the World Championships.	ENTAILMENT
698	This example is Sports	Arlington, TX (Sports Network) - The Texas Rangers announced Friday that they have re-signed right-handed pitcher Doug Brocail to a one-year contract.	ENTAILMENT
699	This example is Sports	AP - Don't expect major league baseball to discipline Barry Bonds, Jason Giambi and Gary Sheffield over reported admissions of steroid use.	ENTAILMENT
700	This example is Sports	 BOSTON (Sports Network) - When the lights go on Saturday at  Fenway Park it will be exactly 18 years to the day the last  World Series game was played at the famed stadium.	ENTAILMENT
701	This example is Sports	London, England (Sports Network) - According to Formula One boss Bernie Ecclestone, the British Grand Prix will be left off next year #39;s Formula One Grand Prix Schedule.	ENTAILMENT
702	This example is Sports	 PHOENIX (Sports Network) - The Arizona Diamondbacks made a  big splash in the free-agent market on Thursday by signing  third baseman Troy Glaus to a four-year contract.	ENTAILMENT
703	This example is Sports	Birmingham, England (Sports Network) - Aston Villa striker Darius Vassell will be out for an  quot;extended period quot; due to a fractured ankle.	ENTAILMENT
704	This example is Sports	 STARKVILLE, Miss. (Sports Network) - Lawrence Roberts  scored 19 points and pulled down 13 rebounds to lead  15th-ranked Mississippi State to a 66-52 victory over South  Alabama at Humphrey Coliseum.	ENTAILMENT
705	This example is Sports	 TORONTO (Sports Network) - Toronto Raptors All-Star  swingman Vince Carter was placed on the injured list Friday  after tests revealed a mild strain of his left Achilles'  tendon.	ENTAILMENT
706	This example is Sports	 TORONTO (Sports Network) - Toronto Raptors All-Star  swingman Vince Carter was placed on the injured list Friday  after tests revealed a mild strain of his left Achilles'  tendon.	ENTAILMENT
707	This example is Sports	 NEW YORK (Sports Network) - The NFL handed down fines to 15  players involved in a scuffle between the Minnesota Vikings and  Chicago Bears on Sept. 26.	ENTAILMENT
708	This example is Sports	New York, NY (Sports Network) - According to a published report, the New York Yankees have finally landed ace lefthander Randy Johnson.	ENTAILMENT
709	This example is Sports	 EAST RUTHERFORD, NJ (Sports Network) - New Jersey guard  Jason Kidd practiced with the team for the first time since  undergoing knee surgery in July and he could be on the court  Monday.	ENTAILMENT
710	This example is Sports	Madrid, Spain (Sports Network) - Real Madrid and English international defender Jonathan Woodgate re-injured his left thigh during practice Thursday.	ENTAILMENT
711	This example is Sports	 ATHENS (Reuters) - In a baseball battle of gold-medal  contenders, Japan banged three home runs to defeat Cuba 6-3  Tuesday, as starter Daisuke Matsuzaka pitched into the ninth.	ENTAILMENT
712	This example is Sports	Athens, Greece (Sports Network) - Hicham El Guerrouj of Morocco came into these Olympics without a gold medal, but now he has two after winning the men #39;s 5000 meters Saturday night.	ENTAILMENT
713	This example is Sports	 MADISON, Wisconsin (Sports Network) - Anthony Davis ran for  122 yards and two touchdowns to lead No. 6 Wisconsin over  Northwestern, 24-12, to celebrate Homecoming weekend at Camp  Randall Stadium.	ENTAILMENT
714	This example is Sports	 ATHENS (Reuters) - The unbeaten U.S. women's basketball  team cruised to another victory Wednesday, pummeling Greece  102-72 to advance to the Olympic semi-finals.	ENTAILMENT
715	This example is Sports	Starkville, MS (Sports Network) - Mississippi State quarterback Omarr Conner is expected to miss at least three weeks after spraining a ligament in his right knee during Saturday #39;s 51-0 drubbing to LSU.	ENTAILMENT
716	This example is Sports	 CHARLOTTE, North Carolina (Sports Network) - Carolina  Panthers wide receiver Steve Smith underwent successful surgery  on his broken left leg Tuesday and needs at least eight weeks  to rehab.	ENTAILMENT
717	This example is Sports	Barcelona, Spain (Sports Network) - Real Madrid coach Jose Antonio Camacho tried to shake things up with some major changes to his lineup.	ENTAILMENT
718	This example is Sports	Loudon, NH (Sports Network) - Kurt Busch led the most laps (155) and captured the Sylvania 300 Nextel Cup race at the New Hampshire International Speedway.	ENTAILMENT
719	This example is Sports	 PITTSBURGH (Sports Network) - Pittsburgh Steelers starting  quarterback Tommy Maddox will be sidelined at least six weeks  after suffering a right elbow injury during Sunday's 30-13 loss  to Baltimore.	ENTAILMENT
720	This example is Sports	Los Angeles, CA (Sports Network) - The Los Angeles Dodgers have signed manager Jim Tracy to a two-year contract extension, keeping him with the club through the 2006 season.	ENTAILMENT
721	This example is Sports	Hasselt, Belgium (Sports Network) - Third-seeded Russian Elena Bovina was an easy opening-round winner Monday at the inaugural Gaz de France Stars tennis event, where Belgian star Kim Clijsters will see her first action since early May this week.	ENTAILMENT
722	This example is Sports	 BALTIMORE, Maryland (Sports Network) - The Baltimore Ravens  Saturday placed linebacker Peter Boulware on the physically  unable to perform list and the veteran will miss at least the  first six games of the upcoming season.	ENTAILMENT
723	This example is Sports	 LAKE FOREST, Ill. (Sports Network) - Chicago Bears  linebacker Brian Urlacher is expected to undergo an MRI exam  this week to determine the severity of a left hamstring injury  he sustained in this past Sunday's game against Jacksonville.	ENTAILMENT
724	This example is Sports	 ANN ARBOR, Mich. (Sports Network) - Dion Harris dropped in  a game-high 24 points in helping to lead the Michigan  Wolverines to a 69-60 victory over the Colorado Buffaloes in  the second round of the Preseason NIT from Crisler Arena.	ENTAILMENT
725	This example is Sports	Chicago, IL (Sports Network) - The Cleveland Cavaliers activated forward/center Scott Williams from the injured list on Wednesday.	ENTAILMENT
726	This example is Sports	AP - 1911  #151; Cy Young, 44, beat the Pittsburgh Pirates 1-0 for his 511th and final major league victory.	ENTAILMENT
727	This example is Sports	 BLOOMFIELD HILLS, Michigan (Reuters) - U.S. Ryder Cup  captain Hal Sutton enlisted the help of basketball great  Michael Jordan to boost his team's morale for this week's match  with a pep talk.	ENTAILMENT
728	This example is Sports	San Jose, CA (Sports Network) - San Jose State head football coach Fitz Hill announced his resignation, effective at season #39;s end.	ENTAILMENT
729	This example is Sports	Turin, Italy (Sports Network) - Valentino Castellani, the chief organizer of the Turin Olympic Committee, has announced his decision to resign.	ENTAILMENT
730	This example is Sports	 EDEN PRAIRIE, Minn., (Sports Network) - The Minnesota  Vikings suffered a major blow on Wednesday when the club placed  right tackle Mike Rosenthal and tight end Jim Kleinsasser on  injured reserve, ending both players season.	ENTAILMENT
731	This example is Sports	 ATLANTA (Sports Network) - Atlanta Braves starting pitcher  Jaret Wright left Tuesday's game against the New York Mets with  a bruised right ankle.	ENTAILMENT
732	This example is Sports	Houston, TX (Sports Network) - Brett Favre engineered three scoring drives in the fourth quarter, the final one ending with a 46-yard field goal by Ryan Longwell as time expired, to lift the Green Bay Packers to a 16-13 victory over the Houston Texans.	ENTAILMENT
733	This example is Sports	AP - The Miami Dolphins have asked Ricky Williams to return  #36;8.6 million they say the running back owes the team because he has decided to retire.	ENTAILMENT
734	This example is Sports	St. Petersburg, FL (Sports Network) - Tampa Bay Devil Rays centerfielder Rocco Baldelli is scheduled to undergo knee surgery on Friday.	ENTAILMENT
735	This example is Sports	 ANAHEIM, Calif., (Sports Network) - The Anaheim Angels on  Friday signed veteran free-agent outfielder Steve Finley to a  two-year deal worth \$14 million, with a club option for the  2007 season.	ENTAILMENT
736	This example is Sports	 TAMPA, Fla. (Sports Network) - Tyler Palko threw for a  career-high 411 yards and five touchdowns, leading 19th-ranked  Pittsburgh to a 43-14 drubbing of South Florida at Raymond  James Stadium.	ENTAILMENT
737	This example is Sports	 COLUMBIA, S.C. (Sports Network) - The University of South  Carolina has scheduled a news conference for 1 p.m. EST Tuesday  when it is expected to announce that Steve Spurrier will take  over as the school's new head football coach.	ENTAILMENT
738	This example is Sports	 TORONTO (Reuters) - National Hockey League teams appeared  united in their determination to solve the league's economic  problems as the NHL's lockout of players became official on  Thursday.	ENTAILMENT
739	This example is Sports	East Rutherford, NJ (Sports Network) - Retired NBA center and seven-time All- Star Alonzo Mourning is going to give his playing career one more shot.	ENTAILMENT
740	This example is Sports	 NEW ORLEANS (Sports Network) - Auburn's defense solidified  its status as one of the nation's toughest, despite a late-game  scare, and the Tigers completed the first perfect season in  school history with a 16-13 Sugar Bowl victory over Virginia  Tech on Monday night.	ENTAILMENT
741	This example is Sports	 NEW YORK (Reuters) - Albert Pujols and Scott Rolen hit  back-to-back home runs in the eighth inning to lead the St  Louis Cardinals to a 6-4 win over the Houston Astros in Game  Two of the NL Championship Series at Busch Stadium on Thursday.	ENTAILMENT
742	This example is Sports	AP - Free agent closer Bob Wickman agreed to a  #36;2.75 million, one-year deal Wednesday and returned to the Cleveland Indians, whose shaky bullpen without him early last season cost them any chance of winning the AL Central.	ENTAILMENT
743	This example is Sports	Reuters - The Portland Trail Blazers fined\forward Zach Randolph for missing the team flight to Toronto,\where they will meet the Raptors Sunday afternoon.	ENTAILMENT
744	This example is Sports	AP - Guard Dajuan Wagner will become a free agent after this season because the Cleveland Cavaliers declined their  #36;3.4 million contract option for 2005-06 on Friday.	ENTAILMENT
745	This example is Sports	AP - Ray Nelson threw for 321 yards and five touchdowns and Samford defeated West Alabama 34-20 on Saturday night in the season opener for both teams.	ENTAILMENT
746	This example is Sports	Toronto, ON (Sports Network) - Alexei Kovalev and Sergei Samsonov scored 3:46 apart in the second period to give Russia the lead for good on the way to a 5-2 win over Slovakia in the World Cup #39;s preliminary round finale at the Air Canada Centre.	ENTAILMENT
747	This example is Sports	Chicago, IL (Sports Network) - The Chicago White Sox and infielder Juan Uribe avoided arbitration Thursday by agreeing to terms on a three-year, \$9.75 million contract with a club option for 2008.	ENTAILMENT
748	This example is Sports	 PITTSBURGH (Sports Network) - Steelers wide receiver  Plaxico Burress' injured hamstring will keep him out for a  third straight game when Pittsburgh welcomes the New York Jets  to town Sunday.	ENTAILMENT
749	This example is Sports	Manchester, England (Sports Network) - Manchester United confirmed on its website Wednesday that is has made an offer to Everton for young striker Wayne Rooney.	ENTAILMENT
750	This example is Sports	AP - The NFL agreed Monday to  #36;8 billion in contract extensions with Fox and CBS to televise Sunday afternoon games for six more years, deals that would also allow the league to show better matchups late in the season in prime time.	ENTAILMENT
751	This example is Sports	AP - 1931  #151; Lefty Grove, winner of 31 games for the Philadelphia A's, was named the American League MVP.	ENTAILMENT
752	This example is Sports	AP - 1932  #151; Brooklyn's Johnny Frederick hit his sixth pinch home run of the season, a major league record, in the ninth inning to spark the Dodgers to a 4-3 triumph over the Chicago Cubs at Ebbets Field.	ENTAILMENT
753	This example is Sports	Flushing Meadows, NY (Sports Network) - When the United States meets Belarus in their Davis Cup semifinal later this month, former world No.	ENTAILMENT
754	This example is Sports	Palm Desert, CA (Sports Network) - Grace Park continued her scoring frenzy at Bighorn Golf Club on Friday with a five-under 67 to open a four-shot advantage after the second round of the Samsung World Championship.	ENTAILMENT
755	This example is Sports	 NEW YORK (Reuters) - Albert Pujols and Scott Rolen hit  back-to-back home runs in the eighth inning to lead the St.  Louis Cardinals to a 6-4 win over the Houston Astros in Game  Two of the NL Championship Series at Busch Stadium Thursday.	ENTAILMENT
756	This example is Sports	Toronto, ON (Sports Network) - The Toronto Blue Jays have signed utilityman Frank Menechino to a one-year contract. The deal is worth \$650,000 with an option for 2006.	ENTAILMENT
757	This example is Sports	Bronx, NY (Sports Network) - Contrary to previous reports, Mel Stottlemyre will return to the New York Yankees as their pitching coach for the 2005 season.	ENTAILMENT
758	This example is Sports	 DETROIT (Sports Network) - The Detroit Tigers have signed  free-agent closer Troy Percival. According to a source, the  deal is for two years and worth \$12 million.	ENTAILMENT
759	This example is Sports	CANTON, Ohio (Ticker) -- Legendary quarterback Dan Marino headlines the list of nine first-time nominees for induction to the Pro Football Hall of Fame.	ENTAILMENT
760	This example is Sports	 PITTSBURGH (Sports Network) - Pittsburgh Penguins forward  Mark Recchi has signed a contract to play with TPS Turku of the  Finnish Elite League if the NHL season is canceled.	ENTAILMENT
761	This example is Sports	Monaco, France (Sports Network) - Nice had little working in its favor with the score 3-0 in favor of Monaco in the second half on Saturday night, and a derby loss seemed inevitable.	ENTAILMENT
762	This example is Sports	 NEW YORK (Reuters) - Chris Brown rushed for two touchdowns  and 148 yards to lead the Tennessee Titans to a 48-27 win over  the reeling Green Bay Packers in the NFL's Monday night game at  Lambeau Field.	ENTAILMENT
763	This example is Sports	Brescia, Italy (Sports Network) - New acquisition Zlatan Ibrahimovic scored in his debut as Juventus dominated Brescia 3-0 Sunday.	ENTAILMENT
764	This example is Sports	 MIAMI (Sports Network) - Frank Gore scored from one yard  out in the final minute to lift the third-ranked Miami  Hurricanes to a 41-38 victory over No. 18 Louisville in a  non-conference thriller at the Orange Bowl.	ENTAILMENT
765	This example is Sports	New York, NY (Sports Network) - Kyle Martino has earned Major League Soccer #39;s Player of the Week honor for Week 21 of the 2004 season.	ENTAILMENT
766	This example is Sports	MINNEAPOLIS (AP) -- Brad Radke pitched seven solid innings, Corey Koskie drove in three runs and the Minnesota Twins beat the New York Yankees in the regular season for the first time since 2001 with an 8-2 victory Tuesday night.	ENTAILMENT
767	This example is Sports	Chicago, IL (Sports Network) - The Chicago Cubs Thursday declined to pick up the 2005 options on outfielder Moises Alou and second baseman Mark Grudzielanek, making the two veterans free agents.	ENTAILMENT
768	This example is Sports	Anaheim, CA (Sports Network) - Free agent starting pitcher Carl Pavano has chosen to join the New York Yankees and the two sides were working on finalizing a contract before the end of the winter meetings.	ENTAILMENT
769	This example is Sports	 ATHENS (Reuters) - Athanasia Tsoumeleka won Greece's first  athletics gold of the Olympic Games Monday with an upset  victory in the women's 20km walk.	ENTAILMENT
770	This example is Sports	 ATHENS (Reuters) - Athanasia Tsoumeleka won Greece's first  athletics gold of the Olympic Games Monday with an upset  victory in the women's 20km walk.	ENTAILMENT
771	This example is Sports	CBC SPORTS ONLINE - There could be more curling medals handed out at the 2010 Vancouver Winter Olympics, if a World Curling Federation proposal is accepted.	ENTAILMENT
772	This example is Sports	 EAST RUTHERFORD, N.J., (Sports Network) - Washington  Redskins starting quarterback Mark Brunell suffered an injured  left hamstring in Sunday's 20-14 loss to the New York Giants.	ENTAILMENT
773	This example is Sports	Madison, WI (Sports Network) - Anthony Davis ran for 122 yards and two touchdowns to lead No. 6 Wisconsin over Northwestern, 24-12, to celebrate Homecoming weekend at Camp Randall Stadium.	ENTAILMENT
774	This example is Sports	Vancouver, BC (Sports Network) - Vancouver Canucks forward Todd Bertuzzi is close to reaching a plea bargain in his assault case, according to the Vancouver Province.	ENTAILMENT
775	This example is Sports	Provo, UT (Sports Network) - Brigham Young University has scheduled a news conference for Wednesday afternoon at which time head football coach Gary Crowton will be fired.	ENTAILMENT
776	This example is Sports	Seattle, WA (Sports Network) - The Seattle Mariners have reportedly found a replacement for Bob Melvin and are scheduled to name Mike Hargrove manager.	ENTAILMENT
777	This example is Sports	 SEATTLE (Sports Network) - The University of Washington has  named Tyrone Willingham its new head football coach. The school  will have a press conference at 2 p.m. (et) Monday to introduce  him.	ENTAILMENT
778	This example is Sports	 NEW YORK (Reuters) - Lamont Thompson returned an  interception 37 yards for a touchdown while the Tennessee  Titans used a smothering defense to beat the Miami Dolphins  17-7 in their National Football League game on Saturday.	ENTAILMENT
779	This example is Sports	 NEW YORK (Sports Network) - Portland Trail Blazers head  coach Maurice Cheeks was fined \$7,500 by the league on Monday  for his behavior during this past Friday's game against Utah.	ENTAILMENT
780	This example is Sports	Eden Prairie, MN (Sports Network) - Minnesota Vikings center Matt Birk is hampered with possibly another hernia and is expected to miss Sunday #39;s game against the Jacksonville Jaguars.	ENTAILMENT
781	This example is Sports	 NEW YORK (Reuters) - New York Yankees slugger Gary  Sheffield says he unknowingly used an illegal steroid obtained  from BALCO during the 2002 season, Major League Baseball's  official Web Site said Tuesday quoting a magazine article.	ENTAILMENT
782	This example is Sports	Dover, DE (Sports Network) - Series points leader Martin Truex Jr. earned the win in Saturday afternoon #39;s Stacker 200 Busch race at the Dover International Speedway.	ENTAILMENT
783	This example is Sports	Lake Forest, IL (Sports Network) - Chicago Bears quarterback Rex Grossman will miss the remainder of the season after an MRI exam revealed a torn anterior cruciate ligament in his right knee.	ENTAILMENT
784	This example is Sports	Zurich, Switzerland (Sports Network) - Slovakian Daniela Hantuchova highlighted Monday #39;s first-round winners, while former top-10 star Mary Pierce of France was among the losers at the \$1.	ENTAILMENT
785	This example is Sports	Houston, TX (Sports Network) - JD Drew singled home Rafael Furcal with the go-ahead run in the top of the ninth and John Smoltz pitched out of a jam in the bottom of the inning, as the Atlanta Braves forced a decisive fifth game of the National League 	ENTAILMENT
786	This example is Sports	Houston, TX (Sports Network) - JD Drew singled home Rafael Furcal with the go-ahead run in the top of the ninth and John Smoltz pitched out of a jam in the bottom of the inning, as the Atlanta Braves forced a decisive fifth game of the National League 	ENTAILMENT
787	This example is Sports	Barcelona, Spain (Sports Network) - Barcelona #39;s Brazilian defender Edmilson will be out for six months after undergoing surgery Monday on his right knee.	ENTAILMENT
788	This example is Sports	 VANCOUVER (Sports Network) - Vancouver Canucks forward Todd  Bertuzzi is close to reaching a plea bargain in his assault  case, according to the Vancouver Province.	ENTAILMENT
789	This example is Sports	" ATHENS (Reuters) - U.S. Olympic chiefs accused world  gymnastics officials of putting ""outrageous and improper  pressure"" on gold medallist Paul Hamm to give his medal to a  South Korean rival."	ENTAILMENT
790	This example is Sports	Athens, Greece (Sports Network) - Anky van Grunsven of the Netherlands successfully defended her gold medal in the individual dressage event on Wednesday at the Olympics.	ENTAILMENT
791	This example is Sports	San Diego, CA (Sports Network) - Caron Butler scored 18 points to help the Los Angeles Lakers to a 117-91 preseason victory over the Seattle SuperSonics.	ENTAILMENT
792	This example is Sports	Detroit, MI (Sports Network) - Peyton Manning continued his amazing season, tying a career-high with six touchdown passes, as Indianapolis trounced Detroit, 41-9, in the traditional Thanksgiving Day game at Ford Field.	ENTAILMENT
793	This example is Sports	Athens, Greece (Sports Network) - American middleweight Andre Dirrell lost his semifinal bout to Kazakhstan #39;s Gennadiy Golovkin on Friday, missing an opportunity to advance to the gold medal match.	ENTAILMENT
794	This example is Sports	Los Angeles, CA (Sports Network) - Tim Duncan had 26 points and 16 rebounds to lead the San Antonio Spurs past the Los Angeles Lakers, 105-96.	ENTAILMENT
795	This example is Sports	London, England (Sports Network) - England midfielder Steven Gerrard injured his groin late in Thursday #39;s training session, but is hopeful he will be ready for Saturday #39;s World Cup qualifier against Austria.	ENTAILMENT
796	This example is Sports	Loudon, NH (Sports Network) - Jeff Gordon will assume the pole position for Sunday #39;s Sylvania 300 at the New Hampshire International Speedway after a steady rain washed out Friday #39;s qualifying session.	ENTAILMENT
797	This example is Sports	Chattanooga, TN (Sports Network) - Justin Rascati and Maurice Fenner each ran for two touchdowns to lead the James Madison Dukes over the Montana Grizzlies, 31-21, in the Division I-AA championship game at Finley Stadium.	ENTAILMENT
798	This example is Sports	 TEMPE, Ariz., (Sports Network) - Arizona Cardinals running  back Emmitt Smith left Sunday's 13-3 loss to the New York Jets  in the first half with a sprained ankle.	ENTAILMENT
799	This example is Sports	Houston, TX (Sports Network) - The Houston Rockets activated guard Tyronn Lue from the injured list prior to Wednesday #39;s game against the Hawks.	ENTAILMENT
800	This example is Sports	Kockelscheuer, Luxembourg (Sports Network) - Aussie Alicia Molik began her quest for a second title in two weeks on Thursday, while top-seeded Argentine Paola Suarez was among the second-round upset victims at the \$225,000 Seat Open Luxembourg.	ENTAILMENT
801	This example is Sports	Baltimore, MD (Sports Network) - The Baltimore Orioles have agreed to terms with veteran first baseman/designated hitter Rafael Palmeiro Wednesday to a one-year contract.	ENTAILMENT
802	This example is Sports	Wolfsburg, Germany (Sports Network) - Wolfsburg #39;s magical start to the season is fading fast as the club lost for the third time in four matches Saturday, 3-2 against Hertha Berlin.	ENTAILMENT
803	This example is Sports	 DAYTONA BEACH, Florida (Sports Network) - NASCAR driver  Dale Earnhardt Jr. has been fined \$10,000 for cursing during a  TV interview following his win at Talladega Superspeedway.	ENTAILMENT
804	This example is Sports	 ATHENS (Reuters) - The U.S. men's basketball team salvaged  some pride Saturday, beating Lithuania 104-96 to take the  Olympic bronze medal.	ENTAILMENT
805	This example is Sports	 TOKYO (Reuters) - Japanese baseball players and club  representatives reached a deal Thursday to end the first strike  in the 70-year history of the sport in Japan, with owners  agreeing to let newcomers into the leagues as early as next  season.	ENTAILMENT
806	This example is Sports	CBC SPORTS ONLINE - The Los Angeles Dodgers landed a dandy Thursday in free-agent infielder Jeff Kent. Kent, 36, agreed to a two-year contract, but financial terms were not disclosed.	ENTAILMENT
807	This example is Sports	Orchard Park, NY (Sports Network) - Veteran cornerback Troy Vincent and wide receiver Josh Reed will not play Sunday when the Buffalo Bills host the St.	ENTAILMENT
808	This example is Sports	Reuters - Tennessee Titans quarterback\Steve McNair stretched and ran Friday, but did not throw any\passes and is still listed as questionable with a bruised\sternum for Sunday's game against San Diego.	ENTAILMENT
809	This example is Sports	Kansas City, MO (Sports Network) - Kansas City Chiefs running back Priest Holmes is questionable for Sunday #39;s game against Houston because of a sprained ankle.	ENTAILMENT
810	This example is Sports	Los Angeles, CA (Sports Network) - Jose Lima tossed a five-hit shutout and Shawn Green homered twice as the Los Angeles Dodgers staved off elimination in the National League Division Series with a 4-0 blanking of the St.	ENTAILMENT
811	This example is Sports	Kansas City, MO (Sports Network) - The Kansas City Royals have extended the contract of outfielder Matt Stairs through the 2005 season.	ENTAILMENT
812	This example is Sports	AP - Brad Radke pitched seven solid innings, Corey Koskie drove in three runs and the Minnesota Twins beat the New York Yankees in the regular season for the first time since 2001 with an 8-2 victory Tuesday night.	ENTAILMENT
813	This example is Sports	 DAVIE, Fla. (Sports Network) - Dave Wannstedt resigned  Tuesday as head coach of the Miami Dolphins after the team sunk  to an NFL-worst 1-8 record. Defensive coordinator Jim Bates  will take over as interim coach for the remainder of the  season.	ENTAILMENT
814	This example is Sports	Pittsburgh, PA (Sports Network) - The Pittsburgh Pirates agreed to terms Thursday with closer Jose Mesa on a one-year contract, with a club option for 2006.	ENTAILMENT
815	This example is Sports	Lyon, France (Sports Network) - Olympique Lyon #39;s start to the season could not have been much better, until it came to a screeching halt Saturday in a French Ligue 1 match against Strasbourg.	ENTAILMENT
816	This example is Sports	Irving, TX (Sports Network) - Detroit Lions rookie wide receiver Roy Williams was inactive for Sunday #39;s game against the Dallas Cowboys.	ENTAILMENT
817	This example is Sports	 FLOWERY BRANCH, Ga. (Sports Network) - The Atlanta Falcons  Monday signed Pro Bowl tight end Alge Crumpler to a six-year  contract extension.	ENTAILMENT
818	This example is Sports	CBC SPORTS ONLINE - The Arizona Diamondbacks, who made a big splash before and during baseball #39;s winter meetings, soon could be facing life without the Big Unit.	ENTAILMENT
819	This example is Sports	 AUBURN HILLS, Mich. (Sports Network) - Ron Artest scored 24  points, as Indiana defeated Detroit 97-82 in a game that was  stopped late in the fourth quarter due to a fight on the court  that spilled into the stands and included the fans.	ENTAILMENT
820	This example is Sports	Bremen, Germany (Sports Network) - Bayern Munich finished in an unfamiliar position last season: second place. Werder Bremen knocked the defending champions off its pedestal during the 2003/04 campaign.	ENTAILMENT
821	This example is Sports	Tampa, FL (Sports Network) - Tampa Bay inked former Buc and Super Bowl MVP Dexter Jackson on Tuesday to add depth to its suddenly-thin safety position.	ENTAILMENT
822	This example is Sports	 HEMPSTEAD, N.Y., (Sports Network) - New York Jets wide  receiver Santana Moss is probable for Sunday's AFC East  showdown against the red-hot New England Patriots. Both teams  are undefeated and will square off at Gillette Stadium in  Foxboro, MA.	ENTAILMENT
823	This example is Sports	Athens, Greece (Sports Network) - Ilias Iliadis captured Greece #39;s second gold medal of the 2004 Olympics with a thrilling victory over Roman Gontyuk of the Ukraine in the men #39;s under 81kg category in judo on Tuesday. 	ENTAILMENT
824	This example is Sports	Bristol, TN (Sports Network) - Carl Edwards elected to go to the back of the field after spinning during qualifying, but it didn #39;t hurt his chances of victory as he drove all the way to the front and captured Wednesday night #39;s O #39;Reilly 200 Craftsman Truck 	ENTAILMENT
825	This example is Sports	 LAKE FOREST, Ill. (Sports Network) - Chicago Bears Pro Bowl  linebacker Brian Urlacher is expected to be sidelined  four-to-six weeks because of a lower left leg injury.	ENTAILMENT
826	This example is Sports	 EDEN PRAIRIE, Minn., (Sports Network) - The Minnesota  Vikings added some much- needed depth to its secondary on  Tuesday by signing veterans Terrance Shaw and Ralph Brown.	ENTAILMENT
827	This example is Sports	Maui, HI (Sports Network) - Jeff Horner scored 18 points and Pierre Pierce added 16, as Iowa knocked off 12th-ranked Louisville, 76-71, in the opening round of the Maui Invitational at the Lahaina Civic Center.	ENTAILMENT
828	This example is Sports	AP - Reliever Todd Jones agreed to a one-year,  #36;1.1 million contract with the Florida Marlins on Monday, finalizing a deal that was struck in principle late last week at baseball's winter meetings.	ENTAILMENT
829	This example is Sports	WASHINGTON, (AFP) - Brandon Backe allowed two runs in five-plus innings, as Houston seized Major League Baseball #39;s final playoff spot with a 5-3 triumph over the Colorado Rockies.	ENTAILMENT
830	This example is Sports	" TORONTO (Reuters) - It is Saturday and time for ""Hockey  Night in Canada."" But there is just one problem for hockey-mad  Canadians -- no NHL."	ENTAILMENT
831	This example is Sports	 ATHENS (Reuters) - Top-ranked Argentina booked their berth  in the women's hockey semi-finals at the Athens Olympics on  Friday but defending champions Australia now face an obstacle  course to qualify for the medal matches.	ENTAILMENT
832	This example is Sports	 ATHENS (Reuters) - The unbeaten U.S. women's basketball  team cruised to another victory Wednesday, pummeling Greece  102-72 to advance to the Olympic semifinals where it will meet  Russia.	ENTAILMENT
833	This example is Sports	 ATHENS (Reuters) - The U.S. men's basketball team got their  first comfortable win at the Olympic basketball tournament  Monday, routing winless Angola 89-53 in their final preliminary  round game.	ENTAILMENT
834	This example is Sports	 ATHENS (Reuters) - The U.S. men's basketball team got their  first comfortable win at the Olympic basketball tournament  Monday, routing winless Angola 89-53 in their final preliminary  round game.	ENTAILMENT
835	This example is Sports	 TORONTO (Reuters) - Tony Clark whacked three consecutive  home runs as the New York Yankees reeled off six homers and  nine ninth-inning runs to bulldoze their way past the Toronto  Blue Jays 18-6 in the American League Saturday.	ENTAILMENT
836	This example is Sports	 ATHENS (Reuters) - Morocco's Hicham El Guerrouj and Briton  Kelly Holmes gave the Athens Games two of its greatest moments  Saturday by surging to victory on the athletics track and claim  historic Olympic doubles.	ENTAILMENT
837	This example is Sports	CBC SPORTS ONLINE - John Smoltz will open Spring Training 2005 in the Atlanta Braves #39; rotation and armed with a new contract. General manager John Schuerholz spent a busy Thursday coming to terms on a two-year pact with his former closer.	ENTAILMENT
838	This example is Sports	CBC SPORTS ONLINE - The Boston Celtics returned Tom Gugliotta to the injured list Wednesday, this time with a sprained right ankle.	ENTAILMENT
839	This example is Sports	 ST. LOUIS, MO., (Sports Network) - Instead of going with  Roger Clemens on short rest, the Houston Astros have chosen to  start Pete Munro for Game 6 of the National League Championship  Series against the St. Louis Cardinals Wednesday at Busch  Stadium.	ENTAILMENT
840	This example is Sports	 Miami, Fla. (Sports Network) - Miami Dolphins head coach  Dave Wannstedt has officially named Jay Fiedler the starting  quarterback for Sunday's season opener against the Tennessee  Titans.	ENTAILMENT
841	This example is Sports	St. Louis, MO (Sports Network) - St. Louis Cardinals starting pitcher Chris Carpenter is expected to miss the first round of the playoffs next week with an injury to his right arm.	ENTAILMENT
842	This example is Sports	 LOS ANGELES (Reuters) - A baseball fan who bought up 6,458  seats at Los Angeles' Dodger Stadium in the hope of catching  and selling Barry Bonds' 700th home run ball admitted on  Thursday he had probably struck out.	ENTAILMENT
843	This example is Sports	 DETROIT (Sports Network) - Five members of the Indiana  Pacers and five Detroit Pistons fans are expected to be charged  Wednesday in the November 19 brawl that took place at The  Palace of Auburn Hills.	ENTAILMENT
844	This example is Sports	CBC SPORTS ONLINE - St. Louis Cardinals relief pitcher Julian Tavarez was fined \$10,000 US by the commissioner #39;s office for throwing a fastball over the head of Jeff Bagwell.	ENTAILMENT
845	This example is Sports	 ATHENS (Reuters) - China underlined their gold medal  ambitions in Olympic women's volleyball on Sunday, clinching  top spot in Pool B with a straight sets win over Russia.	ENTAILMENT
846	This example is Sports	Phoenix, AZ (Sports Network) - Barry Bonds hit career home run No. 699, Jason Schmidt tossed a complete game to pick up a win for the first time in five starts, and San Francisco grabbed solo possession of 	ENTAILMENT
847	This example is Sports	Glasgow, Scotland (Sports Network) - Rangers defender Craig Moore is expected to be out eight weeks as he will have hernia surgery Monday.	ENTAILMENT
848	This example is Sports	AP - Stephen Graham scored 16 points, including two three-point plays in the final 4 1/2 minutes, and No. 5 Oklahoma State beat No. 4 Syracuse 74-60 on Tuesday night in the Jimmy V Classic.	ENTAILMENT
849	This example is Sports	AFP - The National Basketball Association's New Jersey Nets waived 33-year-old guard Lucious Harris, whose 54 playoff games with the team tied the most in club history.	ENTAILMENT
850	This example is Sports	 ATHENS (Reuters) - The unbeaten U.S. women's basketball  team had their sternest test of the Olympic tournament so far  Friday, needing an eight point run in the third quarter to pull  away and beat Spain 71-58.	ENTAILMENT
851	This example is Sports	AP - Led by Maurice Ager's 19 points, No. 10 Michigan State scored more than 100 points for the third straight game in a 102-52 win over Nicholls State on Saturday.	ENTAILMENT
852	This example is Sports	 SALT LAKE CITY, (Sports Network) - The Jazz announced  Tuesday that the club will retire John Stockton's No. 12 on  November 22, 2004, when Utah hosts the New Orleans Hornets.	ENTAILMENT
853	This example is Sports	Eden Prairie, MN (Sports Network) - Minnesota Vikings running back Michael Bennett is expected to miss at least two more games after undergoing arthroscopic surgery on his right knee Monday.	ENTAILMENT
854	This example is Sports	 WASHINGTON (Sports Network) - Larry Hughes scored a  game-high 26 points to lead Washington over Atlanta, 104-101,  at the MCI Center.	ENTAILMENT
855	This example is Sports	Miami,FL (Sports Network) - The Florida Marlins released reliever Billy Koch on Tuesday, while catcher Ramon Castro opted for free agency.	ENTAILMENT
856	This example is Sports	Houston, TX (Sports Network) - Houston Rockets guard Bob Sura underwent surgery Tuesday to repair a herniated disk in his lower back.	ENTAILMENT
857	This example is Sports	 NEW YORK (Reuters) - Rookie John Van Benschoten pitched  eight strong innings to seize his first major league victory,  powering the Pittsburgh Pirates past the Houston Astros 6-1 in  the National League Friday.	ENTAILMENT
858	This example is Sports	AP - The Chicago White Sox agreed to a  #36;9.75 million, three-year deal with infielder Juan Uribe on Thursday, avoiding arbitration.	ENTAILMENT
859	This example is Sports	 ATHENS (Reuters) - Twice Olympic beach volleyball medallist  Natalie Cook helped new team mate Nicole Sanderson battle  nerves to propel Australia to a 21-19, 17-21, 17-15 win against  China Monday.	ENTAILMENT
860	This example is Sports	 EDEN PRAIRIE, Minn. (Sports Network) - Minnesota Vikings  wide receiver Randy Moss will not play at full speed for a few  weeks after an MRI Thursday revealed a slight tear in his  injured right hamstring.	ENTAILMENT
861	This example is Sports	CBC SPORTS ONLINE - The Toronto Argonauts may or may not host the East Division semifinal this year, but they will play home games at York University in 2006.	ENTAILMENT
862	This example is Sports	Seattle, WA (Sports Network) - The Seattle Mariners Tuesday agreed to terms with backstop Dan Wilson on a one-year contract, avoiding arbitration with the franchise #39;s all-time leader in games caught.	ENTAILMENT
863	This example is Sports	Toulouse, France (Sports Network) - There is a reason that Lyon has captured the Ligue 1 title three years in a row, and they put all those positive attributes on display at the Municipal Stadium on Tuesday night during a 2-0 win over Toulouse.	ENTAILMENT
864	This example is Sports	 SAN FRANCISCO (Reuters) - Jay Payton's three-run homer led  the San Diego Padres to a 5-1 win over the San Francisco Giants  in National League play on Saturday, despite a 701st career  blast from Barry Bonds.	ENTAILMENT
865	This example is Sports	TUSCALOOSA, Ala. (Sports Network) - Jason Campbell passed for 224 yards and a touchdown, Courtney Taylor caught four passes for 89 yards and a score, and No.	ENTAILMENT
866	This example is Sports	Kansas City, MO (Sports Network) - Trent Green threw for 389 yards with three touchdowns and Priest Holmes ran for 143 yards with three scores, leading the Kansas City Chiefs to a 45-35 victory over the Indianapolis Colts in another shootout at Arrowhead 	ENTAILMENT
867	This example is Sports	AP - Dodgers slugger Adrian Beltre filed for free agency Thursday  #151; the same day he underwent arthroscopic surgery to remove two large bone spurs from his left ankle.	ENTAILMENT
868	This example is Sports	TORONTO (CP) - Frank Menechino hit a tie-breaking home run in the seventh inning as the Toronto Blue Jays rallied to beat the Seattle Mariners 4-2 on Wednesday.	ENTAILMENT
869	This example is Sports	London, England (Sports Network) - Everything seems to be working lately for Jose Mourinho and Chelsea. Nothing changed Saturday at Stamford Bridge against Newcastle United.	ENTAILMENT
870	This example is Sports	TORONTO (CP) - Canada Basketball dumped Jay Triano on Tuesday after some six years as men #39;s team head coach and 11 years as a player - seven of them as captain.	ENTAILMENT
871	This example is Sports	Auburn Hills, MI (Sports Network) - Richard Hamilton banked home a shot over the outstretched arm of Shaquille O #39;Neal with 1.3 seconds remaining, lifting Detroit to a 78-77 victory over Miami at the Palace.	ENTAILMENT
872	This example is Sports	 NEW YORK (Reuters) - Jerome Bettis ran for 129 yards and  the Pittsburgh Steelers used a stifling defense to edge the  Cincinnati Bengals 19-14 for their eighth straight win in  National Football League play Sunday in Cincinnati.	ENTAILMENT
873	This example is Sports	St. Petersburg, FL (Sports Network) - The threat of Hurricane Jeanne has forced the cancellation of Sunday #39;s game between the Tampa Bay Devil Rays and the Toronto Blue Jays at Tropicana Field.	ENTAILMENT
874	This example is Sports	 KANSAS CITY, Mo., (Sports Network) - Kansas City Chiefs  quarterback Trent Green is listed as questionable for Sunday's  game against the Oakland Raiders with bruises to his ribs and  hip.	ENTAILMENT
875	This example is Sports	 ATHENS (Reuters) - Iraq's footballers beat Australia 1-0  Saturday to reach the semifinals of the Olympic men's  tournament, triggering celebratory gunfire in their  violence-racked country.	ENTAILMENT
876	This example is Sports	Munich, Germany (Sports Network) - Bayern Munich will be without striker Roque Santa Cruz for up to six weeks due to knee surgery.	ENTAILMENT
877	This example is Sports	AP - Ohio State imposed a one-year ban on postseason play by its men's basketball team in response to  #36;6,000 the university said former coach Jim O'Brien gave a recruit who never played for the school.	ENTAILMENT
878	This example is Sports	 ORCHARD PARK, N.Y. (Sports Network) - Buffalo Bills running  back Travis Henry could be sidelined for the remainder of the  season with a lower right leg injury.	ENTAILMENT
879	This example is Sports	AP - Salim Stoudamire scored 24 points, including 6-of-9 3-pointers, and 10th-ranked Arizona beat Wright State 83-66 Thursday night in the second round of the Preseason NIT.	ENTAILMENT
880	This example is Sports	East Rutherford, NJ (Sports Network) - The New York Jets placed veteran cornerback Ray Mickens on injured reserve Wednesday and signed defensive back Terrell Buckley.	ENTAILMENT
881	This example is Sports	 HATTIESBURG, Miss. (Sports Network) - Thomas Decod blocked  a potential game-tying point after touchdown and Wendell Hunter  returned it for a two-point conversion as fourth-ranked  California hung on for a 26-16 win over Southern Mississippi at  M.M. Roberts Stadium.	ENTAILMENT
882	This example is Sports	Athens, Greece (Sports Network) - Track cyclists Anna Meares of Australia and Chris Hoy of Great Britain won time trial gold medals Friday afternoon with record times. 	ENTAILMENT
883	This example is Sports	MONTREAL (CP) - Josh Beckett scattered four hits over seven solid innings and Miguel Cabrera homered Monday as the Florida Marlins snapped a six-game losing streak with a 4-1 win over the Montreal Expos.	ENTAILMENT
884	This example is Sports	San Antonio, TX (Sports Network) - The San Antonio Spurs Tuesday signed point guard Tony Parker to a multi-year contract extension.	ENTAILMENT
885	This example is Sports	Filderstadt, Germany (Sports Network) - Former world No. 1 Lindsay Davenport easily won her second-round match on Wednesday, but last week #39;s Hasselt champion Elena Dementieva was among the first-round losers at the \$650,000 Porsche Tennis Grand Prix.	ENTAILMENT
886	This example is Sports	 NEW YORK (Reuters) - Tom Brady threw a pair of touchdown  passes as the New England Patriots set a National Football  League record for consecutive wins by downing the winless Miami  Dolphins 24-10 in Foxboro on Sunday.	ENTAILMENT
887	This example is Sports	 BALTIMORE (Sports Network) - Baltimore Ravens cornerback  Deion Sanders is listed as questionable on the team's injury  report for Sunday's game against Cincinnati.	ENTAILMENT
888	This example is Sports	Cleveland, OH (Sports Network) - The Cleveland Cavaliers Tuesday signed veteran forward/center Scott Williams. As per team policy, terms of the deal were not disclosed.	ENTAILMENT
889	This example is Sports	 LOS ANGELES (Sports Network) - Los Angeles Dodgers third  baseman Robin Ventura has decided to call it quits following a  16-year Major League Baseball career.	ENTAILMENT
890	This example is Sports	CBC SPORTS ONLINE - Halifax will remain as the host city for the men #39;s university basketball championships for the next three years.	ENTAILMENT
891	This example is Sports	AP - Adam Eaton allowed five hits over seven innings for his career-high 10th victory, Brian Giles homered for the second straight game, and the San Diego Padres beat the Los Angeles Dodgers 3-0 Thursday night.	ENTAILMENT
892	This example is Sports	Linz, Austria (Sports Network) - Former world No. 1 Amelie Mauresmo of France led the parade into the semifinals at the \$585,000 Generali Ladies Linz tennis event.	ENTAILMENT
893	This example is Sports	Feb. 11, 2003 -- Football coach Rick Neuheisel denies speculation that he interviewed with the San Francisco 49ers for their head coaching position, saying he never met with the NFL team.	ENTAILMENT
894	This example is Sports	St. Louis, MO (Sports Network) - Lance Berkman went 4-for-5 and drove in three runs to lead Houston to a 7-5 win over St. Louis in the opener of a three-game set at Busch Stadium.	ENTAILMENT
895	This example is Sports	 CHARLOTTE, N.C., (Sports Network) - Carolina Panthers  defensive tackle Kris Jenkins was placed on injured reserve  Wednesday and will miss the remainder of the season because of  a shoulder injury.	ENTAILMENT
896	This example is Sports	 Davie, Fla. (Sports Network) - Sunday's game between the  Miami Dolphins and Pittsburgh Steelers has been postponed  because of Hurricane Jeanne.	ENTAILMENT
897	This example is Sports	 CHICAGO (Sports Network) - Seven-time All-Star and six-time  World Champion Scottie Pippen announced his retirement from the  Chicago Bulls Tuesday.	ENTAILMENT
898	This example is Sports	 NEW YORK (Reuters) - Clinton Portis ran 64 yards for a  touchdown and had 164 yards rushing as the Washington Redskins  used a stifling defense to edge the Tampa Bay Buccaneers 16-10  on Joe Gibbs' NFL return Sunday.	ENTAILMENT
899	This example is Sports	 NEW YORK (Reuters) - Kirk Rueter allowed just three hits  over seven innings and J.T. Snow homered as the San Francisco  Giants scored a crucial 4-2 win over Los Angeles in National  League play at Dodger Stadium Friday.	ENTAILMENT
900	This example is Sports	 NEW YORK (Reuters) - Kirk Rueter allowed just three hits  over seven innings and J.T. Snow homered as the San Francisco  Giants scored a crucial 4-2 win over Los Angeles in National  League play at Dodger Stadium Friday.	ENTAILMENT
901	This example is Sports	 ATHENS (Reuters) - Olympic champions the Netherlands  snatched another last-minute victory on Thursday in the men's  hockey tournament in Athens and Pakistan stunned Sydney silver  medallists South Korea 3-0 with fast-paced, attacking hockey.	ENTAILMENT
902	This example is Sports	AP - Al Davis never considered releasing Jerry Rice  #151; that's just not the way the Oakland Raiders' owner wanted to treat the NFL's most prolific receiver.	ENTAILMENT
903	This example is Sports	 MONTREAL (Sports Network) - The Chicago Cubs acquired  catcher Mike DiFelice from the Detroit Tigers and outfielder  Ben Grieve from Milwaukee, both for a player to be named later,  Tuesday.	ENTAILMENT
904	This example is Sports	MAUI, Hawaii (Sports Network) - Jeff Horner posted 27 points while Pierre Pierce added 18 points, seven rebounds and seven assists, as the Iowa Hawkeyes defeated a ranked team for the second night in a row with an 82-80 victory over No.	ENTAILMENT
905	This example is Sports	 RALEIGH, N.C. (Sports Network) - Julius Hodge poured in a  game-high 21 points as 19th-ranked North Carolina State routed  Elon, 71-45, in the semifinal round of the BCA Invitational at  the RBC Center.	ENTAILMENT
906	This example is Sports	Reuters - Willis McGahee ran\for 132 yards and a touchdown to lead the Buffalo Bills to a\22-17 victory over the New York Jets at Ralph Wilson Stadium.	ENTAILMENT
907	This example is Sports	Milwaukee, WI (Sports Network) - Barry Bonds did not homer, but JT Snow and Deivi Cruz did, and Brett Tomko threw a complete game to lead the San Francisco Giants to an 8-1 victory over the Milwaukee Brewers at Miller Park.	ENTAILMENT
908	This example is Sports	Philadelphia, PA (Sports Network) - Southern California and Oklahoma will meet for the national championship in the Orange Bowl on January 4 after the schools finished 1-2 in the final BCS standings released Sunday afternoon.	ENTAILMENT
909	This example is Sports	Chicago, IL (Sports Network) - The Chicago Cubs Tuesday agreed to a contract with shortstop Nomar Garciaparra. As per team policy, financial terms of the deal were not disclosed.	ENTAILMENT
910	This example is Sports	COLLEGE PARK, Md. -- Joel Statham threw for 333 yards and ran for a score, and Maryland held on to beat fifth-ranked Florida State, 20-17, yesterday.	ENTAILMENT
911	This example is Sports	Tampa, FL (Sports Network) - The Tampa Bay Lightning have re-signed captain Dave Andreychuk to a one-year deal. In accordance with team policy, financial terms of the contract were not disclosed.	ENTAILMENT
912	This example is Sports	Athens, GA (Sports Network) - Michael Cooper ran for the only touchdown of the game, as third-ranked Georgia rode its defense to a 13-3 victory over Marshall at Sanford Stadium.	ENTAILMENT
913	This example is Sports	Dallas, TX (Sports Network) - The Dallas Mavericks signed free agent Avery Johnson on Thursday, bringing the guard back to the team for which he played during parts of 2002 and 2003.	ENTAILMENT
914	This example is Sports	Phoenix, AZ (Sports Network) - The Phoenix Suns Friday placed Jake Voskuhl on the injured list after the center had an emergency appendectomy surgery.	ENTAILMENT
915	This example is Sports	Lyon, France (Sports Network) - Juventus and French international striker David Trezeguet underwent surgery Tuesday on his injured left shoulder.	ENTAILMENT
916	This example is Sports	Reuters - Walt Disney Co.  posted a 24\percent rise in profit on Thursday as advertising gains at ESPN\and ABC television networks more than made up for a sharp\slowdown at Disney's movie studio.	ENTAILMENT
917	This example is Sports	Philadelphia, PA (Sports Network) - According to a published report, the Philadelphia Phillies have named Charlie Manuel as their 50th manager on Wednesday night.	ENTAILMENT
918	This example is Sports	Reuters - Tiki Barber rushed for 182 yards and\ran half the length of the field for a touchdown as the New\York Giants used a stifling defense to upset the Packers 14-7\in Green Bay on Sunday.	ENTAILMENT
919	This example is Sports	AP - Tom Brady hasn't completed more than 20 passes in five games. He's thrown for fewer than 175 yards each of the past two weeks and for three touchdowns just once this season  #151; on opening day.	ENTAILMENT
920	This example is Sports	Indianapolis, IN (Sports Network) - Tennessee quarterback Steve McNair was inactive for Sunday #39;s game against Indianapolis because of a chest injury.	ENTAILMENT
921	This example is Sports	AP - The Philadelphia Eagles clinched the NFC East again. Big deal  #151; they did that before the season started.	ENTAILMENT
922	This example is Sports	Southampton, England (Sports Network) - American international goalkeeper Kasey Keller has been loaned to Southampton for one month.	ENTAILMENT
923	This example is Sports	Zurich, Switzerland (Sports Network) - Former world No. 1 Venus Williams advanced on Thursday and will now meet Wimbledon champion Maria Sharapova in the quarterfinals at the \$1.	ENTAILMENT
924	This example is Sports	OAKLAND, Calif. (Sports Network) - Travis Niesen scored a career-high 26 points, Kyle Bailey added 20 and Santa Clara shocked No. 4 North Carolina with a 77-66 victory in a Pete Newell Challenge game at The Arena.	ENTAILMENT
925	This example is Sports	AP - Tim Wakefield allowed two runs in six innings for his first victory since August, and Johnny Damon and David Ortiz homered to power the Boston Red Sox past the Baltimore Orioles 8-3 on Friday night.	ENTAILMENT
926	This example is Sports	 LOS ANGELES (Sports Network) - The Los Angeles Clippers  placed rookie guard Shaun Livingston on the injured list  Tuesday with a dislocated right kneecap.	ENTAILMENT
927	This example is Sports	KANSAS CITY, Mo. (Sports Network) - Adrian Peterson rushed for 171 yards and three scores, as the second-ranked Oklahoma Sooners likely punched their ticket to the Orange Bowl with a 42-3 pasting of the Colorado Buffaloes in the Big 12 championship game.	ENTAILMENT
928	This example is Sports	Toronto, ON (Sports Network) - The Toronto Blue Jays announced Monday that they have retained manager John Gibbons for next season.	ENTAILMENT
929	This example is Sports	Indianapolis, IN (Sports Network) - Indiana Pacers center Jeff Foster was activated from the injured list Tuesday. He had missed the first 17 games of the season after undergoing hip surgery in October.	ENTAILMENT
930	This example is Sports	AP - Chicago Cubs pitcher Kerry Wood, manager Dusty Baker and Houston Astros pitcher Roy Oswalt were ejected Sunday during the NL Central rivals' final game of a three-game series.	ENTAILMENT
931	This example is Sports	AP - Calgary Flames goaltender Miikka Kiprusoff was awarded  #36;2.95 million in arbitration Monday for the upcoming season.	ENTAILMENT
932	This example is Sports	 NEW YORK (Reuters) - Curt Schilling pitched 6 2/3 innings  and Manny Ramirez hit a three-run homer in a seven-run fourth  frame to lead the Boston Red Sox to a 9-3 win over the host  Anaheim Angels in their American League Divisional Series  opener Tuesday.	ENTAILMENT
933	This example is Sports	BROOKLYN, Mich. (SportsTicker) - Greg Biffle took over the lead with 17 laps left and held off teammate Mark Martin to win the NASCAR Nextel Cup Series GFS Marketplace 400 at Michigan International Speedway on Sunday.	ENTAILMENT
934	This example is Sports	CBC SPORTS ONLINE - Corey Dillon rushed for a pair of touchdowns as the visiting New England Patriots clipped the Kansas City Chiefs 27-19 before a crowd of 78,431 at Arrowhead Stadium on Monday.	ENTAILMENT
935	This example is Sports	CBC SPORTS ONLINE - News of Sergei Zholtok #39;s death sent shockwaves through the Latvia and hockey communities on Thursday. The 31-year-old died while playing with Latvian club Riga 2000 in Belarus on Wednesday night.	ENTAILMENT
936	This example is Sports	CBC SPORTS ONLINE - Edgar Martinez of the Seattle Mariners won the Roberto Clemente Award for community service on Tuesday. Martinez, 41, is the first Puerto Rican so honoured.	ENTAILMENT
937	This example is Sports	CBC SPORTS ONLINE - Tiger Woods is on the verge of winning his first stroke-play golf tournament in over a year. Woods fired a 5-under-par 65 Saturday to stretch his commanding lead to 10 strokes after three 	ENTAILMENT
938	This example is Sports	(Sports Network) - Ben Wallace will return to fold for Detroit tonight, when the Pistons begin a tough three-game homestand against the Minnesota Timberwolves at the Palace of Auburn Hills.	ENTAILMENT
939	This example is Sports	(Sports Network) - Ichiro Suzuki will try to add to his new single-season hits record, as he takes the field for the Seattle Mariners in the middle test of a season-ending three-game series against the visiting Texas Rangers.	ENTAILMENT
940	This example is Sports	Athens, Greece (Sports Network) - The United States has grabbed a 49-44 lead over Lithuania at the half of their bronze medal game at the Olympics.	ENTAILMENT
941	This example is Sports	Reuters - Former Blue Jays pitcher and television\commentator John Cerutti was found dead in a Toronto hotel room\on Sunday. He was 44.	ENTAILMENT
942	This example is Sports	Calgary, AB (Sports Network) - Calgary Flames head coach Darryl Sutter underwent an emergency appendectomy and is expected to make a full recovery.	ENTAILMENT
943	This example is Sports	AP - Stop referring to Eli Manning as the New York Giants' quarterback of the future. The job is his, now and for seemingly years to come.	ENTAILMENT
944	This example is Sports	Foxboro, MA (Sports Network) - Miami Dolphins quarterback Jay Fiedler suffered a rib injury during the closing moments of Sunday #39;s 24-10 loss to the New England Patriots.	ENTAILMENT
945	This example is Sports	AP - Jason Campbell passed for 194 yards in the first half and No. 9 Auburn beat The Citadel 33-3 Saturday, coasting in its sandwich game between a pair of high-stakes contests.	ENTAILMENT
946	This example is Sports	 MONTROSE, Colo. (Reuters) - The body believed to be that of  NBC Sports Chairman Dick Ebersol's 14-year-old son was  recovered on Monday from under the wreckage of an aircraft that  crashed in western Colorado and killed two others, officials  said.	ENTAILMENT
947	This example is Sports	OWINGS MILLS, Md. - Baltimore Ravens running back Jamal Lewis was suspended for two games without pay by the NFL for violating the league's substance abuse policy, one day after pleading guilty to trying to set up a drug deal four years ago...	ENTAILMENT
948	This example is Sports	East Rutherford, NJ (Sports Network) - The New Jersey Nets have signed head coach Lawrence Frank to a multi-year contract extension.	ENTAILMENT
949	This example is Sports	South Bend, IN (Sports Network) - Notre Dame head basketball coach Mike Brey has signed a two-year extension that will keep him under contract with the Fighting Irish through the 2010-11 season.	ENTAILMENT
950	This example is Sports	 NEW YORK (Reuters) - Dirk Nowitzki scored 34 points as the  Dallas Mavericks beat the Minnesota Timberwolves 97-87 in  National Basketball Association play Tuesday night.	ENTAILMENT
951	This example is Sports	Reuters - The NFL Players Association\Monday filed a grievance with the Dallas Cowboys over the\recent release of quarterback Quincy Carter, claiming the\organization was in violation of the league's collective\bargaining agreement.	ENTAILMENT
952	This example is Sports	AP - Johan Santana won his eighth straight decision Saturday, Jacque Jones and Augie Ojeda homered, and the Minnesota Twins kept rolling toward a third straight AL Central title wit ha 7-1 victory that ended the Anaheim Angels' nine-game winning streak.	ENTAILMENT
953	This example is Sports	Bronx, NY (Sports Network) - Half of the scheduled doubleheader between the New York Yankees and Tampa Bay was postponed Monday after the Devil Rays had trouble leaving Florida because of Hurricane Frances.	ENTAILMENT
954	This example is Sports	Reuters - The Houston Rockets exercised\the fourth-year option on center Yao Ming's contract on\Thursday.	ENTAILMENT
955	This example is Sports	Reuters - Peyton Manning threw for 254 yards and\two touchdowns to win his showdown with fellow co-MVP Steve\McNair as the Indianapolis Colts beat the Tennessee Titans\31-17 at Nashville on Sunday.	ENTAILMENT
956	This example is Sports	 COLUMBUS, Ohio (Sports Network) - Ohio State athletic  director Andy Geiger announced a one-year contract extension  for men's head basketball coach Thad Matta as a direct result  of the school imposing a ban on postseason play for 2004-05.	ENTAILMENT
957	This example is Sports	 SOUTH BEND, Indiana (Sports Network) - True freshman Darius  Walker ran for 115 yards and a pair of fourth-quarter  touchdowns, leading Notre Dame to a 28-20 victory over  eighth-ranked Michigan at Notre Dame Stadium.	ENTAILMENT
958	This example is Sports	 EAGLE, Colo. (Reuters) - Attorneys for basketball star Kobe  Bryant asked a judge to dismiss a rape charge against their  client, arguing prosecutors did not disclose that one of their  expert witnesses had information that could help Bryant.	ENTAILMENT
959	This example is Sports	 DALLAS (Sports Network) - Dallas Mavericks All-Star forward  Dirk Nowitzki is expected to be sidelined 7-to-10 days after an  MRI exam Monday revealed a mild left ankle sprain.	ENTAILMENT
960	This example is Sports	Anaheim, CA (Sports Network) - The Florida Marlins made the signing of right- handed reliever Todd Jones official Monday by announcing a one-year contract.	ENTAILMENT
961	This example is Sports	 BOSTON (Reuters) - Scattered violence broke out on Thursday  after thousands of Boston Red Sox fans converged on Fenway Park  to celebrate their baseball club's historic win over the New  York Yankees that puts them in the World Series.	ENTAILMENT
962	This example is Sports	AP - The Boston Red Sox lineup card from Game 4 of the 2004 World Series brought a site-record bid of  #36;165,000 on MLB.com.	ENTAILMENT
963	This example is Sports	Ashburn, VA (Sports Network) - Washington Redskins head coach Joe Gibbs said Monday that Patrick Ramsey will start at quarterback this Sunday against the Philadelphia Eagles.	ENTAILMENT
964	This example is Sports	Oakland, CA (Sports Network) - The Orlando Magic activated forward Pat Garrity from the injured list on Friday and placed forward Brandon Hunter on the IL with a hyperextended right elbow.	ENTAILMENT
965	This example is Sports	Brussels, Belgium (Sports Network) - Tennis stars Kim Clijsters and Lleyton Hewitt have ended their relationship, according to Clijsters #39; web site.	ENTAILMENT
966	This example is Sports	CBC SPORTS ONLINE - Ottawa Senators right-winger Marian Hossa is joining younger brother Marcel and Slovak countryman Rastislav Pavlikovsky with Mora of the Swedish Elite League.	ENTAILMENT
967	This example is Sports	New Orleans, LA (Sports Network) - New Orleans Hornets forward Jamal Mashburn will sit out the 2004-05 season due to a patella femoral irritation of his right knee.	ENTAILMENT
968	This example is Sports	CBC SPORTS ONLINE - The Los Angeles Lakers activated fifth-year veteran Slava Medvedenko from the injured list for Wednesday #39;s game at Memphis.	ENTAILMENT
969	This example is Sports	Cincinnati, OH (Sports Network) - The Cincinnati Bengals signed veteran safety Anthony Mitchell on Wednesday to fill their depleted secondary.	ENTAILMENT
970	This example is Sports	AP - Marcus Thames drove in three runs, and Nate Robertson pitched eight strong innings in the Detroit Tigers' 5-4 victory over the slumping Chicago White Sox on Wednesday night.	ENTAILMENT
971	This example is Sports	Reuters - The Atlanta Falcons\Monday signed Pro Bowl tight end Alge Crumpler to a six-year\contract extension.	ENTAILMENT
972	This example is Sports	 DAVIE, Fla. (Sports Network) - Miami Dolphins linebacker  Zach Thomas will miss Sunday's game against the Buffalo Bills  with a hamstring injury.	ENTAILMENT
973	This example is Sports	Foxboro, MA (Sports Network) - The New England Patriots Wednesday signed left tackle Matt Light to a six-year contract extension. As per team policy, financial terms were not released.	ENTAILMENT
974	This example is Sports	 NEW YORK (Sports Network) - Carl Krauser scored 17 points,  grabbed seven rebounds and handed out four assists to lead No.  11 Pittsburgh over Memphis, 70-51, in the Jimmy V Classic from  New York's famed Madison Square Garden.	ENTAILMENT
975	This example is Sports	 NEW YORK (Sports Network) - Carl Krauser scored 17 points,  grabbed seven rebounds and handed out four assists to lead No.  11 Pittsburgh over Memphis, 70-51, in the Jimmy V Classic from  New York's famed Madison Square Garden.	ENTAILMENT
976	This example is Sports	AFP - The National Basketball Association suspended Indiana's Ron Artest and three others following an ugly skirmish where Pacer players fought with Detroit fans.	ENTAILMENT
977	This example is Sports	 LONDON (Reuters) - The Court of Arbitration for Sport (CAS)  has postponed its hearings with American sprinters Tim  Montgomery and Chryste Gaines who have been charged with  serious doping violations.	ENTAILMENT
978	This example is Sports	CBC SPORTS ONLINE - Chief negotiators Bill Daly and Ted Saskin met Tuesday for two hours in New York. Unfortunately, the NHL work stoppage wasn #39;ta topic of conversation.	ENTAILMENT
979	This example is Sports	Reuters - Alex Rodriguez drove in three runs and\Orlando Hernandez pitched seven strong innings to guide the New\York Yankees past the Tampa Bay Devil Rays 7-4 in the American\League Monday.	ENTAILMENT
980	This example is Sports	 Athens, Ga. (Sports Network) - Danny Ware rushed for 135  yards and three touchdowns in his collegiate debut, as No. 3  Georgia held off Division I-AA Georgia Southern, 48-28, in the  season opener for both schools at Sanford Stadium.	ENTAILMENT
981	This example is Sports	Reuters - Peja Stojakovic scored 29 points to\steer the Sacramento Kings to their eighth victory in nine\games, a 98-93 decision over the Memphis Grizzlies Tuesday.	ENTAILMENT
982	This example is Sports	 TORONTO (Reuters) - Canada bid a final adieu to the  Montreal Expos who disappeared from the country's sports scene  on Wednesday in a wave of bitterness and nostalgia.	ENTAILMENT
983	This example is Sports	PROVIDENCE, RI (CP) - Jon Sim scored in overtime for the second night in a row as the Philadelphia Phantoms won their 14th straight AHL game, 4-3 over the Providence Bruins in front of 5,812 spectators Sunday.	ENTAILMENT
984	This example is Sports	AP - Roger Clemens pitched six innings for his 324th victory and the Houston Astros made the most of three Chicago errors Saturday, hanging on to beat the Cubs 7-6.	ENTAILMENT
985	This example is Sports	INDIANAPOLIS (Sports Network) - Deron Williams and Luther Head scored 20 points apiece, Dee Brown chipped in with 17, and No. 5 Illinois routed 24th- ranked Gonzaga, 89-72, in the John R. Wooden Tradition at Conseco Fieldhouse.	ENTAILMENT
986	This example is Sports	KANSAS CITY, Missouri (Ticker) -- Priest Holmes and the Kansas City Chiefs  #39; physcial offensive line shredded the NFL #39;s top-ranked rushing defense.	ENTAILMENT
987	This example is Sports	WEST LAFAYETTE, Indiana (Sports Network) - Garrett Rivas kicked a 35-yard field goal with 2:45 left in the fourth quarter to lead 13th-ranked Michigan to a 16-14 win over No.	ENTAILMENT
988	This example is Sports	Reuters - XM Satellite Radio Holdings Inc.\ shares rose nearly 6 percent before the bell on\Wednesday ahead of a news conference the company is holding in\conjunction with Major League Baseball.	ENTAILMENT
989	This example is Sports	AP - Replacement starter Travis Smith pitched five solid innings, Andruw Jones homered again and the Atlanta Braves buried Philadelphia a little deeper in the NL East, beating the Phillies 3-1 on Monday.	ENTAILMENT
990	This example is Sports	 NEW YORK (Reuters) - Matt Morris pitched a two-hit shutout,  striking out a season-high 11, as the St Louis Cardinals  blanked the Los Angeles Dodgers 3-0 in a showdown between two  division leaders at Busch Stadium on Friday.	ENTAILMENT
991	This example is Sports	 NEW YORK (Sports Network) - Former undisputed heavyweight  champion Evander Holyfield has been banned from fighting by the  New York State Athletic Commission, according to published  reports.	ENTAILMENT
992	This example is Sports	Los Angeles, CA (Sports Network) - JT Snow homered to lead San Francisco over Los Angeles, 4-2, in the opener of a three-game series at Dodger Stadium.	ENTAILMENT
993	This example is Sports	Reuters - Minnesota Vikings wide\receiver Randy Moss will be a game-time decision for Sunday's\game against Tennessee because of a hamstring injury.	ENTAILMENT
994	This example is Sports	Flowery Branch, GA (Sports Network) - Atlanta released offensive tackle Bob Whitfield and made seven other moves Sunday to reach the 53-man roster limit.	ENTAILMENT
995	This example is Sports	 NASHVILLE, Tenn. (Sports Network) - Tennessee Titans  quarterback Steve McNair suffered a bruised sternum late in the  fourth quarter of Sunday's game against Jacksonville.	ENTAILMENT
996	This example is Sports	AP - The New York Mets signed Cuban defector Alay Soler on Friday, giving the pitcher a three-year deal worth  #36;2.8 million.	ENTAILMENT
997	This example is Sports	Washington, DC (Sports Network) - The District of Columbia Council approved legislation to finance construction of a new ballpark for the Washington Nationals on Tuesday, but the team might have to come up with some money to build it.	ENTAILMENT
998	This example is Sports	AP - Brett Tomko allowed one run in six innings for his first win in nearly a month and helped San Francisco complete a three-game sweep of the Philadelphia Phillies with a 3-1 victory Sunday.	ENTAILMENT
999	This example is Sports	AP - The Seattle Mariners added power to one of the weakest lineups in baseball Wednesday, agreeing to a  #36;50 million, four-year contract with free agent first baseman Richie Sexson.	ENTAILMENT
1000	This example is Sports	Boston, MA (Sports Network) - Tampa Bay Devil Rays pitcher Dewon Brazelton captured the Tony Conigliaro Award. The honor is presented annually to the player who overcomes adversity through the attributes of spirit, determination and courage.	ENTAILMENT
1001	This example is Sports	Gelsenkirchen, Germany (Sports Network) - Since taking the reigns of Schalke on September 28, coach Ralf Rangnick has orchestrated a turn-around that has the club thinking of a Bundesliga championship.	ENTAILMENT
1002	This example is Sports	AP - J.J. Arrington ran for 169 yards to set California's single-season rushing record and the fourth-ranked Golden Bears beat Stanford 41-6 on Saturday for their biggest victory in the Big Game since 1930.	ENTAILMENT
1003	This example is Sports	Reuters - Former\Portland Trail Blazers guard Clyde Drexler highlights the class\of 2004 inductees for the Basketball Hall of Fame.	ENTAILMENT
1004	This example is Sports	 NEW YORK (Sports Network) - Hakim Warrick scored 25 points  and Gerry McNamara added 21, as fifth-ranked Syracuse pulled  away late for a 77-62 victory over No. 24 Memphis in the  championship game of the Coaches versus Cancer Classic at  Madison Square Garden.	ENTAILMENT
1005	This example is Sports	NYON, Dec 8 (SW) - The European governing body UEFA will be investigating both Valencia CF and Werder Bremen, following the clash between these two teams at Mestalla stadium on Tuesday.	ENTAILMENT
1006	This example is Sports	Alkmaar, the Netherlands (Sports Network) - Rangers #39; 16-match unbeaten run came to an end Thursday as it lost at AZ Alkmaar, 1-0, in a UEFA Cup encounter.	ENTAILMENT
1007	This example is Sports	AP - Catcher Damian Miller's  #36;8.75 million, three-year contract with the Milwaukee Brewers was finalized Monday after team doctors allayed concerns over his health.	ENTAILMENT
1008	This example is Sports	Jiangsu, China (Sports Network) - Stephen Dodd closed with a four-under 68 Sunday to win the Volvo China Open by three strokes. Dodd finished the tournament at 12-under-par 276.	ENTAILMENT
1009	This example is Sports	AP - Jason Kidd was cleared for individual noncontact drills to get his surgically repaired left knee ready for the Nets' season.	ENTAILMENT
1010	This example is Sports	ARLINGTON, Texas (Ticker) -- After a dominant effort against the Texas Rangers in his first start of the season, Mark Mulder has left much to be desired in his last three meetings with the division rivals.	ENTAILMENT
1011	This example is Sports	AP - Barry Bonds won his second National League batting title in three seasons and shattered the on-base percentage and walks records he set two years ago.	ENTAILMENT
1012	This example is Sports	(Sports Network) - Barry Bonds can join the exclusive 700 club tonight, as the San Francisco Giants begin a three-game series versus the Milwaukee Brewers at Miller Park.	ENTAILMENT
1013	This example is Sports	Tucson, AZ (Sports Network) - Mustafa Shakur led three Arizona players who scored at least 20 points as the 10th-ranked Wildcats opened their 2004-05 season with an 80-69 victory over San Diego at the McKale Center in the first round of the Preseason NIT.	ENTAILMENT
1014	This example is Sports	Charlotte, NC (Sports Network) - The Charlotte Bobcats Monday activated guard Keith Bogans and forward/center Jamal Sampson from the injured list.	ENTAILMENT
1015	This example is Sports	Green Bay, WI (Sports Network) - The Green Bay Packers could be without two starters in their defensive backfield for this weekend #39;s game at Washington.	ENTAILMENT
1016	This example is Sports	CBC SPORTS ONLINE - Point guard Avery Johnson retired Thursday as an active player to accept a coaching position with the Dallas Mavericks.	ENTAILMENT
1017	This example is Sports	 BLOOMFIELD HILLS, Michigan (Reuters) - Captains Bernhard  Langer and Hal Sutton made impassioned pleas for sportsmanship  Thursday, transforming golf's greatest grudge match into a  Ryder Cup love-in during a rollicking opening ceremony.	ENTAILMENT
1018	This example is Sports	 NEW YORK (Reuters) - The Philadelphia Eagles thumped the  Detroit Lions 30-13 in a clash of two previously unbeaten teams  in the NFL on Sunday.	ENTAILMENT
1019	This example is Sports	AP - Willie Randolph is guaranteed  #36;1,875,000 under his three-year contract with the New York Mets, one of the richest deals for a first-year manager.	ENTAILMENT
1020	This example is Sports	 LONDON (Reuters) - FIFA is under pressure to act decisively  following the racist abuse directed at England players during  Wednesday's friendly against Spain in Madrid.	ENTAILMENT
1021	This example is Sports	 NEW YORK (Reuters) - The Boston Red Sox crushed the New  York Yankees 10-3 Wednesday to complete an historic comeback  victory over their arch-rivals by four games to three in the  American League Championship Series.	ENTAILMENT
1022	This example is Sports	Bolton, England (Sports Network) - Bolton rewarded coach Sam Allardyce with a new five-year-deal Monday. Allardyce, who has already been with Bolton for five years, turns 50 years old this week.	ENTAILMENT
1023	This example is Sports	 HOUSTON (Sports Network) - Tyrone Moss ran for 148 yards  and two touchdowns to lead fourth-ranked Miami-Florida to a  38-13 victory over Houston at Reliant Stadium.	ENTAILMENT
1024	This example is Sports	PHILADELPHIA, Pa. (Sports Network) -- Tiger Woods may have squandered a 54-hole lead for only the third time in his PGA Tour career Sunday at the Tour Championship, but his second-place finish was enough to 	ENTAILMENT
1025	This example is Sports	EAST RUTHERFORD, New Jersey (Ticker) -- Brian Westbrook and the Philadelphia Eagles had no problem running to another division title.	ENTAILMENT
1026	This example is Sports	AP - First-base umpire Ed Montague left Sunday's game between the Seattle Mariners and Texas Rangers before the start of the fifth inning because of an elevated blood pressure.	ENTAILMENT
1027	This example is Sports	Athens, Greece (Sports Network) - Israel picked up its first-ever gold medal at the Olympics on Wednesday when windsurfer Gal Fridman won the men #39;s mistral.	ENTAILMENT
1028	This example is Sports	Thompson, CT (Sports Network) - Tom Baldwin, 57, father of Nextel Cup driver Kasey Kahne #39;s crew chief Tommy Baldwin Jr., was killed in a crash at the Thompson International Speedway. He was driving in a Featherlite modified race on Thursday night. 	ENTAILMENT
1029	This example is Sports	(Sports Network) - Rashard Lewis scored 22 points to lead the Seattle SuperSonics to a 103-95 win over the Indiana Pacers at KeyArena.	ENTAILMENT
1030	This example is Sports	AP - Andrei Kirilenko signed a 6-year,  #36;86 million contract extension with the Utah Jazz, a deal that took three months of negotiations.	ENTAILMENT
1031	This example is Sports	AP - Daryle Ward, Albert Pujols and Chipper Jones had big nights at the plate at the expense of National League pitchers.	ENTAILMENT
1032	This example is Sports	 NEW ORLEANS (Sports Network) - New Orleans' Steve Gleason  was fined \$5,000 by the NFL on Wednesday for punching the  Panthers' Kemp Rasmussen during last Sunday's 32-21 loss to  Carolina.	ENTAILMENT
1033	This example is Sports	 BOSTON (Sports Network) - Boston Red Sox ace Curt Schilling  underwent surgery Tuesday to repair a ruptured flexor tendon in  his right ankle.	ENTAILMENT
1034	This example is Sports	AP - Mark Prior allowed five hits in 7 2-3 innings to out-pitch Carl Pavano, and the Chicago Cubs moved one percentage point ahead of San Francisco atop the NL wild-card standings by beating the Florida Marlins 5-1 in the first game of a doubleheader Monday.	ENTAILMENT
1035	This example is Sports	 NEW YORK (Reuters) - Carlos Beltran homered twice, had four  hits and drove in five runs as the Houston Astros moved on to  the National League Championship Series with a 12-3 Game Five  pounding of the Atlanta Braves at Turner Field on Monday.	ENTAILMENT
1036	This example is Sports	(Sports Network) - Jerome Williams will take the mound for the first time in two months tonight, as the playoff-hopeful San Francisco Giants conclude their three-game series with the San Diego Padres at Petco Park.	ENTAILMENT
1037	This example is Sports	AP - Barry Zito scattered four hits over eight shutout innings, leading the AL West-leading Oakland Athletics past the Tampa Bay Devil Rays 5-0 on Saturday night.	ENTAILMENT
1038	This example is Sports	(Sports Network) - The Cincinnati Reds will start a season-ending three-game series versus the Pittsburgh Pirates tonight at Great American Ball Park.	ENTAILMENT
1039	This example is Sports	Reuters - Donovan McNabb passed for one\touchdown and rushed for another as the Philadelphia Eagles won\their fourth straight division title with a 27-6 win over the	ENTAILMENT
1040	This example is Sports	Athens, Greece (Sports Network) - Ellen Estes scored the game-winning goal with just 2:20 remaining, leading the United States women #39;s water polo team to a 6-5 victory over Australia in the bronze medal match Thursday.	ENTAILMENT
1041	This example is Sports	AP - Liverpool lost for the first time in the Premier League this season, beaten 1-0 at Bolton on Sunday on a 38th-minute goal by Kevin Davies.	ENTAILMENT
1042	This example is Sports	 LONDON (Reuters) - American gymnast Paul Hamm will keep his  Olympic all-round gold medal after the Lausanne-based Court of  Arbitration for Sport (CAS) rejected an appeal from South  Korea's Yang Tae-young.	ENTAILMENT
1043	This example is Sports	AP - The Anaheim Angels rounded out their starting outfield Friday, agreeing to a  #36;14 million, two-year contract with center fielder Steve Finley.	ENTAILMENT
1044	This example is Sports	CBC SPORTS ONLINE - Four-time Olympic rowing champion Matthew Pinsent announced his retirement from the sport on Tuesday. Pinsent, 34, captured his most recent gold medal by winning the coxless fours event in Athens this past August.	ENTAILMENT
1045	This example is Sports	AP - Justin Gray scored 21 points for the second straight game and No. 1 Wake Forest beat No. 18 Arizona 63-60 on Friday night in the championship game of the Preseason NIT.	ENTAILMENT
1046	This example is Sports	Valencia, Spain (Sports Network) - Valencia winger Vicente Rodriguez will be out for at least two weeks after spraining his ankle Wednesday.	ENTAILMENT
1047	This example is Sports	 NEW YORK (Reuters) - Peyton Manning threw three touchdown  passes to move closer to the all-time season record as the  Indianapolis Colts routed the visiting Tennessee Titans 51-24  in the NFL on Sunday.	ENTAILMENT
1048	This example is Sports	CBC SPORTS ONLINE - The Boston Red Sox have reportedly made a bid to lure free-agent pitcher Pedro Martinez back to the World Series champions.	ENTAILMENT
1049	This example is Sports	EAST RUTHERFORD, United States (AFP) - The Philadelphia Eagles clinched their fourth straight division title, and with plenty of time to spare in the National Football League season.	ENTAILMENT
1050	This example is Sports	Reuters - The Cleveland Cavaliers\Thursday picked up the team's 2005-06 contract option on\forward Drew Gooden.	ENTAILMENT
1051	This example is Sports	(Sports Network) - The Chicago White Sox were handed an 8-4 setback by the Detroit Tigers on Thursday. Bobby Higginson homered twice to lead Detroit. 	ENTAILMENT
1052	This example is Sports	AP - Atlanta Braves starter John Thomson and cleanup hitter Chipper Jones left Saturday's game against the Chicago Cubs with injuries, just days before the NL East champions begin the playoffs.	ENTAILMENT
1053	This example is Sports	Charlotte, NC (Sports Network) - The Carolina Panthers placed kick returner/running back Rod Smart on injured reserve Wednesday because of a hyperextended right knee.	ENTAILMENT
1054	This example is Sports	" WASHINGTON (Reuters) - Citizens' groups, residents and some  Washington, D.C., councilmen on Tuesday protested Mayor Anthony  Williams' proposed \$440 million baseball stadium plan, calling  it a ""giveaway"" to Major League Baseball."	ENTAILMENT
1055	This example is Sports	(Sports Network) - The Milwaukee Brewers continue a three-game series against Barry Bonds and the San Francisco Giants tonight at Miller Park.	ENTAILMENT
1056	This example is Sports	CBC SPORTS ONLINE - Vince Carter isn #39;t the only Raptor unhappy to be in Toronto right now. Guard Rafer Alston is starting to question his role on the team, even contemplating quitting the rest of the season 	ENTAILMENT
1057	This example is Sports	Anchorage, AK (Sports Network) - New Jersey Devils center Scott Gomez has signed with an East Coast Hockey League team in his hometown of Anchorage.	ENTAILMENT
1058	This example is Sports	Washington, DC (Sports Network) - The United States men #39;s national team is aware of its struggles in Central America, but knows it needs points Saturday in El Salvador to assure a spot in the next World Cup qualifying round.	ENTAILMENT
1059	This example is Sports	New York, NY (Sports Network) - Bobby Cox, who has guided the Atlanta Braves to a record 13 straight division titles, has been named the 2004 National League Manager of the Year.	ENTAILMENT
1060	This example is Sports	Anaheim, CA (Sports Network) - It looks as if Pedro Martinez is about to become a member of the New York Mets. The Boston Herald reported Monday afternoon that Martinez has agreed to a four- year, \$56 million 	ENTAILMENT
1061	This example is Sports	Reuters - The NBA is considering playing some of\its regular season games in China, commissioner David Stern\said Friday.	ENTAILMENT
1062	This example is Sports	AP - Trent Green threw a 3-yard touchdown pass to Jason Dunn, and the Kansas City Chiefs held a 10-3 lead over the Baltimore Ravens after the first quarter Monday night.	ENTAILMENT
1063	This example is Sports	Shanghai, China (Sports Network) - Rubens Barrichello won the pole for Sunday #39;s Grand Prix of China Formula One race. The No.2 Ferrari driver circled the 3.387-mile, 14-turn Shanghai International Circuit in one minute, 34.	ENTAILMENT
1064	This example is Sports	Reuters - The NFL handed down fines to 15\players involved in a scuffle between the Minnesota Vikings and\Chicago Bears on Sept. 26.	ENTAILMENT
1065	This example is Sports	Boston, MA (Sports Network) - Boston Red Sox ace Curt Schilling underwent surgery Tuesday to repair a ruptured flexor tendon in his right ankle.	ENTAILMENT
1066	This example is Sports	Cleveland, OH (Sports Network) - New York Jets running back Curtis Martin became the second player in NFL history to rush for at least 1,000 yards in his first 10 seasons before bruising his right knee in the second quarter.	ENTAILMENT
1067	This example is Sports	AP - Ontario Harper scored a career-high 17 points and No. 12 Mississippi State, playing without preseason All-America Lawrence Roberts, beat Fairfield 53-49 Thursday night in the first round of the Coaches vs. Cancer Classic.	ENTAILMENT
1068	This example is Sports	 NEW YORK (Reuters) - Peyton Manning continued to close in  on the NFL record for single season touchdown passes on Sunday,  firing two TD strikes as the Indianapolis Colts eased past the  Houston Texans 23-14 to clinch the division title.	ENTAILMENT
1069	This example is Sports	 NEW YORK (Reuters) - Peyton Manning continued to close in  on the NFL record for single season touchdown passes on Sunday,  firing two TD strikes as the Indianapolis Colts eased past the  Houston Texans 23-14 to clinch the division title.	ENTAILMENT
1070	This example is Sports	(Sports Network) - The Detroit Tigers continue their three-game series with the Cleveland Indians in tonight #39;s rubber match at Comerica Park.	ENTAILMENT
1071	This example is Sports	AP - Javier Valentin doubled in the go-ahead run with two outs in the 12th inning and the Cincinnati Reds played spoiler again, sending the Chicago Cubs to a crushing 2-1 defeat Thursday.	ENTAILMENT
1072	This example is Sports	SAN SALVADOR, El Salvador - El Salvador national soccer coach Juan Ramon Paredes was fired Saturday following two recent defeats in World Cup qualifying games.	ENTAILMENT
1073	This example is Sports	San Diego, CA (Sports Network) - Adrian Beltre recorded three hits and two runs scored to lead the Los Angeles Dodgers to a 9-6 victory over the San Diego Padres in the finale of a three-game series at Petco Park.	ENTAILMENT
1074	This example is Sports	" BOSTON (Reuters) - ""Miracle Workers."" So proclaimed The  Boston Globe on Thursday after the Red Sox -- baseball's  perennial also-rans -- finally brought down the ""Evil Empire,""  taking a giant step toward their first World Series title in 86  years by ousting the New York Yankees in dramatic fashion."	ENTAILMENT
1075	This example is Sports	 CHARLOTTE, North Carolina (Sports Network) - The Charlotte  Bobcats signed free agent shooting guard Steve Smith on  Thursday.	ENTAILMENT
1076	This example is Sports	Baltimore, MD (Sports Network) - Baltimore Orioles second baseman Jerry Hairston underwent successful ankle surgery, the club announced Tuesday.	ENTAILMENT
1077	This example is Sports	St. Louis, MO (Sports Network) - John Carney #39;s 31-yard field goal 7:04 into overtime handed the New Orleans Saints a dramatic 28-25 victory over the St.	ENTAILMENT
1078	This example is Sports	(Sports Network) - The New Jersey Nets were defeated by the Philadelphia 76ers, 108-100, in overtime on Wednesday at the Wachovia Center.	ENTAILMENT
1079	This example is Sports	AP - Curt Schilling allowed three hits in seven shutout innings for his 15th win and Manny Ramirez hit a grand slam to lead the Boston Red Sox over the Chicago White Sox 10-1 Friday night.	ENTAILMENT
1080	This example is Sports	Foxboro, MA (Sports Network) - Tom Brady went 18-of-26 for 260 yards with two touchdowns to lead New England to a 35-28 win over Cincinnati at Gillette Stadium.	ENTAILMENT
1081	This example is Sports	Tokyo, Japan (Sports Network) - Japan #39;s baseball players have decided to go on strike for the first time in the 70-year history of the sport in that nation.	ENTAILMENT
1082	This example is Sports	MAUI, Hawaii (Sports Network) - Taquan Dean poured in a game-high 30 points and Francisco Garcia added 16 points to lead 12th-ranked Louisville over Stanford, 82-67, in the fifth place game of the Maui Invitational at the Lahaina Civic Center.	ENTAILMENT
1083	This example is Sports	ATHENS, Greece - Allen Iverson broke his right thumb but plans to play anyway Tuesday night for the U.S. Olympic basketball team, which is coming off an embarrassing loss to Puerto Rico in its opener...	ENTAILMENT
1084	This example is Sports	 NEW YORK (Reuters) - Boston Red Sox can make baseball  history on Wednesday by becoming the first team to overturn a  three-game deficit in a best-of-seven series.	ENTAILMENT
1085	This example is Sports	AP - Lionel Hollins lost his debut as interim coach of the Grizzlies, with Kevin Garnett getting 26 points and 15 rebounds and Latrell Sprewell adding 22 points to lead the Minnesota Timberwolves over Memphis 115-90 Friday night.	ENTAILMENT
1086	This example is Sports	AP - Brian Ching scored a team-best 11th goal of season to lead the San Jose Earthquakes past the Dallas Burn 3-0 on Saturday night.	ENTAILMENT
1087	This example is Sports	Guangzhou, China (Sports Network) - Eighth-seeded Klara Koukalova was one of three first-round winners Monday at the inaugural Guangzhou International Women #39;s Open tennis tournament.	ENTAILMENT
1088	This example is Sports	AP - Gary Sheffield hit a tiebreaking, two-run homer in the ninth inning and the New York Yankees sent the fading Cleveland Indians to their eighth straight loss, 6-4 Monday night.	ENTAILMENT
1089	This example is Sports	MINNEAPOLIS (Ticker) -- Drew Tate passed for 328 yards and Kyle Schlicher set a school record with five field goals as No. 19 Iowa overcame a lack of a running game to defeat reeling Minnesota, 29-27, in a Big Ten Conference contest.	ENTAILMENT
1090	This example is Sports	Nyon, Switzerland (Sports Network) - The draw for the Champions League round of 16 was unveiled Friday in Switzerland, and there are a number of titanic clashes.	ENTAILMENT
1091	This example is Sports	Reuters - Major League Baseball\Monday announced a decision on the appeal filed by Chicago Cubs\pitcher Kerry Wood regarding a suspension stemming from an\incident earlier this season.	ENTAILMENT
1092	This example is Sports	AP - The San Francisco Giants and catcher Mike Matheny agreed to a  #36;10.5 million three-year contract Monday, the latest move to upgrade the team's defense.	ENTAILMENT
1093	This example is Sports	BRISTOL, Connecticut (Ticker) - Two of the NFL #39;s best receivers go head-to-head on the national stage Monday night when Terrell Owens and the Philadelphia Eagles host Randy Moss and the Minnesota Vikings.	ENTAILMENT
1094	This example is Sports	 PHILADEPHIA (Sports Network) - Saint Joseph's University  extended the contract of men's basketball coach Phil Martelli  on Thursday. Financial terms of the deal were not disclosed,  but the new contract will keep Martelli on Hawk Hill through at  least the 2011-12 season.	ENTAILMENT
1095	This example is Sports	 NEW YORK (Reuters) - Peyton Manning threw for 254 yards and  two touchdowns to win his showdown with fellow co-MVP Steve  McNair as the Indianapolis Colts beat the Tennessee Titans  31-17 in National Football League play at Nashville Sunday.	ENTAILMENT
1096	This example is Sports	 STILLWATER, Okla. (Sports Network) - Joey Graham scored 20  points and grabbed seven rebounds to lead fifth-ranked Oklahoma  State to an 86-73 win over Alabama-Birmingham at Gallagher-Iba  Arena.	ENTAILMENT
1097	This example is Sports	Palm Desert, CA (Sports Network) - Grace Park posted a one-under 71 Saturday and holds a three-stroke lead after three rounds of the Samsung World Championship.	ENTAILMENT
1098	This example is Sports	AP - Reaction to the suspensions handed down by NBA commissioner David Stern on Sunday, two days after a brawl between the Indiana Pacers and Detroit Pistons:	ENTAILMENT
1099	This example is Sports	 NEW YORK (Reuters) - Clinton Portis ran 64 yards for a  touchdown and had 164 yards rushing and the Washington Redskins  used a stifling defense to edge the Tampa Bay Buccaneers 16-10  in Joe Gibbs's return to the National Football League Sunday in  Landover, Maryland.	ENTAILMENT
1100	This example is Sports	(Sports Network) - With his 700th career homer now behind him, Barry Bonds can focus on the task of trying to get his Giants into the playoffs.	ENTAILMENT
1101	This example is Sports	AP - Minnesota right tackle Mike Rosenthal signed a six-year contract extension with the Vikings on Saturday.	ENTAILMENT
1102	This example is Sports	Athens, Greece (Sports Network) - Gunn-Rita Dahle of Norway captured the gold medal on Friday in the women #39;s mountain bike competition at the Summer Olympics in Athens.	ENTAILMENT
1103	This example is Sports	AP - Roger Clemens accepted the Astros' offer of salary arbitration Saturday, meaning he will either pitch for Houston next season or retire.	ENTAILMENT
1104	This example is Sports	AP - Infielder Jose Hernandez and the Cleveland Indians agreed to a  #36;1.8 million, one-year contract Monday.	ENTAILMENT
1105	This example is Sports	AP - Rhys Lloyd's 51-yard field goal try drifted left with 28 seconds remaining, allowing 19th-ranked Iowa to hold on for a 29-27 victory over Minnesota Saturday  #151; the Hawkeyes' sixth straight win.	ENTAILMENT
1106	This example is Sports	 NEW YORK (Sports Network) - The National Football League  handed down \$10,000 fines on Tuesday to linebacker Joey Porter  of the Steelers and running back William Green of the Browns  for their parts in a pre-game fight this past Sunday.	ENTAILMENT
1107	This example is Sports	AP - Barry Bonds hit his 699th home run, and the San Francisco Giants regained the NL wild-card lead with a 5-2 win over the Arizona Diamondbacks on Sunday.	ENTAILMENT
1108	This example is Sports	Indianapolis, IN (Sports Network) - The Indiana Pacers try to win their second straight game tonight, as they host Kevin Garnett and the Minnesota Timberwolves in the third of a four-game homestand at Conseco Fieldhouse.	ENTAILMENT
1109	This example is Sports	AP - The NFL agreed Monday to contract extensions with Fox and CBS to televise Sunday afternoon games for six more years, deals worth a combined  #36;8 billion.	ENTAILMENT
1110	This example is Sports	Reuters - Barry Bonds hit his third home\run in two days to help the San Francisco Giants earn a split\of their doubleheader with a 14-4 win over the Montreal Expos\on Wednesday.	ENTAILMENT
1111	This example is Sports	TAMPA, Florida (Ticker) -- Coach Jon Gruden benched Brad Johnson in favor of Chris Simms , but the Tampa Bay Buccaneers still couldn #39;t reach the end zone.	ENTAILMENT
1112	This example is Sports	Panama City, Panama (Sports Network) - United States men #39;s national team goalkeeper Tim Howard has returned to England, despite the squad #39;s scheduled match on Wednesday against Panama.	ENTAILMENT
1113	This example is Sports	AP - Vernon Wells homered in Toronto's five-run third inning and the Blue Jays beat the Tampa Devil Rays 9-7 on Sunday.	ENTAILMENT
1114	This example is Sports	AP - William  amp; Mary quarterback Lang Campbell won the Walter Payton Award on Thursday night as the top offensive player in Division I-AA.	ENTAILMENT
1115	This example is Sports	AP - Pedro Martinez closed in on a four-year deal with the New York Mets, and the Boston Red Sox resigned themselves Monday to losing the three-time Cy Young Award winner.	ENTAILMENT
1116	This example is Sports	Reuters - Corey Dillon rushed for 105 yards and\two touchdowns as the New England Patriots won their 20th\consecutive game, defeating the Seattle Seahawks 30-20 in	ENTAILMENT
1117	This example is Sports	Reuters - Carl Crawford and Rocco Baldelli\cracked solo homers and rookie Scott Kazmir out-duelled Pedro\Martinez to lead the Tampa Bay Devil Rays to a 5-2 road win\over the Boston Red Sox on Tuesday.	ENTAILMENT
1118	This example is Sports	DAYTONA BEACH, Florida (Sports Network) - NASCAR driver Dale Earnhardt Jr. has been fined \$10,000 for cursing during a TV interview following his win at Talladega Superspeedway.	ENTAILMENT
1119	This example is Sports	AP - NFL career rushing leader Emmitt Smith was inactive with a toe injury for the Arizona Cardinals' game at the Detroit Lions on Sunday.	ENTAILMENT
1120	This example is Sports	NORMAN, Oklahoma (Ticker) -- Adrian Peterson hopes to carry over his stellar start to Big 12 Conference action when second-ranked Oklahoma hosts Texas Tech on Saturday.	ENTAILMENT
1121	This example is Sports	 NEW YORK (Reuters) - It is a series that fills Boston Red  Sox fans with dread, New York Yankee supporters with giddy  confidence and has left Major League Baseball and television  executives smiling from ear-to-ear.	ENTAILMENT
1122	This example is Sports	Rostock, Germany (Sports Network) - Hansa Rostock coach Juri Schluenz resigned Sunday following a 6-0 loss at home to Hamburg. The loss left Rostock in the basement of the Bundesliga with eight points from 13 matches.	ENTAILMENT
1123	This example is Sports	KANSAS CITY, Mo. - Mike Mussina pitched three-hit baseball for eight innings and struck out a season-high 11, leading the New York Yankees past the Kansas City Royals, 4-0, Tuesday night.	ENTAILMENT
1124	This example is Sports	AP - Florida State wide receiver Lorne Sam will not be available for the Seminoles when they play West Virginia in the Gator Bowl on Jan. 1.	ENTAILMENT
1125	This example is Sports	New York, NY (Sports Network) - Former Miami Dolphins running back Ricky Williams will remain retired after declining the NFL #39;s reinstatement offer.	ENTAILMENT
1126	This example is Sports	Reuters - Kevin Garnett just missed out on a\triple-double with 21 points, 17 rebounds and nine assists to\lead the Minnesota Timberwolves to a gritty 83-82 road win over\the Dallas Mavericks on Monday.	ENTAILMENT
1127	This example is Sports	 LEXINGTON, Ky. (Sports Network) - Kelenna Azubuike poured  in a game-high 21 points, Shagari Alleyne added 11 points and  Kentucky rolled past Morehead State, 71-40, in non-conference  play at Rupp Arena.	ENTAILMENT
1128	This example is Sports	Cleveland, OH (Sports Network) - Cleveland Cavaliers assistant coach Mark Osowski passed away Sunday due to complications from pancreatitis, the team announced Monday afternoon.	ENTAILMENT
1129	This example is Sports	AP - Roger Clemens won for the first time in almost a month  #151; the 323rd victory of his career  #151; and Carlos Beltran hit a three-run homer to lead the Houston Astros over the Philadelphia Phillies 8-4 Monday night.	ENTAILMENT
1130	This example is Sports	Chicago, IL (Sports Network) - The Chicago White Sox hired former major leaguer Tim Raines as the club #39;s first base/baserunning coach on Monday.	ENTAILMENT
1131	This example is Sports	Washington, DC - The No. 11 MSU basketball team lost 96-83 to George Washington Saturday afternoon in the first-round of the BB amp;T Classic.	ENTAILMENT
1132	This example is Sports	 SAN FRANCISCO (Reuters) - Jay Payton's three-run homer led  the San Diego Padres to a 5-1 win over the San Francisco Giants  in National League play Saturday, despite a 701st career blast  from Barry Bonds.	ENTAILMENT
1133	This example is Sports	AP - Iowa held Penn State's offense scoreless, making Kyle Schlicher's two first-half field goals stand up for a 6-4 victory on Saturday.	ENTAILMENT
1134	This example is Sports	AP - Johan Santana won his eighth straight decision, Jacque Jones and Augie Ojeda homered and the Minnesota Twins ended the Anaheim Angels' nine-game winning streak, 7-1 Saturday.	ENTAILMENT
1135	This example is Sports	 LONDON (Reuters) - Soccer players and other sportsmen could  soon face mandatory two-year bans from their sports if they are  caught using recreational drugs at any time, the head of the  World Anti-Doping Agency said Monday.	ENTAILMENT
1136	This example is Sports	COLUMBUS, Ohio (Ticker) -- Seventh-ranked Michigan hopes to clinch a second straight outright Big Ten Conference title and Rose Bowl berth Saturday when it visits archrival Ohio State.	ENTAILMENT
1137	This example is Sports	AP - Texas' Cedric Benson became the sixth player in NCAA Division I history to rush for 1,000 yards in four consecutive seasons Saturday night.	ENTAILMENT
1138	This example is Sports	(Sports Network) - The Mariners will try to get back on the winning track tonight, when they battle the Anaheim Angels in the middle test of a three- game series.	ENTAILMENT
1139	This example is Sports	(Sports Network) - The Dodgers hope to avoid being swept by the St. Louis Cardinals, as they head into Game 3 of their National League Division Series today.	ENTAILMENT
1140	This example is Sports	 NEW YORK (Sports Network) - Johan Santana threw seven  shutout innings and Jacque Jones homered to lead the Minnesota  Twins to a 2-0 victory over New York in the opener of a  best-of-five American League Division Series at Yankee Stadium.	ENTAILMENT
1141	This example is Sports	AP - The Cleveland Indians avoided salary arbitration with reliever Bob Howry, signing the right-hander to a one-year contract on Friday.	ENTAILMENT
1142	This example is Sports	 Miami, Florida (Sports Network) - Due to the possible  threat of Hurricane Ivan, the NFL has rescheduled the  Titans/Dolphins game up a day to Saturday at 1:00 p.m. (et).	ENTAILMENT
1143	This example is Sports	Reuters - Peyton Manning threw four\touchdown passes and Edgerrin James ran for 204 yards with a\score, as the Indianapolis Colts rolled to a 41-10 victory over\the Chicago Bears at Soldier Field.	ENTAILMENT
1144	This example is Sports	London, England (Sports Network) - An appeal by Fulham to the English Football Association was successful on Thursday. The FA scaled back its original ban on Andrew Cole from six matches to four.	ENTAILMENT
1145	This example is Sports	 WASHINGTON (Sports Network) - The NFL Players Association  Monday filed a grievance with the Dallas Cowboys over the  recent release of quarterback Quincy Carter, claiming the  organization was in violation of the league's collective  bargaining agreement.	ENTAILMENT
1146	This example is Sports	CBC SPORTS ONLINE - Although it #39;s been officially announced the Montreal Expos will call Washington, DC home next season, there still are some big road blocks in the way that could derail the franchise #39;s move south.	ENTAILMENT
1147	This example is Sports	EAST RUTHERFORD, New Jersey (Ticker) -- Stephon Marbury scored 14 points and Tim Thomas added 12 as the New York Knicks overcame a strong start by the New Jersey Nets to grind out an 86-79 preseason victory.	ENTAILMENT
1148	This example is Sports	CBC SPORTS ONLINE - As expected, the Tampa Bay Lightning are bringing back their captain, Dave Andreychuk, for another season. The Lightning on Tuesday announced the 40-year-old Andreychuk,had agreed to a one-year deal.	ENTAILMENT
1149	This example is Sports	Heraklio, Greece (Sports Network) - The old faces of US women #39;s soccer bid adieu, while the new faces introduced themselves in a gold-medal winning effort at the Athens Olympics on Thursday night at Karaiskaki Stadium.	ENTAILMENT
1150	This example is Sports	Allen Park, MI (Sports Network) - The Detroit Lions placed starting strong safety Brian Walker on injured reserve and released six players Sunday to get down to the NFL #39;s roster limit of 53 players.	ENTAILMENT
1151	This example is Sports	 WASHINGTON (Sports Network) - Roger Powell Jr. netted 19  points on 8-of-11 shooting to lead top-ranked Illinois to a  74-59 victory over Georgetown at the MCI Center.	ENTAILMENT
1152	This example is Sports	(Sports Network) - The New York Yankees can clinch a playoff berth tonight, and they can do it with a pitcher who is still unbeaten this year.	ENTAILMENT
1153	This example is Sports	 NEW YORK (Reuters) - Jeff Wilkins booted a clutch 31-yard  field goal to earn the St. Louis Rams a playoff berth with a  32-29 overtime victory over the New York Jets on Sunday, as the  NFL regular season came to furious conclusion.	ENTAILMENT
1154	This example is Sports	New York, NY (Sports Network) - Great Britain #39;s Paula Radcliffe captured the New York City marathon in the closest-ever women #39;s finish in the history of the race, while Hendrik Ramaala of South Africa won the men #39;s side.	ENTAILMENT
1155	This example is Sports	AP - Tony Sanneh scored his first MLS goal in six years, helping the Columbus Crew extend their unbeaten streak to 12 games with a 1-0 victory over the San Jose Earthquakes on Wednesday night.	ENTAILMENT
1156	This example is Sports	CBC SPORTS ONLINE - After spending the last seven seasons with the New York Mets, Al Leiter was feeling a little nostalgic. Leiter signed a one-year contract with the Florida Marlins, a team he helped lead to a World Series title in 1997.	ENTAILMENT
1157	This example is Sports	 SAN DIEGO, Calif. (Sports Network) - San Diego Chargers  quarterback Drew Brees will be under center for this Sunday's  contest versus the Denver Broncos.	ENTAILMENT
1158	This example is Sports	AP - Mike Wilkinson scored all but two of his 19 points in the second half and Brian Butch had a memorable debut in No. 21 Wisconsin's 77-44 rout of Penn on Saturday night.	ENTAILMENT
1159	This example is Sports	 SAN FRANCISCO (Reuters) - Baseball star Barry Bonds took an  undetectable performance-enhancing drug during the 2003 season,  his weight trainer said on a secretly recorded tape, The San  Francisco Chronicle reported Saturday.	ENTAILMENT
1160	This example is Sports	La Coruna, Spain (Sports Network) - Osasuna overcame a red card to shock Deportivo La Coruna Sunday, 3-1. Deportivo took a 1-0 lead into halftime on a Walter Pandiani strike in the 19th minute.	ENTAILMENT
1161	This example is Sports	 BOSTON (Reuters) - A stitched-up Curt Schilling became the  first pitcher in major league history to win World Series games  with three different teams after producing a gritty display  Sunday.	ENTAILMENT
1162	This example is Sports	 BOSTON (Reuters) - A stitched-up Curt Schilling became the  first pitcher in major league history to win World Series games  with three different teams after producing a gritty display  Sunday.	ENTAILMENT
1163	This example is Sports	Sports India, Cricket: Chennai, Oct 11 : Former Supreme Court judge S. Mohan, appointed interim administrator of the Indian cricket board by the Madras High Court, Monday reported to the court about his being locked out of the board #39;s office in Mumbai.	ENTAILMENT
1164	This example is Sports	AP - Ron Turner was fired by Illinois on Monday after three straight losing seasons, a sharp turnaround from early success that included the team's first Big Ten football title in a decade.	ENTAILMENT
1165	This example is Sports	CHICAGO (USATODAY.com) - The Chicago White Sox did not offer arbitration to outfielder Magglio Ordonez. Evidently, it will be Jermaine Dye to pick up the slack.	ENTAILMENT
1166	This example is Sports	 LAS VEGAS (Sports Network) - Mike Sanford has been hired as  the ninth head football coach at UNLV. The former Utah  offensive coach takes over for the retired John Robinson.	ENTAILMENT
1167	This example is Sports	Athens, Greece (Sports Network) - US women #39;s basketball player Katie Smith will miss the remainder of the Olympics after an MRI exam revealed torn cartilage in her right knee.	ENTAILMENT
1168	This example is Sports	FLUSHING, NY, (Sports Network) - The New York Mets are bringing Willie Randolph across town from the Bronx to be their 18th manager.	ENTAILMENT
1169	This example is Sports	AP - Peyton Manning tied an NFL record set by John Unitas in 1959 with his 12th straight game with at least two touchdowns to open a season.	ENTAILMENT
1170	This example is Sports	AP - U.S. midfielder DaMarcus Beasley scored a goal Sunday to help lead PSV Eindhoven past Vitesse Arnhem 2-0 in the Dutch league  #151; the 10th straight shutout for unbeaten PSV.	ENTAILMENT
1171	This example is Sports	Reuters - Baltimore Ravens running back\Jamal Lewis was suspended for two games without pay and fined\an additional two weeks' salary by the league on Friday for\violating the NFL substance abuse policy.	ENTAILMENT
1172	This example is Sports	AP - Cliff Lee won for the second time since July 16 and rookie Grady Sizemore hit a two-run homer, leading the Cleveland Indians to a 9-7 win over the Minnesota Twins on Thursday night.	ENTAILMENT
1173	This example is Sports	AP - Jose Lima pitched into the seventh inning, Jayson Werth homered for the third game in a row and the Los Angeles Dodgers beat the San Diego Padres 6-3 Tuesday night.	ENTAILMENT
1174	This example is Sports	Reuters - Priest Holmes rushed for 125 yards and\two touchdowns to help the Kansas City Chiefs pick up their\first win of the season, 27-24 over the host Baltimore Ravens\Monday.	ENTAILMENT
1175	This example is Sports	AFP - National Basketball Association players union leaders met with an arbitrator to have suspensions from a brawl between players and fans reduced but league officials did not participate.	ENTAILMENT
1176	This example is Sports	AP - Wayne Simien had 20 points and 13 rebounds, and No. 2 Kansas shot 63 percent during a 91-51 rout of St. Joseph's on Tuesday night.	ENTAILMENT
1177	This example is Sports	 NASHVILLE, Tenn. (Sports Network) - Tennessee quarterback  Steve McNair is questionable for Sunday's home game against  Jacksonville with a chest injury. McNair missed the Titans'  last two games with a bruised sternum.	ENTAILMENT
1178	This example is Sports	 WASHINGTON (Sports Network) - Dwyane Wade continued his hot  start to the 2004-05 campaign with a career-high 37 points, as  the Miami Heat improved to 3-0 on the young season with a  118-106 win over the Washington Wizards.	ENTAILMENT
1179	This example is Sports	AP - Vicente Padilla pitched 6 2-3 shutout innings in his best start since coming off the disabled list and led the Philadelphia Phillies over the New York Mets 4-2 Sunday to complete a three-game sweep.	ENTAILMENT
1180	This example is Sports	(Sports Network) - The Houston Astros have never won a playoff series in franchise history. Winners of 13 straight division titles, the Atlanta Braves are also hoping to break a Division Series jinx.	ENTAILMENT
1181	This example is Sports	Reuters - Dallas Cowboys running\back Eddie George was inactive for Sunday's game against New\Orleans as a healthy scratch and missed a game for the first\time in his NFL career.	ENTAILMENT
1182	This example is Sports	(Sports Network) - Two of the worst teams in the American League square off this evening when the Kansas City Royals and Detroit Tigers continue their four-game set at Comerica Park.	ENTAILMENT
1183	This example is Sports	ENGLEWOOD, Colorado (Ticker) - Denver Broncos defensive tackle Luther Elliss has a herniated disc and will miss the rest of the season, coach Mike Shanahan announced on Friday.	ENTAILMENT
1184	This example is Sports	 NEW YORK (Reuters) - Sidney Ponson pitched a complete-game  two-hitter as the Baltimore Orioles stunned the New York  Yankees 7-0 in American League play at Yankee Stadium on  Saturday.	ENTAILMENT
1185	This example is Sports	AP - Former Chelsea striker Adrian Mutu was suspended for seven months and fined about  #36;35,000 by the English Football Association on Thursday after testing positive for cocaine.	ENTAILMENT
1186	This example is Sports	 SALT LAKE CITY, Utah (Sports Network) - Steve Savoy scored  three times and Alex Smith accounted for two more touchdowns as  No. 5 Utah did its best toward becoming the first non-BCS  program to claim a spot in a BCS bowl game by pounding Mountain  West rival Brigham Young, 52-21, at Rice-Eccles Stadium.	ENTAILMENT
1187	This example is Sports	AP - Weber State football coach Jerry Graybeal resigned Tuesday after a 1-10 season, the worst in the program's 43-year history.	ENTAILMENT
1188	This example is Sports	NEWARK, NJ - Two-time All Big East senior guard Cappie Pondexter is going to miss the first half of Rutgers women #39;s basketball season.	ENTAILMENT
1189	This example is Sports	Athens, Greece (Sports Network) - Sarah Ulmer of New Zealand won the women #39;s individual pursuit competition in track cycling Sunday at the Olympics.	ENTAILMENT
1190	This example is Sports	Reuters - Earl Boykins contributed 22 points to\help the Denver Nuggets overcome the absence of top scorer\Carmelo Anthony to defeat the New Orleans Hornets 76-67 Monday.	ENTAILMENT
1191	This example is Sports	(Sports Network) - Carlos Beltran may be the newest Killer B in Houston #39;s lineup, but right now he is also the most feared hitter on the Astros.	ENTAILMENT
1192	This example is Sports	Kansas City, MO (Sports Network) - Angel Berroa went 5-for-5 with five runs scored and Kansas City exploded for 10 runs in the fifth inning en route to a 17-8 victory over the New York Yankees in the opener of a three-game series at Kauffman Stadium.	ENTAILMENT
1193	This example is Sports	FAIRFAX, Va. (Sports Network) - Washington Redskins rookie safety Sean Taylor Wednesday pleaded not guilty to a drunken driving charge.	ENTAILMENT
1194	This example is Sports	AP - Mike Mussina pitched three-hit ball for eight innings and struck out a season-high 11, leading the New York Yankees over the Kansas City Royals 4-0 Tuesday night.	ENTAILMENT
1195	This example is Sports	Reuters - Carolina wide\receiver Steve Smith was carted off the field Monday night\after breaking his left fibula during the Panthers' 24-14 loss\to Green Bay.	ENTAILMENT
1196	This example is Sports	Columbia, MO (Sports Network) - The Missouri basketball program has been placed on probation for three years and will face limits on recruiting, scholarships and official visits for violating NCAA rules.	ENTAILMENT
1197	This example is Sports	Salt Lake City, UT (Sports Network) - The Jazz announced Tuesday that the club will retire John Stockton #39;s No. 12 on November 22, 2004, when Utah hosts the New Orleans Hornets.	ENTAILMENT
1198	This example is Sports	AP - The Baltimore Orioles released outfielder Karim Garcia after their ninth straight loss Wednesday night, and sent outfielder Darnell McDonald to Triple-A Ottawa.	ENTAILMENT
1199	This example is Sports	AP - Francisco Garcia matched his career-high with 29 points, including eight straight during a 27-4 run, and No. 19 Louisville pulled away for a 98-64 victory over Tennessee State on Sunday.	ENTAILMENT
1200	This example is World	CBC SPORTS ONLINE - Gerry Hunsicker has decided to step down as general manager of the Houston Astros after nine years on the job.	CONTRADICTION
1201	This example is World	CBC SPORTS ONLINE - Vijay Singh officially supplanted Tiger Woods as the world #39;s finest golfer, earning PGA player of the year honours on Monday.	CONTRADICTION
1202	This example is World	CBC SPORTS ONLINE - Austrians Michael Walchhofer and Hermann Maier finished 1-2 Thursday in training for this weekend #39;s season-opening World Cup downhill race in Lake Louise, Alta.	CONTRADICTION
1203	This example is World	 HOUSTON (Sports Network) - The Houston Rockets exercised  the fourth-year option on center Yao Ming's contract on  Thursday.	CONTRADICTION
1204	This example is Business	CBC SPORTS ONLINE - Daniel Nestor and partner Mark Knowles on Friday battled their way to a fourth championship appearance of the tennis season.	CONTRADICTION
1205	This example is Business	Birmingham, England (Sports Network) - West Bromwich Albion coach Gary Megson will not re-sign with the club when his contract runs out on June 30, 2005.	CONTRADICTION
1206	This example is World	 PORTLAND, Ore., (Sports Network) - Portland Trail Blazers  forward Qyntel Woods was suspended without pay pending the  club's investigation regarding allegations by Multnomah County  for dog abandonment and by Clackamas County for dog fighting.	CONTRADICTION
1207	This example is Business	CBC SPORTS ONLINE - Former world No. 1 Kim Clijsters is not expected to play in next month #39;s Australian Open tennis tournament as she continues to recover from wrist surgery.	CONTRADICTION
1208	This example is World	CBC SPORTS ONLINE - The Anaheim Angels suspended outfielder Jose Guillen for the rest of the season without pay Sunday following an outburst during a game the previous night.	CONTRADICTION
1209	This example is Business	Amsterdam, the Netherlands (Sports Network) - Ajax defender Hatem Trabelsi finally ended his holdout by signing a new two-year contract on Friday.	CONTRADICTION
1210	This example is World	Manchester, England (Sports Network) - Gabriel Heinze is expected to finally make his debut for ninth-place Manchester United Saturday as the Red Devils travel to take on surprising Bolton.	CONTRADICTION
1211	This example is Business	CBC SPORTS ONLINE - Gary Sheffield of the New York Yankees underwent successful arthroscopic surgery on his left shoulder Tuesday.	CONTRADICTION
1212	This example is Business	CBC SPORTS ONLINE - Catcher Doug Mirabelli reportedly is the first of 16 free agents to re-sign with the World Series champion Boston Red Sox.	CONTRADICTION
1213	This example is Business	Madrid, Spain (Sports Network) - Argentine midfielder Diego Simeone is leaving Atletico Madrid for his native Racing Club Avellaneda.	CONTRADICTION
1214	This example is World	Paris, France (Sports Network) - Second-seeded Lleyton Hewitt and third-seeded Tim Henman each posted second-round victories Tuesday at the \$3.	CONTRADICTION
1215	This example is Business	CBC SPORTS ONLINE - American tennis sensation Andy Roddick #39;s Olympic dreams are over after a straight set loss to No. 16 Fernando Gonzalez of Chile in third-round action Wednesday. 	CONTRADICTION
1216	This example is Sci/Tech	CBC SPORTS ONLINE - Svetlana Kuznestova became the first Russian to advance to a US Open final after defeating American and former champion Lindsay Davenport in three sets on Friday at Ashe Stadium in Flushing Meadows, NY.	CONTRADICTION
1217	This example is Business	Paris, France (Sports Network) - French favorite Sebastien Grosjean and three- time Roland Garros champion Gustavo Kuerten of Brazil will not play in next month #39;s Paris Masters due to injuries.	CONTRADICTION
1218	This example is Sci/Tech	CBC SPORTS ONLINE - Free-agent outfielder Ricky Ledee decided Monday to accept a two-year contract offer from the Los Angeles Dodgers.	CONTRADICTION
1219	This example is World	Manchester, England (Sports Network) - Manchester United striker Ruud van Nistelrooy picked up a hip injury while playing for Holland in a World Cup qualifier Wednesday.	CONTRADICTION
1220	This example is Sci/Tech	 PHILADELPHIA (Sports Network) - Philadelphia Eagles running  back Brian Westbrook is listed as questionable for Sunday's  game against Baltimore because of a rib fracture.	CONTRADICTION
1221	This example is Business	CBC SPORTS ONLINE - Pitcher Jason Grimsley is lost to the Baltimore Orioles until next June at the earliest after undergoing  quot;Tommy John quot; surgery Wednesday.	CONTRADICTION
1222	This example is Sci/Tech	Miami, FL (Sports Network) - Frank Gore scored from one yard out in the final minute to lift the third-ranked Miami Hurricanes to a 41-38 victory over No.	CONTRADICTION
1223	This example is Sci/Tech	CBC SPORTS ONLINE - Head coach Dave Wannstedt resigned from the struggling Miami Dolphins Tuesday morning, ending a frustrating season that began with the retirement of star running back Ricky Williams before training camp.	CONTRADICTION
1224	This example is World	CBC SPORTS ONLINE - Free-agent catcher Gary Bennett agreed Monday to a one-year contract worth \$750,000 US with the Washington-bound Expos.	CONTRADICTION
1225	This example is Business	Liverpool, England (Sports Network) - Liverpool will take the field Saturday against Norwich without the familiar face of captain Steven Gerrard there to guide them.	CONTRADICTION
1226	This example is World	Milan, Italy (Sports Network) - Inter Milan has earned just two points after two Serie A matches, thanks to a 1-1 draw with Palermo on Saturday night.	CONTRADICTION
1227	This example is Sci/Tech	 WASHINGTON (Sports Network) - Former No. 1 overall pick  Kwame Brown returned from an off-season foot injury in  Washington's 95-68 rout of New Jersey Wednesday night.	CONTRADICTION
1228	This example is Business	CBC SPORTS ONLINE - The Anaheim Angels exercised catcher Bengie Molina #39;s contract option on Monday, but not that of pitcher Ramon Ortiz.	CONTRADICTION
1229	This example is Business	CBC SPORTS ONLINE - Wimbledon champion Maria Sharapova retained her Japan Open title with an easy victory over American Mashona Washington in Saturday #39;s final.	CONTRADICTION
1230	This example is Business	Paris, France (Sports Network) - Marat Safin moved into the final of the BNP Paribas Masters with a straight-set victory over Guillermo Canas on Saturday.	CONTRADICTION
1231	This example is Sci/Tech	Houston, TX (Sports Network) - Morgan Ensberg went 2-for-4 and drove in three runs to lead Houston over Atlanta 8-5 in Game 3 of their National League Division Series at Minute Maid Park.	CONTRADICTION
1232	This example is World	 Philadelphia, Pa. (Sports Network) - The Philadelphia  Eagles locked up their most successful head coach in franchise  history Wednesday, signing Andy Reid to a four-year contract  extension.	CONTRADICTION
1233	This example is World	Moscow, Russia (Sports Network) - Anastasia Myskina of Russia successfully defended her title in Moscow with a straight-set win over countrywoman Elena Dementieva at the final of the \$1.	CONTRADICTION
1234	This example is World	Austin, TX (Sports Network) - Cedric Benson rushed for 140 yards and five touchdowns, as the sixth-ranked Texas Longhorns rallied from a 28-point deficit to erupt for a 56-35 victory over 19th-ranked Oklahoma State.	CONTRADICTION
1235	This example is Business	CBC SPORTS ONLINE - Greek sprinters Kostas Kenteris and Katerina Thanou were charged by track and field #39;s world governing body Thursday for missing a series of mandatory drug tests.	CONTRADICTION
1236	This example is Business	CBC SPORTS ONLINE - Roger Federer, the world #39;s No. 1 tennis player, pulled out of the Swiss Indoors tournament Tuesday after injuring his left thigh in warm-up.	CONTRADICTION
1237	This example is Sci/Tech	Bucharest, Romania (Sports Network) - Anghel Iordanescu resigned as coach of Romania Friday following Wednesday #39;s disappointing 1-1 World Cup qualifying draw with Armenia.	CONTRADICTION
1238	This example is World	CBC SPORTS ONLINE - AC Milan striker Andriy Shevchenko was named the Ballon d #39;Or (Golden Ball) award winner on Monday as European soccer player of the year.	CONTRADICTION
1239	This example is World	Liverpool, England (Sports Network) - Liverpool skipper Steven Gerrard is expected to return from a two-month absence Saturday at Middlesbrough.	CONTRADICTION
1240	This example is Sci/Tech	Madrid, Spain (Sports Network) - Paul Broadhurst carded a three-under 68 on Saturday to hold onto a share of the lead after the third round of the Open de Madrid.	CONTRADICTION
1241	This example is Sci/Tech	Barcelona, Spain (Sports Network) - David Beckham scored the game-winner for Real Madrid as the  #39;galacticos #39; and Barcelona both won in week two of the Spanish Premier division.	CONTRADICTION
1242	This example is Sci/Tech	Munich, Germany (Sports Network) - Claudio Pizarro returned from injury and scored twice in Bayern Munich #39;s 2-0 win over Bundesliga leaders Wolfsburg.	CONTRADICTION
1243	This example is World	PHILADELPHIA (Sports Network) - Kyle Eckel rushed for a career-high 179 yards and a touchdown to lead the Navy Midshipmen to a 42-13 rout of the Army Black Knights in the 105th meeting of the storied rivalry between the service academies from Lincoln 	CONTRADICTION
1244	This example is Business	 PHILADELPHIA (Sports Network) - Indiana Pacers forward Ron  Artest will be back in the lineup for Friday's game versus  Philadelphia at the Wachovia Center.	CONTRADICTION
1245	This example is World	(Sports Network) - The Golden State Warriors lost to the New Orleans Hornets, 98-89, on Wednesday. The Warriors are 1-1 on their current four-game road trip.	CONTRADICTION
1246	This example is Sci/Tech	Minneapolis, MN (Sports Network) - Minnesota Timberwolves guard Sam Cassell did not show up Tuesday for the first day of training camp.	CONTRADICTION
1247	This example is World	CBC SPORTS ONLINE - Canadian reliever Rheal Cormier agreed Tuesday to a two-year, \$5.25-million US contract with the Philadelphia Phillies.	CONTRADICTION
1248	This example is Sci/Tech	Seattle, WA (Sports Network) - The Seattle Mariners have found their slugging first baseman, as they agreed to terms Wednesday with free agent Richie Sexson on a four-year contract.	CONTRADICTION
1249	This example is World	 NEW YORK, (Sports Network) - Minnesota Vikings quarterback  Daunte Culpepper is ahead of all players in voting for the 2005  Pro Bowl, while Philadelphia's Donovan McNabb is one of three  Eagles in the top-10.	CONTRADICTION
1250	This example is Business	Aberdeen, Scotland (Sports Network) - Celtic remained perfect in Scottish Premier League play this season with a 3-1 win over Inverness at the Pittodrie.	CONTRADICTION
1251	This example is World	Philadelphia, PA (Sports Network) - Southern California and Oklahoma remained the top two teams in the Bowl Championship Series standings, while Miami- Florida and Florida State plummeted in the rankings after suffering surprising road losses on Saturday.	CONTRADICTION
1252	This example is Business	Stockholm, Sweden (Sports Network) - Top-seeded Andre Agassi earned a grueling victory against fourth-seeded Tommy Haas in Saturday #39;s semifinals at the Stockholm Open.	CONTRADICTION
1253	This example is World	CBC SPORTS ONLINE - Calgary #39;s Maria Zambrano posted the best Canadian result at the 2004 world half-marathon championships Sunday in New Dehli with a 40th-place showing.	CONTRADICTION
1254	This example is Business	Sao Paulo, Brazil (Sports Network) - Williams/BMW driver Juan Montoya captured the final event of the 2004 Formula One season - the Grand Prix of Brazil.	CONTRADICTION
1255	This example is Sci/Tech	Seoul, Korea (Sports Network) - Third-seeded German Marlene Weingartner and fourth-seeded American Mashona Washington were a pair of opening-round upset victims Monday at the inaugural Korea Open Tennis Championships.	CONTRADICTION
1256	This example is Sci/Tech	Chicago, IL (Sports Network) - William T.  quot;Billy quot; Reay, the winningest coach in the history of the Chicago Blackhawks, passed away on Thursday afternoon in Madison, Wisconsin.	CONTRADICTION
1257	This example is World	CBC SPORTS ONLINE - Suspended Indiana Pacers forward Ron Artest will take the first steps in hopes of saving his NBA season next week.	CONTRADICTION
1258	This example is World	Valencia, Spain (Sports Network) - Valencia missed a chance to gain ground on La Liga leaders Barcelona on Saturday night. The struggling Valencia squad did not take advantage, as they finished in a 1-1 draw with Atletico Madrid at the Mestalla.	CONTRADICTION
1259	This example is Business	 KANSAS CITY, Mo. (Sports Network) - Kansas City Chiefs  running back Priest Holmes is listed as doubtful for Sunday's  game against New Orleans because of a knee injury.	CONTRADICTION
1260	This example is Sci/Tech	Munich, Germany (Sports Network) - Bayern Munich will try to avenge a 1-0 loss to Juventus from two weeks ago when it hosts the Italian side Wednesday in a Champions League Matchday 4 encounter.	CONTRADICTION
1261	This example is World	Lyon, France (Sports Network) - French international Sylvain Wiltord scored his first Ligue 1 goal of the season Saturday as Lyon edged Auxerre, 2-1.	CONTRADICTION
1262	This example is Business	Albuquerque, NM (Sports Network) - Alex Smith passed for 167 yards and ran for a pair of touchdowns, leading No. 14 Utah to a 28-7 victory over New Mexico in a Mountain West Conference matchup.	CONTRADICTION
1263	This example is World	Rome, Italy (Sports Network) - Juventus stretched its lead in the Italian Serie A to five points on Sunday with a 3-0 win over Chievo.	CONTRADICTION
1264	This example is Sci/Tech	 PHILADELPHIA (Sports Network) - Philadelphia Eagles  defensive tackle Sam Rayburn was involved in a two-car accident  Monday night and sustained minor injuries.	CONTRADICTION
1265	This example is Sci/Tech	London, England (Sports Network) - Chelsea #39;s 4-1 win over West Bromwich on Saturday afternoon allowed the Blues to move even on points with Arsenal atop the Premiership table.	CONTRADICTION
1266	This example is Business	Barcelona, Spain (Sports Network) - A late strike from Brazilian superstar Ronaldinho propelled Barcelona to a 2-1 Champions League win over AC Milan Tuesday at Camp Nou.	CONTRADICTION
1267	This example is Sci/Tech	Sports India: Cricket  gt; Nagpur, Oct 28 : Australia Thursday took a firm grip on the third Test against India as the home bowlers looked completely ineffective, allowing the visitors to build an overall lead of 415 runs with two days still to go.	CONTRADICTION
1268	This example is Business	 MINNEAPOLIS (Sports Network) - Minnesota Vikings running  back Onterrio Smith, who has been suspended four games for  violating the NFL's substance abuse policy, will begin serving  that suspension Sunday.	CONTRADICTION
1269	This example is Sci/Tech	Sports India: Cricket  gt; Kolkata, Nov 28 : South African captain Graeme Smith today said the visitors, who scored 227 for five on the opening day of the second cricket Test here, were aiming at a first innings total of 400-450 to put pressure on India.	CONTRADICTION
1270	This example is Sci/Tech	Chicago, IL (Sports Network) - Mike Hampton pitched six solid innings and added a two-run homer to lead Atlanta to a 5-4 win over Chicago in the opener of a three-game series at Wrigley Field.	CONTRADICTION
1271	This example is Business	 INDIANAPOLIS (Sports Network) - Indiana Pacers forward  Jonathan Bender will be out indefinitely due to his chronically  injured left knee.	CONTRADICTION
1272	This example is Sci/Tech	CBC SPORTS ONLINE - The Seattle Mariners continued efforts to bulk up their anemic offence Thursday, signing free-agent third baseman Adrian Beltre to lucrative contract.	CONTRADICTION
1273	This example is World	CHAMPAIGN, Ill. (Sports Network) - Roger Powell Jr. scored 19 points and grabbed seven rebounds to lead fifth-ranked Illinois to a lopsided 91-73 win over No.	CONTRADICTION
1274	This example is Business	Southampton, England (Sports Network) - Southampton midfielder Fabrice Fernandes was sentenced Wednesday in a case involving drunken driving.	CONTRADICTION
1275	This example is Sci/Tech	Houston, TX (Sports Network) - Houston Astros center fielder Carlos Beltran is listed as day-to-day with a bone bruise on his right elbow.	CONTRADICTION
1276	This example is World	Detroit, MI (Sports Network) - Detroit Lions kick returner Eddie Drummond will miss the remainder of the season after fracturing his shoulder blade during Thursday #39;s 41-9 loss to the Indianapolis Colts.	CONTRADICTION
1277	This example is World	 JACKSONVILLE, Fla. (Sports Network) - Jacksonville Jaguars  quarterback Byron Leftwich expects to be back in the starting  lineup this week when his team travels to Minnesota to take on  the Vikings.	CONTRADICTION
1278	This example is Business	CBC SPORTS ONLINE - Canada remains on top of the hockey world after defeating Finland 3-2 in the World Cup of Hockey final on Tuesday.	CONTRADICTION
1279	This example is Sci/Tech	COLUMBUS, Ohio (Sports Network) - Troy Smith threw for 241 yards and two touchdowns and ran for 145 yards and a score to lead the Ohio State Buckeyes to a 37-21 victory over No.	CONTRADICTION
1280	This example is Business	 ANAHEIM, Calif. (Sports Network) - Anaheim Angels  outfielder Vladimir Guerrero was drilled on the left side of  his head by a pitch from Mariners pitcher Ryan Franklin,  forcing him out of Monday's game in the first inning.	CONTRADICTION
1281	This example is Business	Toronto, ON (Sports Network) - The Toronto Blue Jays signed free agent third baseman Corey Koskie to a three-year contract on Tuesday with an option for 2008.	CONTRADICTION
1282	This example is Sci/Tech	 KIRKLAND, Wash., (Sports Network) - Seattle Seahawks  outside linebacker Isaiah Kacyvenski is doubtful for Sunday's  game against the Carolina Panthers due to a sprained ankle.	CONTRADICTION
1283	This example is World	Norman, OK (Sports Network) - Nebraska offensive lineman Darren DeLone Friday was charged with aggravated assault and battery for injuring a member of the University of Oklahoma #39;s spirit group before last Saturday #39;s game.	CONTRADICTION
1284	This example is Business	CBC SPORTS ONLINE - Mikko Eloranta #39;s goal late in the third period helped Finland prevent an embarrassing quarter-final loss to Germany in World Cup play in Helsinki on Monday.	CONTRADICTION
1285	This example is World	 KIRKLAND, Wash., (Sports Network) - Seattle Seahawks  running back Shaun Alexander was listed as questionable  Wednesday after missing practice due to a bruised right knee.	CONTRADICTION
1286	This example is Business	Turin, Italy (Sports Network) - Juventus stretched its Serie A lead to five points Saturday with a 2-1 win over second-place Messina in Turin.	CONTRADICTION
1287	This example is Sci/Tech	Parma, Italy (Sports Network) - Parma fired coach Silvio Baldini Monday after a loss to Livorno on Sunday left the club near the bottom of the table.	CONTRADICTION
1288	This example is World	New Orleans, LA (Sports Network) - New Orleans running back Deuce McAllister left Sunday #39;s game against San Francisco with an ankle injury.	CONTRADICTION
1289	This example is Sci/Tech	Liverpool, England (Sports Network) - Portsmouth striker Lomana LuaLua took advantage of a last minute mistake by Liverpool goalkeeper Jerzy Dudek to salvage a 1-1 draw at Anfield Tuesday.	CONTRADICTION
1290	This example is Sci/Tech	Livingston, Scotland (Sports Network) - Livingston hired former Scotland and Rangers defender Richard Gough to be its new head coach on Tuesday.	CONTRADICTION
1291	This example is Business	Portland, OR (Sports Network) - The Portland Trail Blazers signed center Theo Ratliff to a five-year contract extension on Tuesday.	CONTRADICTION
1292	This example is World	 INDIANAPOLIS (Sports Network) - Indianapolis Colts running  back Edgerrin James is questionable for Sunday's game against  Green Bay.	CONTRADICTION
1293	This example is World	JACKSONVILLE, Fla. (SportsTicker) - Three-time Pro Bowl defensive end Hugh Douglas admitted he was in a  quot;funk quot; last season and vowed to make amends in 2004.	CONTRADICTION
1294	This example is Business	Bologna, Italy (Sports Network) - Czech striker Pavel Nedved scored off a free kick in the 86th minute Sunday to give Juventus a 1-0 win at Bologna.	CONTRADICTION
1295	This example is World	Monaco, France (Sports Network) - Auxerre and its potent strike force of Benjani Mwaruwari and Bonaventure Kalou have a difficult challenge Sunday when they travel to Monaco for an important French Ligue 1 match.	CONTRADICTION
1296	This example is World	CBC SPORTS ONLINE - After suffering two straight defeats at the World Cup of Hockey, US coach Ron Wilson overhauled his lineup Friday with hopes of getting his team a victory.	CONTRADICTION
1297	This example is Business	Middlesbrough, England (Sports Network) - Middlesbrough midfielder Gaizka Mendieta will miss the rest of the season after injuring his knee Sunday against Portsmouth.	CONTRADICTION
1298	This example is World	CBC SPORTS ONLINE - Raimo Summanen, who signed a three-year deal through 2006 to coach Finland #39;s national hockey team, has been relieved of his duties.	CONTRADICTION
1299	This example is World	Atlanta, GA (Sports Network) - The Atlanta Hawks signed free agent forward/center Jelani McCoy on Monday and waived forward Anthony Miller.	CONTRADICTION
1300	This example is Sci/Tech	Toronto, ON (Sports Network) - Colorado Avalanche left wing Alex Tanguay and Montreal Canadiens right wing Richard Zednik have both signed with European teams, joining a growing list of talent who will play overseas during the NHL #39;s current labor dispute.	CONTRADICTION
1301	This example is Business	(Sports Network) - Odalis Perez threw five innings last Thursday against the Diamondbacks before leaving the game with tightness in his biceps.	CONTRADICTION
1302	This example is Sci/Tech	(Sports Network) - Javier Vazquez hopes to put the brakes on a personal three- game losing streak this afternoon when the New York Yankees close out their three-game set with the Kansas City Royals at Kauffman Stadium.	CONTRADICTION
1303	This example is Business	CBC SPORTS ONLINE - Minnesota Twins pitcher Johan Santana won the American League Cy Young Award Thursday, becoming the first unanimous winner since Arizona #39;s Randy Johnson two years ago.	CONTRADICTION
1304	This example is World	CBC SPORTS ONLINE - The Toronto Raptors shoot for a second-straight road victory when they visit the Orlando Magic Wednesday night.	CONTRADICTION
1305	This example is World	San Francisco, CA (Sports Network) - San Francisco cornerback Mike Rumph is expected to miss the rest of the season with a broken right arm.	CONTRADICTION
1306	This example is Business	Madrid, Spain (Sports Network) - Real Madrid #39;s  #39;galacticos #39; dominated Sunday at the Bernabeu in a 5-0 demolition of Levante.	CONTRADICTION
1307	This example is Sci/Tech	Philadelphia, PA (Sports Network) - The Philadelphia Eagles signed starting corner Sheldon Brown to a six-year contract extension Thursday.	CONTRADICTION
1308	This example is World	Darlington, SC (Sports Network) - Jimmie Johnson captured the 55th and final running of the Southern 500 at the Darlington Raceway.	CONTRADICTION
1309	This example is Sci/Tech	(Sports Network) - Ryan Drese attempts win No. 15 this afternoon when the Texas Rangers conclude their three-game set with the Seattle Mariners at Ameriquest Field.	CONTRADICTION
1310	This example is Sci/Tech	CBC SPORTS ONLINE - Joey Harrington threw for a touchdown and Artose Pinner ran for another as the Detroit Lions upset Atlanta 17-10 at the Georgia Dome.	CONTRADICTION
1311	This example is World	Detroit, MI (Sports Network) - Brett Favre threw for 257 yards and a pair of touchdowns as Green Bay stopped a four-game losing streak with a 38-10 pounding of Detroit in an NFC North showdown at Ford Field.	CONTRADICTION
1312	This example is Business	San Francisco, CA (Sports Network) - Seattle Seahawks cornerback Ken Lucas will spend the night in a San Francisco hospital after suffering a chest contusion in Sunday #39;s 42-27 victory over the 49ers.	CONTRADICTION
1313	This example is Business	 MINNEAPOLIS, Minn. (Sports Network) - Minnesota Vikings  star receiver Randy Moss suffered a hamstring injury during  Sunday's win over New Orleans and his status for this weekend's  game versus Tennessee is unknown.	CONTRADICTION
1314	This example is World	Atlanta, GA (Sports Network) - Joey Harrington threw for a touchdown and Artose Pinner ran for another score, as the Detroit Lions handed Atlanta its first loss of the season with a 17-10 victory over the Falcons at the Georgia Dome.	CONTRADICTION
1315	This example is World	CBC SPORTS ONLINE - Two spectators accused of taking part in last month #39;s NBA brawl are now banned from attending Detroit Pistons games and other events.	CONTRADICTION
1316	This example is Business	 ANAHEIM, Calif. (Sports Network) - Anaheim Angels  outfielder Vladimir Guerrero was drilled on the left side of  his head by a pitch from Mariners pitcher Ryan Franklin,  forcing him out of Monday's 5-2 win in the first inning.	CONTRADICTION
1317	This example is Sci/Tech	Houston, TX (Sports Network) - Tyrone Moss ran for 147 yards and two touchdowns to lead fourth-ranked Miami-Florida to a 38-13 victory over Houston at Reliant Stadium.	CONTRADICTION
1318	This example is Business	 NEW YORK, (Sports Network) - The New York Yankees and New  York Mets swapped lefthanded relievers on Friday, with the  Yankees shipping Felix Heredia across the East River in  exchange for Mike Stanton and cash considerations.	CONTRADICTION
1319	This example is World	New Orleans, LA (Sports Network) - Tampa Bay quarterback Chris Simms left in the first quarter of Sunday #39;s game against New Orleans with a left shoulder injury.	CONTRADICTION
1320	This example is World	Chicago, IL (Sports Network) - Chicago Blackhawks forward Tuomo Ruutu will undergo surgery Friday to repair a subluxation of his left shoulder.	CONTRADICTION
1321	This example is World	New Orleans, LA (Sports Network) - Tampa Bay quarterback Chris Simms left in the first quarter of Sunday #39;s win against New Orleans with a left shoulder injury.	CONTRADICTION
1322	This example is Business	Cincinnati, OH (Sports Network) - Cincinnati Bengals quarterback Carson Palmer missed the second half of Thursday #39;s practice while receiving treatment for back spasms.	CONTRADICTION
1323	This example is Sci/Tech	 MINNEAPOLIS (Sports Network) - Minnesota Vikings wide  receiver Randy Moss will be a game-time decision for Sunday's  game against Tennessee because of a hamstring injury.	CONTRADICTION
1324	This example is Business	Glasgow, Scotland (Sports Network) - Celtic jumped back to the top of the Scottish Premier League table with a 2-1 win over Hibernian at Celtic Park.	CONTRADICTION
1325	This example is World	Shanghai, China (Sports Network) - Third-seeded Argentine Guillermo Canas recorded an easy straight-set win over second-seeded Czech Jiri Novak in Saturday #39;s semifinals at the \$380,000 Heineken Open Shanghai.	CONTRADICTION
1326	This example is Sci/Tech	Houston, TX (Sports Network) - Daunte Culpepper #39;s fifth touchdown pass of the game -- a 50-yard strike to Marcus Robinson in overtime -- lifted the Minnesota Vikings to a 34-28 win over the Houston Texans at Reliant Stadium.	CONTRADICTION
1327	This example is Sci/Tech	New Orleans, LA (Sports Network) - Kansas City Chiefs running back Priest Holmes missed Sunday #39;s 27-20 loss to New Orleans with a knee injury.	CONTRADICTION
1328	This example is World	CBC SPORTS ONLINE - Former Montreal Expos great Tim Raines has landed a coaching job with the Chicago White Sox. The once-prolific base-stealer has signed on to be Chiago #39;s first-base and base-running coach.	CONTRADICTION
1329	This example is World	Phoenix, AZ (Sports Network) - Quentin Richardson hit six of Phoenix #39;s 13 three-pointers on his way to a 26-point effort, as the Suns ran away from the Orlando Magic, 121-100, at America West Arena.	CONTRADICTION
1330	This example is Business	CBC SPORTS ONLINE - The San Diego Chargers used a pair of draft picks to pry wide receiver Keenan McCardell from the Tampa Bay Buccaneers an hour before Tuesday #39;s trade deadline.	CONTRADICTION
1331	This example is World	 INDIANAPOLIS (Sports Network) - The Indianapolis Colts have  signed kicker Martin Gramatica to handle kickoffs.	CONTRADICTION
1332	This example is Business	Philadelphia, PA (Sports Network) - Philadelphia Eagles defensive tackle Hollis Thomas is expected to miss 3-to-6 weeks with a dislocated left elbow.	CONTRADICTION
1333	This example is Business	Eindhoven, the Netherlands (Sports Network) - PSV Eindhoven will be without striker Jan Vennegoor of Hesselink for up to six weeks due to a shoulder injury.	CONTRADICTION
1334	This example is Sci/Tech	 PITTSBURGH (Sports Network) - Pittsburgh Steelers running  back Duce Staley is listed as questionable for Sunday's game at  Cincinnati with a hamstring injury.	CONTRADICTION
1335	This example is Business	CBC SPORTS ONLINE - The New England Patriots became the first team in NFL history to win 19 straight regular and postseason games, defeating the beleaguered Miami Dolphins 24-10 on Sunday.	CONTRADICTION
1336	This example is Sci/Tech	Minneapolis, MN (Sports Network) - The Minnesota Twins have come to terms with veteran pitcher Terry Mulholland on a minor league contract.	CONTRADICTION
1337	This example is World	EAST LANSING, Mich. (Sports Network) - Maurice Ager scored 19 points and pulled down six rebounds, as 10th-ranked Michigan State crushed Nicholls State, 102-52, at the Breslin Center.	CONTRADICTION
1338	This example is Sci/Tech	Anaheim, CA (Sports Network) - Anaheim Angels outfielder Vladimir Guerrero was drilled on the left side of his head by a pitch from Mariners pitcher Ryan Franklin, forcing him out of Monday #39;s game in the first inning.	CONTRADICTION
1339	This example is Sci/Tech	 NEW YORK (Sports Network) - Los Angeles Clippers forward  Elton Brand was suspended Tuesday for one game by the NBA for  shoving Charlotte's Emeka Okafor during the fourth quarter of  Monday night's game.	CONTRADICTION
1340	This example is Business	CBC SPORTS ONLINE - Chicago Bears linebacker Brian Urlacher hopes an MRI will determine the severity of a left hamstring injury sustained in this past Sunday #39;s 22-3 loss at Jacksonville.	CONTRADICTION
1341	This example is Sci/Tech	CBC SPORTS ONLINE - The Green Bay Packers finally managed to unload disgruntled cornerback Mike McKenzie - on the New Orleans Saints.	CONTRADICTION
1342	This example is Business	Orlando, FL (Sports Network) - The Orlando Magic acquired forward Brandon Hunter from the Charlotte Bobcats on Monday in exchange for guard Keith Bogans.	CONTRADICTION
1343	This example is World	 PHILADELPHIA (Sports Network) - Philadelphia Eagles  defensive tackle Sam Rayburn is listed as questionable for  Monday's game against the Dallas Cowboys at Texas Stadium,  while kicker David Akers is probable. Neither player practiced  on Wednesday.	CONTRADICTION
1344	This example is Business	Porto, Portugal (Sports Network) - Champions League holder FC Porto and defending Bundesliga champion Werder Bremen each produced late goals Tuesday to secure advancement into the knockout stage of this season #39;s Champions League competition.	CONTRADICTION
1345	This example is Business	CBC SPORTS ONLINE - Canadian ice dancers Aaron Lowe and Megan Wing are off to a strong start at the Skate America competition in Pittsburgh.	CONTRADICTION
1346	This example is Sci/Tech	Nashville, TN (Sports Network) - The Tennessee Titans, who lost kicker Joe Nedney for the season due to a hamstring injury, have announced that they will bring Gary Anderson out of retirement for the second time.	CONTRADICTION
1347	This example is World	(Sports Network) - Boston #39;s Curt Schilling wasn #39;t his usual dominant self on Tuesday in Game 1 of the American League Division Series versus Anaheim.	CONTRADICTION
1348	This example is World	CBC SPORTS ONLINE - San Francisco 49ers linebacker Julian Peterson will undergo season-ending surgery Tuesday on his torn left Achilles #39; tendon.	CONTRADICTION
1349	This example is Sci/Tech	Syracuse, NY (Sports Network) - Syracuse junior point guard Billy Edelin has been granted the academic waiver petition by the NCAA, making him eligible to play immediately for the Orange.	CONTRADICTION
1350	This example is Sci/Tech	Philadelphia, PA (Sports Network) - Philadelphia Eagles running back Brian Westbrook is listed as questionable for Sunday #39;s Keystone State showdown against the Pittsburgh Steelers at Heinz Field.	CONTRADICTION
1351	This example is World	New York, NY (Sports Network) - Published reports out of New York indicate the Yankees and Arizona Diamondbacks have halted trade talks involving five-time Cy Young Award winner Randy Johnson.	CONTRADICTION
1352	This example is World	Birmingham, England (Sports Network) - Manchester United was held to a scoreless draw at Birmingham City Saturday while Arsenal extended its league unbeaten streak to 49 games by beating Aston Villa, 3-1.	CONTRADICTION
1353	This example is Sci/Tech	CBC SPORTS ONLINE - BC Lions coach Wally Buono #39;s decision to name Dave Dickenson as his starting quarterback may have been a surprising, but so far it looks like the right one.	CONTRADICTION
1354	This example is Sci/Tech	Philadelphia, PA (Sports Network) - The Philadelphia Eagles announced Saturday that cornerback Lito Sheppard and defensive tackle Sam Rayburn each signed contract extensions that will keep both players in the fold through the 2011 season.	CONTRADICTION
1355	This example is Sci/Tech	PHILADELPHIA (Sports Network) - Indiana Pacers forward Ron Artest will be back in the lineup for Friday #39;s game versus Philadelphia at the Wachovia Center.	CONTRADICTION
1356	This example is Sci/Tech	CBC SPORTS ONLINE - Minnesota Vikings running back Michael Bennett is likely sidelined two more games after undergoing arthroscopic knee surgery Monday.	CONTRADICTION
1357	This example is Sci/Tech	Philadelphia, PA (Sports Network) - Donovan McNabb threw four touchdown passes, including three to Terrell Owens, to lead the Philadelphia Eagles to a 31-17 victory over the New York Giants in the season-opener for both teams at Lincoln Financial Field.	CONTRADICTION
1358	This example is Sci/Tech	New York, NY (Sports Network) - Amado Guevara was announced as Major League Soccer #39;s 2004 Honda Most Valuable Player on Thursday in Anaheim, California.	CONTRADICTION
1359	This example is Sci/Tech	CBC SPORTS ONLINE - Quarterback Brett Favre celebrated his 200th straight start with three touchdown passes as the Green Bay Packers defeated the St.	CONTRADICTION
1360	This example is Sci/Tech	AP - NBA referees have entered into a five-year collective bargaining agreement with the league, removing the possibility of having replacement officials work the upcoming season.	CONTRADICTION
1361	This example is Sci/Tech	CBC SPORTS ONLINE - Edgerrin James rushed for 124 yards and scored a pair of fourth-quarter touchdowns Sunday to lift the Indianapolis Colts to a 31-17 victory over the Tennessee Titans.	CONTRADICTION
1362	This example is Sci/Tech	(Sports Network) - Jarrod Washburn tries to put the brakes on a personal three-game losing streak this evening when the Anaheim Angels continue their critical three-game series with the Oakland Athletics at Angel Stadium.	CONTRADICTION
1363	This example is World	Indianapolis, IN (Sports Network) - Peyton Manning threw four touchdown passes and Mike Vanderjagt kicked a 35-yard field goal with two seconds remaining in the fourth quarter to give the Indianapolis Colts a 31-28 victory over the Minnesota Vikings at 	CONTRADICTION
1364	This example is Business	 GREEN BAY, Wis. (Sports Network) - Green Bay Packers star  quarterback Brett Favre and top running back Ahman Green both  missed Thursday's practice with injuries.	CONTRADICTION
1365	This example is Sci/Tech	Stuttgart, Germany (Sports Network) - Matthias Sammer brings a resurgent Stuttgart club against Dortmund this weekend. Sammer has helped Stuttgart to second in the Bundesliga table with 17 points and no losses after seven matches.	CONTRADICTION
1366	This example is World	(Sports Network) - Brad Miller had 26 points and nine rebounds and Peja Stojakovic chipped in 22 points to lead the Sacramento Kings to a 101-89 victory over the Denver Nuggets on Sunday.	CONTRADICTION
1367	This example is Sci/Tech	San Francisco, CA (Sports Network) - San Francisco 49ers starting quarterback Tim Rattay is listed as questionable for Sunday #39;s game against the Chicago Bears with a forearm injury.	CONTRADICTION
1368	This example is World	CBC SPORTS ONLINE - For the first time in three weeks, someone other than Saskatchewan running back Kenton Keith has captured CFL offensive player of the week honours.	CONTRADICTION
1369	This example is World	CBC SPORTS ONLINE - If Eric Williams and Aaron Williams are tough on the boards and have a magic potion to win on the road, they #39;ll be an instant hit with Toronto Raptors fans.	CONTRADICTION
1370	This example is World	(Sports Network) - The Toronto Blue Jays look to rebound from a tough loss as they host the New York Yankees for the third of a four-game set at SkyDome.	CONTRADICTION
1371	This example is Sci/Tech	 EDEN PRAIRIE, Minn. (Sports Network) - Minnesota Vikings  wide receiver Randy Moss is listed as doubtful for Sunday's  game against the Jacksonville Jaguars with a right hamstring  injury.	CONTRADICTION
1372	This example is Sci/Tech	CBC SPORTS ONLINE - Toronto fans weren #39;t the only people who took notice of quarterback Michael Bishop #39;s first start of the season.	CONTRADICTION
1373	This example is World	(Sports Network) - Matt Ginter will get the start for an injured Victor Zambrano this afternoon when the New York Mets conclude their three-game series with the San Francisco Giants at SBC Park.	CONTRADICTION
1374	This example is Business	Glasgow, Scotland (Sports Network) - Rangers went back to the top of the Scottish Premier League (SPL) Saturday with a 3-0 demolition of Dundee.	CONTRADICTION
1375	This example is Sci/Tech	Tampa, FL (Sports Network) - Tampa Bay Buccaneers wide receiver/kick returner Frank Murphy will miss the remainder of the season after rupturing his left Achilles #39; tendon in Sunday #39;s 16-13 loss to the Denver Broncos.	CONTRADICTION
1376	This example is Business	TORONTO (Sports Network) - Chris Bosh netted 18 points and Loren Woods compiled 17 points and a career-high 14 rebounds as Toronto put together a 101-89 victory over Detroit at the Air Canada Center.	CONTRADICTION
1377	This example is World	Toronto, ON (Sports Network) - Winnipeg Blue Bombers running back Charles Roberts was named the Canadian Football League #39;s Offensive Player of the Month for September.	CONTRADICTION
1378	This example is Sci/Tech	Philadelphia, PA (Sports Network) - Philadelphia Eagles fullback Jon Ritchie was placed on injured reserve Monday and will miss the remainder of the season after suffering a torn ACL during Sunday #39;s game versus Detroit.	CONTRADICTION
1379	This example is World	(Sports Network) - Chris Bosh scored 20 points and grabbed seven rebounds to lead Toronto to a 95-88 win over Houston at the Air Canada Centre.	CONTRADICTION
1380	This example is Business	Oakland, CA (Sports Network) - The Oakland Athletics have acquired infielder Keith Ginter from the Milwaukee Brewers in exchange for pitcher Justin Lehr and outfielder Nelson Cruz.	CONTRADICTION
1381	This example is Business	Eindhoven, the Netherlands (Sports Network) - American winger DaMarcus Beasley scored his second Eredivisie goal during PSV Eindhoven #39;s 3-0 win over FC Groningen on Saturday.	CONTRADICTION
1382	This example is Business	(Sports Network) - The Oakland Athletics try to strengthen their hold atop the American League West this evening when they start a four-game series with the Texas Rangers at the Coliseum.	CONTRADICTION
1383	This example is Business	CBC SPORTS ONLINE - Seattle Seahawks wide receiver Jerry Rice became the most prolific offensive player in NFL history on Monday night.	CONTRADICTION
1384	This example is Business	LAWRENCE, Kan. (Sports Network) - Wayne Simien scored 14 points with 10 rebounds to lead No. 2 Kansas over Nevada, 85-52, at Allen Fieldhouse.	CONTRADICTION
1385	This example is Business	Toronto, ON (Sports Network) - Calgary Stampeders running back Joffrey Reynolds and defensive back Joey Boese were among the CFL Players of the Week announced Tuesday.	CONTRADICTION
1386	This example is Sci/Tech	CBC SPORTS ONLINE - Major League Baseball players and owners are currently meeting to hammer out a deal that would toughen rules on steroid testing in baseball.	CONTRADICTION
1387	This example is World	Louisville, KY (Sports Network) - Stefan LeFors threw three touchdown passes to lead 12th-ranked Louisville to a 55-28 rout over TCU at Papa John #39;s Cardinal Stadium.	CONTRADICTION
1388	This example is Sci/Tech	ATLANTA (Sports Network) - BJ Elder scored 23 points, Isma #39;il Muhammad added 13 and No. 3 Georgia Tech rolled to a 79-54 victory over Arkansas-Little Rock at Alexander Memorial Coliseum.	CONTRADICTION
1389	This example is Sci/Tech	New Orleans, LA (Sports Network) - New Orleans #39; Steve Gleason was fined \$5,000 by the NFL on Wednesday for punching the Panthers #39; Kemp Rasmussen during last Sunday #39;s 32-21 loss to Carolina.	CONTRADICTION
1390	This example is Business	SPORTS NETWORK - New York Jets quarterback Chad Pennington suffered a rotator cuff injury during Sunday #39;s game against the Buffalo Bills and is expected to miss the next two to four weeks.	CONTRADICTION
1391	This example is Business	CBC SPORTS ONLINE - The Detroit Pistons begin defending their title on Tuesday when they kick off another NBA season with a home game against the Houston Rockets.	CONTRADICTION
1392	This example is Business	CBC SPORTS ONLINE- - The National Hockey League Players #39; Association extended an olive branch to commissioner Gary Bettman on Thursday, inviting the league back to the negotiating table so it can examine a new proposal from the union.	CONTRADICTION
1393	This example is World	CBC SPORTS ONLINE - The MLB Players #39; Association filed a grievance Tuesday on behalf of pitcher Denny Neagle after his contract was terminated by the Colorado Rockies.	CONTRADICTION
1394	This example is Business	CBC SPORTS ONLINE - Donovan McNabb threw three of his four touchdown passes to Terrell Owens as the Philadelphia Eagles pasted the Dallas Cowboys 49-21 victory at Texas Stadium on Monday.	CONTRADICTION
1395	This example is Sci/Tech	(Sports Network) - Pedro Martinez tries to stop a personal three-game losing streak this evening when the Boston Red Sox attempt a three-game sweep of the Tampa Bay Devil Rays at Tropicana Field.	CONTRADICTION
1396	This example is Business	SPORTS NETWORK - Chad Pennington threw three touchdown passes to lead the New York Jets to a 41-14 victory over the Miami Dolphins at Giants Stadium.	CONTRADICTION
1397	This example is Business	New York, NY (Sports Network) - Los Angeles Clippers forward Elton Brand was suspended Tuesday for one game by the NBA for shoving Charlotte #39;s Emeka Okafor during the fourth quarter of Monday night #39;s game.	CONTRADICTION
1398	This example is Sci/Tech	CBC SPORTS ONLINE - The Toronto Raptors extended the defending NBA champion Detroit Pistons to overtime but to little avail, losing 90-86 and Vince Carter to injury.	CONTRADICTION
1399	This example is Sci/Tech	KNOXVILLE, Tenn. -- Defensive back Brandon Johnson, who had two interceptions for Tennessee (No. 13 ESPN/USA Today, No. 11 AP) at Mississippi, was suspended indefinitely Monday for violation of team rules.	CONTRADICTION
1400	This example is Business	CBC SPORTS ONLINE - Tommy Kane, the Montreal native who played wide receiver in the NFL and CFL, pleaded guilty to manslaughter Tuesday in connection with the death of his former wife.	CONTRADICTION
1401	This example is World	CBC SPORTS ONLINE - An NHL lockout appears almost unavoidable after the league swiftly rejected the NHL Players #39; Association #39;s latest offer on Thursday.	CONTRADICTION
1402	This example is World	DALLAS (Sports Network) - Dirk Nowitzki scored 25 points and grabbed 10 rebounds as the Dallas Mavericks overcame an early 17-point deficit for a 101-98 overtime victory against Golden State at American Airlines Center.	CONTRADICTION
1403	This example is Sci/Tech	(Sports Network) - Anaheim registered a narrow 2-1 win over the Cleveland Indians at Jacobs Field Sunday night. John Lackey pitched 7 1/3 solid innings to lead the Angels to the victory.	CONTRADICTION
1404	This example is Sci/Tech	CBC SPORTS ONLINE - Canada #39;s NHL teams came out Thursday and voiced their support for the league #39;s decision to lockout its players.	CONTRADICTION
1405	This example is Sci/Tech	CBC SPORTS ONLINE - Roger Clemens did his part, now Roy Oswalt - the Houston Astros #39; other ace pitcher -opes to follow his veteran teammate #39;s lead.	CONTRADICTION
1406	This example is World	CBC SPORTS ONLINE - After adding slugging third baseman Troy Glaus at baseball #39;s winter meetings, the Arizona Diamondbacks have turned their attention to pitching.	CONTRADICTION
1407	This example is World	Pro baseball: Texas vs. Red Sox at Fenway Park, 7 p.m.; International League -- Rochester vs. Pawtucket at McCoy Stadium, Pawtucket, R.I., 7 p.m.	CONTRADICTION
1408	This example is Sci/Tech	College football: Bryant at Bentley, 7 p.m. College hockey: Men -- Maine at Merrimack, 7 p.m.; UMass at Providence, 7 p.m.; Harvard at Brown, 7 p.m.; Air Force at Holy Cross, 7 p.m.; North Dakota at BC, 8 p.m. Women -- BC at Dartmouth, 5 p.m.; Brown at Maine, 7 p.m.;	CONTRADICTION
1409	This example is Sci/Tech	Pro baseball: International League -- Pawtucket vs. Scranton/Wilkes-Barre at McCoy Stadium, Pawtucket, R.I., 1 p.m.; Eastern League -- Portland vs. New Hampshire at Hadlock Field, Portland, Maine, 1 p.m.; Atlantic League -- Nashua vs. Newark at Holman Stadium, Nashua, 6:30 p.m.	CONTRADICTION
1410	This example is Business	 SHAWNEE, Oklahoma (Sports Network) - Former heavyweight  champion Riddick Bowe is eyeing a return to the ring after  hanging up the gloves in 1996.	CONTRADICTION
1411	This example is Business	 CHICAGO (Sports Network) - Chicago White Sox slugger Frank  Thomas will remain with the team for 2005 after he exercised an  \$8 million option in his contract.	CONTRADICTION
1412	This example is Sci/Tech	 New York, NY (Sports Network) - The New York Mets have  reportedly told Art Howe he will be fired, but he has agreed to  remain as the team's manager until the end of this season.	CONTRADICTION
1413	This example is World	 TORONTO (Reuters) - National Hockey League team owners and  players appear poised to enter long contract negotiations  Thursday in a last-ditch bid to start the season on schedule.	CONTRADICTION
1414	This example is Business	 TORONTO (Sports Network) - Former Toronto Blue Jays manager  Bobby Mattick has died after suffering a stroke. Mattick was  89.	CONTRADICTION
1415	This example is World	Farmington, PA (Sports Network) - Vijay Singh carded a three-under 69 on Sunday to hang on for the title at the 84 Lumber Classic.	CONTRADICTION
1416	This example is World	 SALT LAKE CITY (Sports Network) - Utah standout quarterback  Alex Smith has apparently decided to take his skills to the  next level, opting to skip his senior season and enter April's  NFL Draft.	CONTRADICTION
1417	This example is Business	 SALT LAKE CITY (Sports Network) - Utah standout quarterback  Alex Smith has apparently decided to take his skills to the  next level, opting to skip his senior season and enter April's  NFL Draft.	CONTRADICTION
1418	This example is Business	 SALISBURY, Md., (Sports Network) - Olympic champion swimmer  Michael Phelps was arrested last week for driving under the  influence of alcohol.	CONTRADICTION
1419	This example is Business	 PHILADELPHIA (Sports Network) - Dorsey Levens has found  employment for the 2004 season after the veteran running back  signed a one-year contract with the Philadelphia Eagles on  Monday.	CONTRADICTION
1420	This example is Business	 TORONTO (Reuters) - The National Hockey League rejected an  offer from the players in the latest round of labor  negotiations Thursday, leaving little hope of avoiding a  lockout start to the season next month.	CONTRADICTION
1421	This example is Sci/Tech	 CHICAGO (Sports Network) - The Chicago Cubs Tuesday agreed  to a contract with shortstop Nomar Garciaparra. As per team  policy, financial terms of the deal were not disclosed.	CONTRADICTION
1422	This example is Business	 ATLANTA (Sports Network) - Baltimore Ravens star running  back Jamal Lewis was not in the court room for his arraignment  on Friday, but pleaded not guilty through his lawyers on drug  charges.	CONTRADICTION
1423	This example is Business	 CLEVELAND, Ohio (Sports Network) - Cleveland Browns head  coach Butch Davis resigned Tuesday.	CONTRADICTION
1424	This example is Business	 LOGAN, Utah (Sports Network) - Brent Guy, a former Utah  State assistant, has been named the 25th head coach of the  Aggies.	CONTRADICTION
1425	This example is Sci/Tech	 SAN FRANCISCO (Reuters) - The personal trainer to baseball  slugger Barry Bonds says investigators searched his home  without showing a warrant last year and made threatening  comments to him, his girlfriend and his young son.	CONTRADICTION
1426	This example is Sci/Tech	 KAUAI, Hawaii (Sports Network) - Reigning U.S. Open  champion Retief Goosen shot a seven-under-par 65 on Tuesday to  take the lead after the opening round of the PGA Grand Slam of  Golf.	CONTRADICTION
1427	This example is Sci/Tech	 ORLANDO, Fla. (Sports Network) - Heath Miller of Virginia  was named the winner of the John Mackey Award as the nation's  top tight end.	CONTRADICTION
1428	This example is World	Miami, FL (Sports Network) - Bryce Molder and Tim Wilkinson each fired rounds of seven-under-par 64 on Thursday to share the lead during the suspended first round of the Miccosukee Championship.	CONTRADICTION
1429	This example is World	Lake Buena Vista, FL (Sports Network) - Briny Baird fired a six-under 66 Friday to move to the top of the leaderboard after two rounds of the FUNAI Classic at Walt Disney Resort.	CONTRADICTION
1430	This example is World	 PHILADELPHIA (Sports Network) - The Bowl Championship  Series released its first standings on Monday and as expected,  Southern California grabbed the top spot.	CONTRADICTION
1431	This example is Sci/Tech	 KENNEWICK, Wash., (Sports Network) - Wally Backman, briefly  the manager of the Arizona Diamondbacks, was sentenced to 10  days in jail Friday for violating his probation.	CONTRADICTION
1432	This example is World	 GAINESVILLE, Fla. (Sports Network) - Steve Spurrier will  not coach the Florida Gators again after he withdrew his name  from consideration in the process to select a new head football  coach at the university.	CONTRADICTION
1433	This example is Sci/Tech	 TORONTO (Reuters) - Former Blue Jays pitcher and television  commentator John Cerutti was found dead in a Toronto hotel room  on Sunday. He was 44.	CONTRADICTION
1434	This example is Sci/Tech	Cadiz, Spain (Sports Network) - Alastair Forsyth shot a four-under 67 on Saturday to grab the lead after the third round of the Volvo Masters Andalucia.	CONTRADICTION
1435	This example is Sci/Tech	 CHICAGO (Sports Network) - The Chicago Cubs Thursday  declined to pick up the 2005 options on outfielder Moises Alou  and second baseman Mark Grudzielanek, making the two veterans  free agents.	CONTRADICTION
1436	This example is Business	 SCOTTSDALE, Ariz. (Sports Network) - Former heavyweight  champion Mike Tyson was arrested after allegedly jumping on the  hood of a car outside a nightclub.	CONTRADICTION
1437	This example is Sci/Tech	CBC SPORTS ONLINE - Bode Miller continued his impressive 2004-05 World Cup skiing season by winning a night slalom race in Sestriere, Italy on Monday.	CONTRADICTION
1438	This example is World	 DENVER (Sports Network) - Colorado terminated the contract  of pitcher Denny Neagle on Monday, three days after he was  ticketed for soliciting a women for oral sex.	CONTRADICTION
1439	This example is World	 TORONTO (Sports Network) - Calgary Flames goaltender Miikka  Kiprusoff will receive a huge increase in salary for the  upcoming season after an arbitrator Monday awarded the Vezina  Trophy finalist \$2.95 million.	CONTRADICTION
1440	This example is Sci/Tech	 PHILADELPHIA (Sports Network) - Kyle Eckel rushed for a  career-high 179 yards and a touchdown to lead the Navy  Midshipmen to a 42-13 rout of the Army Black Knights in the  105th meeting of the storied rivalry between the service  academies from Lincoln Financial Field.	CONTRADICTION
1441	This example is Sci/Tech	 ATLANTA (Sports Network) - The Atlanta Hawks signed free  agent Kevin Willis on Wednesday, nearly a decade after the  veteran big man ended an 11- year stint with the team.	CONTRADICTION
1442	This example is Sci/Tech	 FARMINGTON, Penn. (Sports Network) - Tiger Woods announced  that he will not play in this week's 84 Lumber Classic due to  fatigue.	CONTRADICTION
1443	This example is World	London, England (Sports Network) - Blackburn named Welsh national team coach Mark Hughes its new boss Wednesday, effective immediately.	CONTRADICTION
1444	This example is Sci/Tech	Hong Kong (Sports Network) - Miguel Angel Jimenez fired a six-under 64 Friday to surge into the lead after the second round of the Omega Hong Kong Open.	CONTRADICTION
1445	This example is Business	 ALAMEDA, Calif. (Sports Network) - Oakland Raiders  quarterback Rich Gannon will miss the remainder of the season,  but stopped short of announcing his retirement on Monday.	CONTRADICTION
1446	This example is Business	 LOS ANGELES (Sports Network) - Rick Majerus has reportedly  accepted an offer to be the new head basketball coach at  Southern California.	CONTRADICTION
1447	This example is Sci/Tech	 HOUSTON (Reuters) - The red-hot Houston Astros slugged six  home runs on Saturday to beat the Colorado Rockies 9-3 and  clinch at least a tie for the National League wild card playoff  berth.	CONTRADICTION
1448	This example is Business	 MIAMI (Sports Network) - The Florida Marlins have signed  pitcher Al Leiter to a one-year contract, one day after the New  York Mets decided not to offer the lefthander arbitration.	CONTRADICTION
1449	This example is World	 PHILADELPHIA (Sports Network) - The Philadelphia Phillies  re-signed righthander Cory Lidle to a two-year deal worth \$6.3  million Tuesday.	CONTRADICTION
1450	This example is Business	 COLUMBUS, Ohio (Sports Network) - Mike Nugent's 55-yard  field goal as time expired lifted the ninth-ranked Ohio State  Buckeyes to a dramatic 24-21 win over the pesky Marshall  Thundering Herd in the first-ever meeting between the teams.	CONTRADICTION
1451	This example is Sci/Tech	Miami, FL (Sports Network) - Frank Gore rushed for 195 yards and a touchdown, Roscoe Parrish scored twice in the fourth quarter and No.	CONTRADICTION
1452	This example is Sci/Tech	Jeju Island, South Korea (Sports Network) - Local favorite Grace Park birdied three of her final four holes Sunday to pull away and win the CJ Nine Bridges Classic by five strokes.	CONTRADICTION
1453	This example is Business	Lake Buena Vista, FL (Sports Network) - JL Lewis fired a 10-under-par 62 Thursday to take a two-shot lead after the opening round of the FUNAI Classic at Walt Disney Resort.	CONTRADICTION
1454	This example is Business	Kutztown, PA (Sports Network) - Lorena Ochoa fired a seven-under 65 on Sunday to come from behind and win the Wachovia LPGA Classic.	CONTRADICTION
1455	This example is Business	 LOS ANGELES (Sports Network) - Nate Robinson scored a  game-high 28 points to lead 16th-ranked Washington to a 100-93  win over Loyola-Marymount at Gersten Pavilion.	CONTRADICTION
1456	This example is World	Palm Desert, CA (Sports Network) - Grace Park fired a 10-under-par 62 on Thursday to take the first-round lead of the Samsung World Championship at Bighorn.	CONTRADICTION
1457	This example is World	 TORONTO (Reuters) - National Hockey League owners will meet  with representatives from the players union on Thursday in what  is seen as a final bid to end a lockout and save the NHL  season.	CONTRADICTION
1458	This example is World	Jeju Island, South Korea (Sports Network) - Grace Park and Carin Koch posted matching rounds of six-under-par 66 on Friday to share the lead after the first round of the CJ Nine Bridges Classic.	CONTRADICTION
1459	This example is World	 PITTSBURGH (Sports Network) - Kevin Bettencourt scored five  of his 13 points in the final two minutes to lead Bucknell to a  69-66 upset over 10th-ranked and previously unbeaten  Pittsburgh.	CONTRADICTION
1460	This example is Sci/Tech	 OAKLAND, Calif. (Sports Network) - On the day that Jose  Guillen and the Anaheim Angels were to appear in front of an  arbitrator, the two sides reached an undisclosed financial  settlement Friday.	CONTRADICTION
1461	This example is Sci/Tech	Villanova, PA (Sports Network) - Russian Nadia Petrova defeated fellow countrywoman Anastasia Myskina in quarterfinal action Friday at the Advanta Championships.	CONTRADICTION
1462	This example is Business	Cromwell, CT (Sports Network) - Woody Austin birdied the first playoff hole Sunday to defeat Tim Herron and win the Buick Championship.	CONTRADICTION
1463	This example is World	 TALLAHASSEE, Fla. (Sports Network) - Florida State and West  Virginia will meet in the Gator Bowl on New Year's Day.	CONTRADICTION
1464	This example is World	Vienna, Austria (Sports Network) - Top seeds David Nalbandian, Nicolas Massu and Rainer Schuettler were all quarterfinal losers Friday at the indoor BA-CA Tennis Trophy.	CONTRADICTION
1465	This example is World	Hunt Valley, MD (Sports Network) - Wayne Levi matched the course record of eight-under-par 64 on Friday to take a one stroke lead after the opening round of the Constellation Energy Classic.	CONTRADICTION
1466	This example is World	 CHICAGO (Sports Network) - The Chicago White Sox have come  to terms on a two-year, \$5.5 million contract with pitcher  Dustin Hermanson.	CONTRADICTION
1467	This example is World	Surrey, England (Sports Network) - Ernie Els battled to a 1-up win Friday in the quarterfinals of the HSBC World Match Play Championship to move closer to his sixth title at this event.	CONTRADICTION
1468	This example is Sci/Tech	 CHICAGO (Sports Network) - After much speculation, the  Chicago Bears officially signed quarterback Jeff George to a  one-year contract on Monday.	CONTRADICTION
1469	This example is Business	 TORONTO (Reuters) - NHL owners carried out their threat to  lock out players on Wednesday, shutting down the league after  the two sides failed to reach a new labor deal.	CONTRADICTION
1470	This example is World	 CHICAGO, (Sports Network) - The Chicago Bears are expected  to sign quarterback Jeff George on Monday.	CONTRADICTION
1471	This example is Business	 EAST ST. LOUIS, Ill. (Sports Network) - Former St. Louis  Blues forward Mike Danton has been sentenced to 7 1/2 years in  prison for concocting a murder-for-hire plot against his agent.	CONTRADICTION
1472	This example is World	 ATLANTA (Sports Network) - The Atlanta Hawks signed free  agent guards Kenny Anderson and Jon Barry on Thursday. Terms of  the contracts were not disclosed.	CONTRADICTION
1473	This example is Business	 ST. LOUIS (Sports Network) - Derek Lowe has allowed just  two hits as Boston jumped on St. Louis early and still leads  3-0 after six innings in Game 4 of the 2004 World Series.	CONTRADICTION
1474	This example is Sci/Tech	 PHILADELPHIA (Sports Network) - Houston starting pitcher  Roger Clemens left Wednesday's 9-8 win over Philadelphia with a  strained right calf.	CONTRADICTION
1475	This example is Sci/Tech	 PHILADELPHIA (Sports Network) - Houston starting pitcher  Roger Clemens left Wednesday's 9-8 win over Philadelphia with a  strained right calf.	CONTRADICTION
1476	This example is Business	North Augusta, SC (Sports Network) - Grace Park, Kim Saiki and Silvia Cavalleri each posted rounds of six-under-par 66 on Thursday to share the first-round lead of the Asahi Ryokuken International Championship.	CONTRADICTION
1477	This example is Business	Cromwell, CT (Sports Network) - Corey Pavin holed out for an eagle on the second hole, then chipped in for birdie at 18 en route to an eight-under-par 62 on Thursday and the first-round lead at the Buick Championship.	CONTRADICTION
1478	This example is World	London, England (Sports Network) - England captain David Beckham fractured a rib during his country #39;s 2-0 win over Wales Saturday.	CONTRADICTION
1479	This example is Sci/Tech	Cary, NC (Sports Network) - Craig Stadler shot a seven-under-par 65 on Friday to take the first-round lead of the SAS Championship at Prestonwood Country Club.	CONTRADICTION
1480	This example is Business	 PHILADELPHIA (Sports Network) - Southern California and  Oklahoma are still the top teams in the Bowl Championship  Series standings, while Auburn remained third and on the  outside looking in at the national championship game with one  week remaining in the regular season.	CONTRADICTION
1481	This example is World	 MADRID (Reuters) - England captain David Beckham has denied  reports that he plans to retire from international soccer after  the 2006 World Cup and says he wants to play for his country as  long as possible.	CONTRADICTION
1482	This example is Sci/Tech	San Francisco, CA (Sports Network) - Olympic track and field star Marion Jones filed a defamation lawsuit against BALCO chief Victor Conte on Wednesday.	CONTRADICTION
1483	This example is Sci/Tech	Ames, IA (Sports Network) - Former Iowa State standout wrestler Cael Sanderson has joined the school as an assistant for the upcoming season.	CONTRADICTION
1484	This example is World	 NEW YORK (Sports Network) - New York Yankees pitcher Kevin  Brown, who suffered a broken left hand Friday night when he  punched a wall after his start against the Baltimore Orioles,  could be lost for the remainder of the 2004 season.	CONTRADICTION
1485	This example is Business	 ST. AUGUSTINE, Fla. (Sports Network) - Hajime Meshiai, who  held the lead the previous two rounds, shot a three-under 69 on  Sunday to share first with Don Reese after five rounds of the  Champions Tour National Qualifying Tournament.	CONTRADICTION
1486	This example is Sci/Tech	 LAWRENCE, Kan. (Sports Network) - Wayne Simien had 25  points and 14 rebounds as the top-ranked Kansas Jayhawks  survived a scare and fought off the Vermont Catamounts, 68-61.	CONTRADICTION
1487	This example is World	Phoenix, AZ (Sports Network) - Luis Sharpe, a former offensive lineman for the Arizona Cardinals, has been sentenced to 2 1/2 years in state prison.	CONTRADICTION
1488	This example is Sci/Tech	Springfield, IL (Sports Network) - Christina Kim posted a six-under 66 on Friday to cruise to a four-shot lead midway through the State Farm Classic at The Rail Golf Course.	CONTRADICTION
1489	This example is Business	 Baton Rouge, La. (Sports Network) - Redshirt freshman  kicker Alexis Serna's third missed extra point of the game in  overtime allowed the fourth-ranked LSU Tigers to escape with a  22-21 victory over Oregon State.	CONTRADICTION
1490	This example is Sci/Tech	Knoxville, TN (Sports Network) - James Wilhoit atoned for a missed extra point by kicking a 50-yard field goal in the closing seconds to lift No.	CONTRADICTION
1491	This example is Business	Sonoma, CA (Sports Network) - Tom Kite battled heavy rain and cold temperatures on Saturday to shoot an even-par 72 and take the third-round lead of the Champions Tour #39;s season-ending Charles Schwab Cup Championship.	CONTRADICTION
1492	This example is Sci/Tech	Louisville, KY (Sports Network) - San Francisco leftfielder Barry Bonds won his record setting 12th Silver Slugger award on Tuesday.	CONTRADICTION
1493	This example is World	 ASHBURN, Va. (Sports Network) - Washington Redskins rookie  safety Sean Taylor was arrested on charges of driving under the  influence of alcohol and also refusing to take a breathalyzer  test.	CONTRADICTION
1494	This example is World	Indianapolis, IN (Sports Network) - Minnesota Timberwolves Michael Olowokandi spent Wednesday night in jail after police needed a stun gun to compel him to leave a club.	CONTRADICTION
1495	This example is World	Amsterdam, the Netherlands (Sports Network) - Dutch club Roda JC announced Tuesday that coach Wiljan Vloet will not be back next season.	CONTRADICTION
1496	This example is World	 ALAMEDA, California (Sports Network) - Oakland cornerback  Charles Woodson finally ended a lengthy holdout Tuesday and  signed the Raiders' one-year tender. The deal is reportedly  worth \$8.782 million for the upcoming season.	CONTRADICTION
1497	This example is Business	Palm Harbor, FL (Sports Network) - Jeff Sluman fired a course-record, nine- under-par 62 on Thursday to take the first-round lead at the Chrysler Championship.	CONTRADICTION
1498	This example is Business	Palm Harbor, FL (Sports Network) - Vijay Singh, the top-ranked player in the world, fired a six-under 65 on Sunday to cruise to victory at the Chrysler Championship.	CONTRADICTION
1499	This example is Business	 SEATTLE (Sports Network) - Tyrone Willingham was not  unemployed for very long, as he was named the new head coach at  the University of Washington on Monday just two weeks after  being fired at Notre Dame.	CONTRADICTION
1500	This example is Business	 NEW YORK (Sports Network) - Two of the greatest shortstops  ever, Barry Larkin and Omar Vizquel, were among the 58 players  to file for free agency on Friday.	CONTRADICTION
1501	This example is World	 TORONTO (Sports Network) - The Toronto Blue Jays signed  free agent third baseman Corey Koskie to a three-year contract  on Tuesday with an option for 2008.	CONTRADICTION
1502	This example is Business	 KANSAS CITY, Mo. (Sports Network) - Cleveland Indians  pitcher Kyle Denney was shot in the right calf late Wednesday  night after a bullet was fired at the team bus and grazed  another player.	CONTRADICTION
1503	This example is Business	 PHILADELPHIA (Sports Network) - Eric Williams scored 17  points on 7-of-10 shooting from the field to lead sixth-ranked  Wake Forest to a 67-64 win over Temple at the Liacouras Center.	CONTRADICTION
1504	This example is Business	St. Andrews, Scotland (Sports Network) - Luke Donald shot a four-under 68 on Saturday to move into the lead after the third round of the dunhill links championship.	CONTRADICTION
1505	This example is World	Charleston, SC (Sports Network) - Bob and Mike Bryan teamed-up for a doubles win over Belarus on Saturday to clinch a spot in the Davis Cup final for the United States for the first time in seven years.	CONTRADICTION
1506	This example is World	Paris, France (Sports Network) - AC Milan and Ukraine striker Andriy Shevchenko was named the European Footballer of the Year Monday.	CONTRADICTION
1507	This example is Sci/Tech	 KANSAS CITY, Mo. (Sports Network) - Kansas City Chiefs  running back Priest Holmes will miss the remainder of the  season after being placed on injured reserve Thursday.	CONTRADICTION
1508	This example is Sci/Tech	 NEW YORK (Sports Network) - New York Yankees first baseman  Jason Giambi has been receiving treatment for a benign tumor in  his pituitary gland.	CONTRADICTION
1509	This example is Sci/Tech	Sonoma, CA (Sports Network) - Tom Kite carded a two-under 70 Friday to remain atop the leaderboard through two rounds of the Champions Tour #39;s season-ending Charles Schwab Cup Championship.	CONTRADICTION
1510	This example is World	London, England (Sports Network) - Bolton #39;s El-Hadji Diouf was fined the maximum of two weeks worth of wages for spitting on Portsmouth #39;s Arjan de Zeeuw during a Premier League match on Saturday.	CONTRADICTION
1511	This example is Sci/Tech	Sun City, South Africa (Sports Network) - Ernie Els and Retief Goosen, the No. 3 and 4 players in the world, posted rounds of two-under-par 70 on Thursday to grab a share of the lead after one round of the Nedbank Golf Challenge.	CONTRADICTION
1512	This example is World	Paris, France (Sports Network) - Lille had a chance to close in on the Ligue 1 lead on Saturday with a win over Lens. But instead of capitalizing early they had to come from behind to earn a 1-1 draw.	CONTRADICTION
1513	This example is Business	 CHICAGO (Sports Network) - Chicago Cubs slugger Sammy Sosa  has reportedly been fined \$87,400, equal to his salary for one  game, by the team for his decision to leave Sunday's season  finale early.	CONTRADICTION
1514	This example is Sci/Tech	 EL SEGUNDO, California (Sports Network) - Los Angeles  Lakers center Vlade Divac is not expected to be ready for the  start of training camp due to a herniated disc in his lower  back.	CONTRADICTION
1515	This example is Business	 LAKE FOREST, Ill. (Sports Network) - Chicago Bears wide  receiver David Terrell has been arrested for traffic  violations.	CONTRADICTION
1516	This example is Business	San Antonio, TX (Sports Network) - Dean Wilson shot a five-under 65 on Friday to move into the lead at the halfway point of the Texas Open.	CONTRADICTION
1517	This example is World	 ATHENS (Reuters) - The United States crashed to its second  defeat in the Olympic men's basketball tournament Saturday when  a late shooting spree by Sarunas Jasikevicius propelled  Lithuania to a 94-90 victory.	CONTRADICTION
1518	This example is Business	 ATHENS (Reuters) - The United States crashed to its second  defeat in the Olympic men's basketball tournament Saturday when  a late shooting spree by Sarunas Jasikevicius propelled  Lithuania to a 94-90 victory.	CONTRADICTION
1519	This example is Business	Mason, OH (Sports Network) - Lindsay Davenport shook off a sluggish start to rally for a three-set victory over unheralded Lilia Osterloh at the inaugural Western  amp;amp;amp; Southern Financial Group Women #39;s Open. 	CONTRADICTION
1520	This example is Business	CBC SPORTS ONLINE - New York Yankees right-fielder Gary Sheffield revealed Tuesday that he and his wife were targeted by a blackmailer.	CONTRADICTION
1521	This example is Sci/Tech	London, England (Sports Network) - Arsenal defender Sol Campbell will be out another three weeks as he is struggling to recover from an Achilles injury.	CONTRADICTION
1522	This example is World	 COLUMBUS, Ohio (Sports Network) - Troy Smith threw for 241  yards and two touchdowns and ran for 145 yards and a score to  lead the Ohio State Buckeyes to a 37-21 victory over No. 7  Michigan in the final game of the regular season for both  teams.	CONTRADICTION
1523	This example is Sci/Tech	 NEW YORK (Sports Network) - Minnesota Twins lefthander  Johan Santana, who won his final 13 decisions of the regular  season, was a unanimous selection for the 2004 American League  Cy Young Award.	CONTRADICTION
1524	This example is World	Toronto, ON (Sports Network) - Vincent Lecavalier scored from a sharp angle on a second-chance opportunity 3:45 into overtime, lifting Canada to a 4-3 semifinal victory over the Czech Republic and sending the host country to the World Cup final.	CONTRADICTION
1525	This example is Sci/Tech	 MEMPHIS, Tenn. (Sports Network) - The Memphis Grizzlies  signed All-Star forward Pau Gasol to a multi-year contract on  Friday. Terms of the deal were not announced.	CONTRADICTION
1526	This example is Business	 ALAMEDA, Calif. (Sports Network) - Oakland Raiders  quarterback Rich Gannon is expected to be sidelined for at  least six weeks after sustaining fractured vertebrae in his  neck.	CONTRADICTION
1527	This example is World	AP - The NFL fined Broncos safety John Lynch  #36;7,500 on Wednesday for a hit he made against Chiefs receiver Dante Hall in the season opener.	CONTRADICTION
1528	This example is Business	 SEATTLE (Sports Network) - The Seattle Mariners have  scheduled a Wednesday afternoon press conference to announce  Mike Hargrove as their new manager.	CONTRADICTION
1529	This example is World	 DENVER (Sports Network) - Colorado Rockies vice chairman  Jerry McMorris has been removed from the team's board of  directors and also as an officer. The move came during a  meeting of the director and shareholders of the club's general  partner.	CONTRADICTION
1530	This example is Sci/Tech	 MAUI, Hawaii (Sports Network) - Jeff Horner scored 18  points and Pierre Pierce added 16, as Iowa knocked off  12th-ranked Louisville, 76-71, in the opening round of the Maui  Invitational at the Lahaina Civic Center.	CONTRADICTION
1531	This example is Sci/Tech	 ENGLEWOOD, Colorado (Sports Network) - Denver Broncos  running back Quentin Griffin will miss the remainder of the  season after being placed on injured reserve Wednesday with a  knee injury.	CONTRADICTION
1532	This example is Sci/Tech	Beijing, China (Sports Network) - Gisela Dulko of Argentina posted a straight- set victory over Hungarian Aniko Kapros in the first round of the \$585,000 China Open.	CONTRADICTION
1533	This example is World	 HOUSTON (Sports Network) - The Houston Rockets activated  guard Tyronn Lue from the injured list prior to Wednesday's  game against the Hawks.	CONTRADICTION
1534	This example is Business	 TEMPE, Ariz. (Sports Network) - Josh McCown has re-claimed  his role as the Arizona Cardinals' starting quarterback, at  least temporarily.	CONTRADICTION
1535	This example is Sci/Tech	 Eden Prairie, Minn. (Sports Network) - Minnesota Vikings  starting running back Michael Bennett will miss the team's  season opener against the Dallas Cowboys on September 12 with a  sprained right knee.	CONTRADICTION
1536	This example is Business	 SAN FRANCISCO (Sports Network) - San Francisco linebacker  Julian Peterson left Sunday's game against Arizona late in the  first quarter with a torn left Achilles' tendon.	CONTRADICTION
1537	This example is Business	Moscow, Russia (Sports Network) - Russia and France will meet for the Fed Cup title this weekend at Krylatskoe Ice Stadium in a rematch of last year #39;s semifinals.	CONTRADICTION
1538	This example is World	 ATLANTA (Sports Network) - Atlanta Thrashers right wing  Dany Heatley, who is charged with vehicular homicide and five  other counts in the 2003 car crash that killed teammate Dan  Snyder, had his Wednesday arraignment waived by a judge.	CONTRADICTION
1539	This example is Business	CBC SPORTS ONLINE - Free-agent pitcher Woody Williams rejoined the San Diego Padres more than three years after he was traded away.	CONTRADICTION
1540	This example is Sci/Tech	 ALAMEDA, Calif. (Sports Network) - Oakland Raiders wide  receiver Ronald Curry suffered a torn left Achilles' tendon  during Sunday's loss to Kansas City and will miss the remainder  of the season.	CONTRADICTION
1541	This example is Sci/Tech	 CINCINNATI (Sports Network) - The Cincinnati Reds announced  at a Tuesday afternoon press conference that they will not be  re-signing veteran shortstop Barry Larkin for 2005.	CONTRADICTION
1542	This example is Sci/Tech	 MIAMI (Sports Network) - Miami Dolphins quarterback Jay  Fiedler was placed on injured reserve Tuesday with a herniated  disk in his neck, ending his 2004 season.	CONTRADICTION
1543	This example is Sci/Tech	 BALTIMORE (Sports Network) - Baltimore Ravens cornerback  Chris McAlister agreed to a one-year tender with the team on  Monday, ending the All-Pro's month-long holdout.	CONTRADICTION
1544	This example is Business	 PHILADELPHIA (Sports Network) - Southern California and  Oklahoma remained the top two teams in the Bowl Championship  Series standings, while Auburn is still No. 3 but closing in on  the coveted second slot.	CONTRADICTION
1545	This example is Sci/Tech	London, England (Sports Network) - Captain John Terry signed a fresh contract with Chelsea Tuesday that will keep him with the club until 2009.	CONTRADICTION
1546	This example is World	London, England (Sports Network) - Arsenal midfielder Gilberto Silva will be shut down for at least one month as he attempts to recover from a back injury.	CONTRADICTION
1547	This example is Sci/Tech	 SAN FRANCISCO (Reuters) - Marquis Grissom hit a grand slam  homer and the San Francisco Giants rallied from a six run  deficit to defeat the Arizona Diamondbacks 9-7 in National  League play on Saturday.	CONTRADICTION
1548	This example is World	 SAN FRANCISCO (Reuters) - Marquis Grissom hit a grand slam  homer and the San Francisco Giants rallied from a six run  deficit to defeat the Arizona Diamondbacks 9-7 in National  League play on Saturday.	CONTRADICTION
1549	This example is World	 SAN FRANCISCO (Reuters) - Marquis Grissom hit a grand slam  homer and the San Francisco Giants rallied from a six run  deficit to defeat the Arizona Diamondbacks 9-7 in National  League play on Saturday.	CONTRADICTION
1550	This example is World	 ANAHEIM, Calif., (Sports Network) - Free agent starting  pitcher Carl Pavano has chosen to join the New York Yankees and  the two sides were working on finalizing a contract before the  end of the winter meetings.	CONTRADICTION
1551	This example is Business	Cadiz, Spain (Sports Network) - Ian Poulter parred the first hole of a playoff on Sunday to win the Volvo Masters Andalucia over Ryder Cup teammate Sergio Garcia at Valderrama Golf Club.	CONTRADICTION
1552	This example is Sci/Tech	Madrid, Spain (Sports Network) - Villarreal midfielder Marcos Senna was suspended Thursday by UEFA after failing a drug test back in August.	CONTRADICTION
1553	This example is Business	 BALTIMORE, (Sports Network) - Baltimore Ravens running back  Jamal Lewis will miss his second straight game with a sprained  right ankle when his club takes on the Cincinnati Bengals this  Sunday.	CONTRADICTION
1554	This example is World	 TORONTO (Reuters) - The National Hockey League and players  union will meet again Monday after failing to make any progress  in labor talks Thursday.	CONTRADICTION
1555	This example is World	Kansas City, MO (Sports Network) - Kansas City running back Priest Holmes strained ligaments in his right knee in Sunday #39;s 34-31 loss at Tampa Bay.	CONTRADICTION
1556	This example is World	Charleston, SC (Sports Network) - Andy Roddick and Mardy Fish each posted singles victories Friday to give the United States a 2-0 lead over Belarus in their best-of-five Davis Cup semifinal.	CONTRADICTION
1557	This example is Business	Madison, MS (Sports Network) - Harrison Frazar shot a seven-under-par 65 on Thursday to share the lead with Glen Day and John Senden after the opening round of the Southern Farm Bureau Classic at Annandale Golf Club.	CONTRADICTION
1558	This example is Business	Moscow, Russia (Sports Network) - Russia and France cruised into the Fed Cup final Thursday, completing 5-0 shutouts over opponents Austria and Spain after taking commanding early leads in the semifinals.	CONTRADICTION
1559	This example is World	 FOXBORO, Massachusetts (Reuters) - Brian Ching and Landon  Donovan scored well-taken goals as the United States beat  10-man El Salvador 2-0 in an ill-tempered CONCACAF zone Group A  World Cup qualifier on Saturday.	CONTRADICTION
1560	This example is Business	London, England (Sports Network) - For the first time during this young Premiership campaign, Arsenal took the field and did not emerge victorious.	CONTRADICTION
1561	This example is Business	 KAZAN, Russia (Sports Network) - Russian forward Alexei  Kovalev is the latest locked out National Hockey League player  to head abroad, as he signed on to play for AK Bars Kazan.	CONTRADICTION
1562	This example is Sci/Tech	 PHILADELPHIA (Sports Network) - The Philadelphia Phillies  introduced Charlie Manuel as their 51st manager on Thursday  afternoon. The 60-year-old Manuel was one of eight candidates  interviewed for the job.	CONTRADICTION
1563	This example is Sci/Tech	London, England (Sports Network) - Tottenham remained unbeaten by drawing with Norwich Sunday, 0-0, in the only Premiership fixture of the day.	CONTRADICTION
1564	This example is World	Philadelphia, PA (Sports Network) - The Florida Marlins announced on Saturday they have re-signed manager Jack McKeon to a one-year contract through the 2005 season.	CONTRADICTION
1565	This example is Business	 TEMPE, Ariz. (Sports Network) - The Arizona Cardinals  placed running back Marcel Shipp and fullback James Hodgins on  injured reserve Wednesday night, effectively ending their  seasons.	CONTRADICTION
1566	This example is Sci/Tech	London, England (Sports Network) - Jaguar Racing made the announcement on Friday that it would no longer be competing in the series at the end of the 2004 season.	CONTRADICTION
1567	This example is Sci/Tech	 PHILADELPHIA (Sports Network) - The Philadelphia Eagles  locked up their most successful head coach in franchise history  Wednesday, signing Andy Reid to a four-year contract extension.	CONTRADICTION
1568	This example is Business	 MIAMI (Sports Network) - Former Dolphins running back Ricky  Williams was ordered by an arbitrator Friday to pay a huge sum  of money to Miami, which filed a grievance against the star  after he retired just prior to training camp this season.	CONTRADICTION
1569	This example is World	 PHILADELPHIA (Sports Network) - Owners on Thursday  unanimously voted to extend the term of baseball commissioner  Bud Selig for three years through 2009.	CONTRADICTION
1570	This example is Business	Spring, TX (Sports Network) - Larry Nelson fired an eight-under 64 Sunday and birdied the first playoff hole to win the inaugural Adminstaff Small Business Classic.	CONTRADICTION
1571	This example is Sci/Tech	Los Angeles, CA (Sports Network) - Current world No. 1 Lindsay Davenport and former top-ranked superstar Serena Williams will be among those seeing action Wednesday night at the season-ending \$3 million WTA Tour Championships.	CONTRADICTION
1572	This example is Sci/Tech	Kiev, Ukraine (Sports Network) - Shakhtar Donetsk #39;s Champions League aspirations were dealt a severe blow Thursday when the club learned star striker Julius Aghahowa will be out for two weeks.	CONTRADICTION
1573	This example is Sci/Tech	 HOUSTON (Reuters) - The Houston Astros' Carlos Beltran has  the St Louis Cardinals shaking their heads in disbelief and  baseball owners quaking in their boots.	CONTRADICTION
1574	This example is World	 PITTSBURGH (Sports Network) - The Pittsburgh Pirates agreed  to terms Thursday with closer Jose Mesa on a one-year contract,  with a club option for 2006.	CONTRADICTION
1575	This example is Sci/Tech	 CLEVELAND, Ohio (Sports Network) - Cleveland Browns rookie  tight end Kellen Winslow is expected to be sidelined  six-to-eight weeks after suffering a broken right fibula during  Sunday's 19-12 loss to Dallas.	CONTRADICTION
1576	This example is Sci/Tech	CBC SPORTS ONLINE - Zoran Planinic of the New Jersey Nets underwent surgery on his broken left hand Thursday and is sidelined indefinitely.	CONTRADICTION
1577	This example is Business	Melbourne, Australia (Sports Network) - Former world No. 1 Kim Clijsters continues to recover from a wrist injury and is not expected to play in next month #39;s Australian Open.	CONTRADICTION
1578	This example is Sci/Tech	 HOUSTON (Reuters) - Former National League Most Valuable  Player Ken Caminiti, who in 2002 admitted he used steroids,  died of an apparent heart attack in New York on Sunday, Major  League Baseball said on Monday.	CONTRADICTION
1579	This example is World	Tokyo, Japan (Sports Network) - Fifth-seeded Jiri Novak of the Czech Republic sent seventh-seeded American Taylor Dent packing with a tough victory in Sunday #39;s final at the \$775,000 Japan Open.	CONTRADICTION
1580	This example is Business	Houston, TX (Sports Network) - Third-seeded Lleyton Hewitt humbled eighth- seeded Gaston Gaudio 6-2, 6-1 on Friday to secure a spot in the semifinals at the 2004 Tennis Masters Cup.	CONTRADICTION
1581	This example is Sci/Tech	Buenos Aires, Argentina (Sports Network) - Marcelo Bielsa resigned as Argentina #39;s coach on Tuesday, despite leading his country to the final of Copa America and to an Olympic triumph this summer.	CONTRADICTION
1582	This example is World	Oxford, MS (Sports Network) - John Daly #39;s wife, Sherrie Miller Daly, pleaded guilty to a federal money laundering charge on Friday and will await sentencing.	CONTRADICTION
1583	This example is World	Oakville, ON (Sports Network) - Canada #39;s own Mike Weir fired a six-under 65 on Friday to take the lead during round two of the Canadian Open.	CONTRADICTION
1584	This example is Sci/Tech	 NEW YORK (Reuters) - Randy Johnson struck out 14 batters in  8 1/3 innings to help the Arizona Diamondbacks end a nine-game  losing streak with a 2-0 win over the New York Mets on Sunday.	CONTRADICTION
1585	This example is World	Chandler, AZ (Sports Network) - Chris Nallen closed with a one-under 71 on Sunday, but it was more than enough to win the Gila River Golf Classic.	CONTRADICTION
1586	This example is Sci/Tech	London, England (Sports Network) - Captain David Beckham will make his return to the English national team Wednesday when they travel to Madrid for a friendly.	CONTRADICTION
1587	This example is Business	 NEW YORK (Sports Network) - The New York Jets and  quarterback Chad Pennington finally agreed on a long-term  contract extension Wednesday.	CONTRADICTION
1588	This example is Sci/Tech	Charleston, SC (Sports Network) - Andy Roddick and Mardy Fish will play singles for the United States in this weekend #39;s Davis Cup semifinal matchup against Belarus.	CONTRADICTION
1589	This example is Sci/Tech	 ATHENS (Reuters) - The U.S. men's basketball team was  beaten by Argentina and booed off the court by the crowd on  Friday as it was denied an Olympic gold medal for the first  time since 1992 when NBA players started competing.	CONTRADICTION
1590	This example is Business	Munich, Germany (Sports Network) - European Ryder Cup captain Bernhard Langer finalized his team on Sunday when he added six-time Ryder Cup veteran Colin Montgomerie and rookie Luke Donald.	CONTRADICTION
1591	This example is Sci/Tech	CBC SPORTS ONLINE - Swiss star Roger Federer captured his 10th tennis title of the year by defeating Andy Roddick in the Thailand Open final Sunday in Bangkok.	CONTRADICTION
1592	This example is Business	 BEIJING (Reuters) - The NBA is considering playing some of  its regular season games in China, commissioner David Stern  said Friday.	CONTRADICTION
1593	This example is Sci/Tech	 KIRKLAND, Wash. (Sports Network) - Seattle Seahawks  defensive end Grant Wistrom will miss the next four-to-six  weeks due a fracture in his left knee.	CONTRADICTION
1594	This example is Business	Indianapolis, IN (Sports Network) - Minnesota Timberwolves center Michael Olowokandi spent Wednesday night in jail after police needed a stun gun to compel him to leave a nightclub.	CONTRADICTION
1595	This example is Sci/Tech	 NEW YORK (Sports Network) - New York Yankees outfielder  Gary Sheffield will have arthroscopic surgery Tuesday on his  ailing left shoulder.	CONTRADICTION
1596	This example is Business	Madison, MS (Sports Network) - Harrison Frazar posted a five-under 67 Friday to maintain a share of the lead through two rounds of the Southern Farm Bureau Classic at Annandale Golf Club.	CONTRADICTION
1597	This example is World	 JACKSONVILLE, Fla. (Sports Network) - In a surprising turn  of events, Urban Meyer is expected to be named head football  coach at the University of Florida.	CONTRADICTION
1598	This example is World	 STARKVILLE, Miss. (Sports Network) - Mississippi State has  extended the contract of head football coach Sylvester Croom,  keeping him with the university through the 2008 season.	CONTRADICTION
1599	This example is Sci/Tech	Auburn, CA (Sports Network) - Leta Lindley fired a six-under 65 on Saturday to take the lead through 54 holes of the Longs Drugs Challenge.	CONTRADICTION
1600	This example is Sci/Tech	Reuters - The National Football League\handed down  #36;10,000 fines on Tuesday to linebacker Joey Porter\of the Steelers and running back William Green of the Browns\for their parts in a pre-game fight this past Sunday.	CONTRADICTION
1601	This example is Sci/Tech	 Eden Prairie, Minn. (Sports Network) - The Minnesota  Vikings released former professional and amateur wrestling star  Brock Lesnar Monday.	CONTRADICTION
1602	This example is Sci/Tech	 OAKLAND, Calif. (Sports Network) - Texas Rangers second  baseman Alfonso Soriano left Thursday's 5-4 loss to Oakland  after he injured his left leg, and he might miss the rest of  the season.	CONTRADICTION
1603	This example is Business	St. Louis, MO (Sports Network) - Jim Edmonds homered and delivered the go- ahead run in the eighth inning on a sacrifice fly, leading the St.	CONTRADICTION
1604	This example is Sci/Tech	 CHAMPAIGN, Ill. (Sports Network) - Luther Head had a  game-high 17 points and Dee Brown added 15 along with nine  assists as top-ranked Illinois cruised to a 78-59 victory over  in-state foe Chicago State at Assembly Hall.	CONTRADICTION
1605	This example is World	Bronx, NY (Sports Network) - Ken Caminiti, who won the National League MVP in 1996 and later admitted to using steroids during his playing career, passed away on Sunday due to an apparent heart attack.	CONTRADICTION
1606	This example is Business	CBC SPORTS ONLINE - Marion Jones pulled out of Sunday #39;s Golden League track and field meet in Berlin because of back pain, and organizers said she wouldn #39;t compete again this year.	CONTRADICTION
1607	This example is Sci/Tech	Mallorca, Spain (Sports Network) - Simon Khan stands at five-under par through 13 holes and holds a share of the lead during the first round of the Mallorca Classic.	CONTRADICTION
1608	This example is Sci/Tech	Bloomfield Hills, MI (Sports Network) - Colin Montgomerie teamed with Padraig Harrington Friday morning to defeat Tiger Woods and Phil Mickelson 2  amp; 1 to the lead European squad to a 3 1/2 - 1/2 lead after the morning fourball matches at the 35th Ryder Cup 	CONTRADICTION
1609	This example is Business	Bucharest, Romania (Sports Network) - Victor Piturca has been re-appointed as Romania #39;s national team coach. Piturca, 48, was fired four years ago after a dispute with Romania legend Gheorghe Hagi.	CONTRADICTION
1610	This example is Sci/Tech	 SAN FRANCISCO (Sports Network) - According to a report, New  York Yankees first baseman Jason Giambi claimed in his grand  jury testimony that he took a human growth hormone in 2003 and  also used steroids for at least three seasons.	CONTRADICTION
1611	This example is Sci/Tech	Athens, Greece (Sports Network) - Greek weightlifter Leonidas Sampanis on Sunday was stripped of the bronze medal he won last week and banished from the Athens Games for failing an antidoping test.	CONTRADICTION
1612	This example is Sci/Tech	CBC SPORTS ONLINE - Oscar De La Hoya will try and take a page out of the boxing history book while writing his own legend at the MGM Grand Garden Arena in Las Vegas tonight.	CONTRADICTION
1613	This example is Sci/Tech	London, England (Sports Network) - Leaders Chelsea and defending champions Arsenal played to an intense 2-2 draw in a London derby Sunday at Highbury.	CONTRADICTION
1614	This example is World	CBC SPORTS ONLINE - It?s been 86 years since the Boston Red Sox last won the World Series, but they still have a long way to go to vanquish the so-called  #39;Curse of the Bambino.	CONTRADICTION
1615	This example is Sci/Tech	Torino, Italy (Sports Network) - Juventus served notice of its intentions Tuesday, acquiring Italian national team captain Fabio Cannavaro and talented Swedish striker Zlatan Ibrahimovic.	CONTRADICTION
1616	This example is Sci/Tech	 SANTA CLARA, Calif., (Sports Network) - Kevan Barlow of the  San Francisco 49ers underwent a precautionary MRI on his sore  right knee Wednesday, but the running back expects to play  Sunday in Seattle.	CONTRADICTION
1617	This example is Sci/Tech	Rome, Italy (Sports Network) - AC Milan must improve its play in order to repeat last season #39;s Serie A triumph. So far the Rossoneri have four points after three matches, but have conceded an alarming four goals.	CONTRADICTION
1618	This example is Business	White Plains, NY (Sports Network) - Zina Garrison was given a one-year contract extension to remain captain of the American Fed Cup team, while the legendary Billie Jean King retired as a coach for the squad.	CONTRADICTION
1619	This example is Sci/Tech	 ST. LOUIS, Mo., (Sports Network) - San Diego signed pitcher  Woody Williams and infielder Geoff Blum on Wednesday to  one-year, free-agent contracts.	CONTRADICTION
1620	This example is Business	 MONTREAL (Reuters) - Ryan Smyth scored twice and Martin St  Louis had a goal and an assist for the second straight game as  Canada eased to a 5-1 win over Slovakia in round-robin play at  the World Cup of Hockey on Wednesday.	CONTRADICTION
1621	This example is Business	 DENVER (Sports Network) - Carmelo Anthony of the Denver  Nuggets was cited for possession of marijuana before boarding a  team flight, but the star forward said the drug was left in his  bag by a friend.	CONTRADICTION
1622	This example is Business	Cologne, Germany (Sports Network) - Graeme McDowell carded a three-under 69 on Saturday to maintain a three-shot advantage after the third round of the Linde German #39;s Masters.	CONTRADICTION
1623	This example is World	 SPRINGFIELD, Massachusetts (Sports Network) - Former  Portland Trail Blazers guard Clyde Drexler highlights the class  of 2004 inductees for the Basketball Hall of Fame.	CONTRADICTION
1624	This example is Business	CBC SPORTS ONLINE - US Open champion Retief Goosen was the only winner on a rainy opening day of the World Match Play Championship on Thursday, beating Jeff Maggert by a record 12 and 11.	CONTRADICTION
1625	This example is World	London, England (Sports Network) - Disappointing Porto will meet a confident Chelsea side led by its former coach at Stamford Bridge on Wednesday as Matchday 2 continues.	CONTRADICTION
1626	This example is Business	 EAST RUTHERFORD, N.J. (Sports Network) - New Jersey Nets  guard Ron Mercer is scheduled to have surgery Monday on his  left knee and could be out of action for up to four weeks.	CONTRADICTION
1627	This example is Sci/Tech	 ANAHEIM, Calif. (Sports Network) - The Boston Red Sox have  signed free agent pitcher David Wells. The deal is believed to  be for two years.	CONTRADICTION
1628	This example is Business	London, England (Sports Network) - Arsenal and Tottenham will clash in the North London derby Saturday as the Gunners attempt to recover their unbeatable form at White Hart Lane.	CONTRADICTION
1629	This example is Sci/Tech	Las Vegas, NV (Sports Network) - The middleweight megafight billed as the  quot;Quest for History quot; between undisputed champion Bernard Hopkins and the Golden Boy of boxing, Oscar De La Hoya, is just a day away.	CONTRADICTION
1630	This example is World	 NEW ORLEANS (Sports Network) - Jason Campbell passed for  195 yards and a touchdown, Auburn's defense solidified its  status as one of the nation's toughest, and the third-ranked  Tigers completed the first perfect season in school history  with a 16-13 victory over No. 9 Virginia Tech in the Sugar  Bowl.	CONTRADICTION
1631	This example is Business	 EAST RUTHERFORD, New Jersey (Sports Network) - Retired NBA  center and seven-time All- Star Alonzo Mourning is going to  give his playing career one more shot.	CONTRADICTION
1632	This example is World	 MONTREAL (Reuters) - The National Hockey League and its  players ended three days of labor talks in an apparent deadlock  on Thursday, with little progress seen in avoiding a lockout by  team owners later this month.	CONTRADICTION
1633	This example is World	 NEW YORK (Sports Network) - Brothers Joey and Stephen  Graham scored 16 points apiece and No. 5 Oklahoma State used a  strong second half performance to beat fourth-ranked Syracuse  74-60 in the second game of the Jimmy V Classic at Madison  Square Garden.	CONTRADICTION
1634	This example is Sci/Tech	 NEW YORK (Sports Network) - New York Yankees manager Joe  Torre said Monday he was unsure if closer Mariano Rivera would  be available for Tuesday's opener of the American League  Championship Series against Boston after a tragic accident at  the reliever's home in Panama over the weekend.	CONTRADICTION
1635	This example is Business	AP - The Chicago Cubs paid a  #36;6,725 penalty for renovating landmark Wrigley Field without the required city permits for such work.	CONTRADICTION
1636	This example is Sci/Tech	" SALVO, North Carolina (Reuters) - Olympic 400 meters relay  gold medallist Alvin Harrison ""accepts responsibility"" for  doping violations that led the U.S. Anti-Doping Agency (USADA)  to ban him for four years and he plans to quit athletics, says  his attorney."	CONTRADICTION
1637	This example is Sci/Tech	London, England (Sports Network) - Not much was expected from Everton this season, especially after the departure of star striker Wayne Rooney to Manchester United.	CONTRADICTION
1638	This example is World	 TORONTO (Sports Network) - The Portland Trail Blazers fined  forward Zach Randolph for missing the team flight to Toronto,  where they will meet the Raptors Sunday afternoon.	CONTRADICTION
1639	This example is Business	Madison, MS (Sports Network) - Fred Funk fashioned an eight-under 64 on Saturday to grab a one-stroke lead through three rounds of the Southern Farm Bureau Classic.	CONTRADICTION
1640	This example is Sci/Tech	Paris, France (Sports Network) - Paris Saint Germain suffered an embarrassing home draw to St. Etienne Sunday, 2-2. PSG is winless in four games so far this season, and has only earned draws against two promoted squads.	CONTRADICTION
1641	This example is Business	Los Angeles, CA (Sports Network) - Serena Williams rallied for a three-set victory over Amelie Mauresmo to reach the final of the WTA Championships at the Staples Center.	CONTRADICTION
1642	This example is Business	CBC SPORTS ONLINE - Five-time Olympic biathlon champion Ole Einar Bjorndalen of Norway may have been absent from a World Cup event Wednesday, but his fellow countrymen Stian Eckhoff and Frode Andresen were there to pick up the slack.	CONTRADICTION
1643	This example is Business	Beijing, China (Sports Network) - Top-seeded American Serena Williams and Wimbledon winner Maria Sharapova of Russia both posted second-round wins Wednesday and moved into the quarterfinals at the inaugural \$585,000 China Open.	CONTRADICTION
1644	This example is Business	Atlanta, GA (Sports Network) - The Atlanta Hawks signed free agent Kevin Willis on Wednesday, nearly a decade after the veteran big man ended an 11- year stint with the team.	CONTRADICTION
1645	This example is World	CBC SPORTS ONLINE - The Vancouver Canucks will announce Wednesday that local businessman Francesco Aquilini is buying half of the team, according to newspaper reports.	CONTRADICTION
1646	This example is Sci/Tech	Charlotte, NC (Sports Network) - The Carolina Panthers will be without running back Stephen Davis for Sunday #39;s matchup with the Atlanta Falcons.	CONTRADICTION
1647	This example is World	 ST. LOUIS (Sports Network) - St. Louis Cardinals starting  pitcher Chris Carpenter is expected to miss the first round of  the playoffs next week with an injury to his right arm.	CONTRADICTION
1648	This example is Business	 HELSINKI (Reuters) - U.S. anti-doping officials plan to  question Victor Conte after the BALCO head claimed he saw  sprinter Marion Jones taking banned drugs, world athletics body  the IAAF said Saturday.	CONTRADICTION
1649	This example is Sci/Tech	Kilkenny, Ireland (Sports Network) - Ernie Els fired an eight-under 64 on Friday to take the lead midway through the World Golf Championships - American Express Championship.	CONTRADICTION
1650	This example is Business	 ATHENS (Reuters) - Officials had to separate the U.S. and  Spanish coaches when an argument erupted at the end of the game  as the United States beat Spain 102-94 in the Olympic men's  basketball quarter-finals Thursday.	CONTRADICTION
1651	This example is Business	 ATHENS (Reuters) - Officials had to separate the U.S. and  Spanish coaches when an argument erupted at the end of the game  as the United States beat Spain 102-94 in the Olympic men's  basketball quarter-finals Thursday.	CONTRADICTION
1652	This example is World	 PHILADELPHIA (Sports Network) - The Philadelphia Eagles  announced Saturday that cornerback Lito Sheppard and defensive  tackle Sam Rayburn each signed contract extensions that will  keep both players in the fold through the 2011 season.	CONTRADICTION
1653	This example is World	Las Vegas, NV (Sports Network) - Brian Grant had 22 points and Chris Mihm added 15, as the Los Angeles Lakers downed the Phoenix Suns, 111-103.	CONTRADICTION
1654	This example is Business	Marseille, France (Sports Network) - French power Marseille have reached an  quot;agreement in principal quot; for Philippe Troussier to become its new head coach.	CONTRADICTION
1655	This example is World	 PHILADELPHIA (Sports Network) - Miami is off to its best  start in franchise history. The Heat won their first four games  of the 2004-05 campaign, with three of their victories by 10  points or more.	CONTRADICTION
1656	This example is Sci/Tech	 GREENVILLE, N.C. (Sports Network) - East Carolina head  football coach John Thompson announced his resignation,  effective at the end of the season, on Wednesday.	CONTRADICTION
1657	This example is Business	 NEW ORLEANS, La. (Sports Network) - New Orleans Hornets  center Jamaal Magloire is expected to be sidelined for up to  three months because of a dislocated right ring finger.	CONTRADICTION
1658	This example is Business	Ottawa, ON (Sports Network) - The negotiations to save the National Hockey League from a work stoppage seemed to take a turn for the worse on Thursday.	CONTRADICTION
1659	This example is World	Gelsenkirchen, Germany (Sports Network) - Mainz has shocked everyone in the Bundesliga this season. The newcomers, who were expected to finish near the bottom of the table, are currently stationed in third.	CONTRADICTION
1660	This example is Business	 San Diego, Calif. (Sports Network) - The San Diego Chargers  Monday named Drew Brees as the team's starting quarterback for  their regular-season opener on September 12 against Houston.	CONTRADICTION
1661	This example is Business	 NEW YORK (Sports Network) - The New York Yankees re-signed  catcher John Flaherty to a one-year contract on Friday.	CONTRADICTION
1662	This example is Sci/Tech	CBC SPORTS ONLINE - Prime Minister Paul Martin said Friday he believes the National Hockey League and its players will eventually overcome their acrimonious labour impasse.	CONTRADICTION
1663	This example is World	Stuttgart, Germany (Sports Network) - Werder Bremen scored twice in the last 12 minutes as the defending Bundesliga champions beat Stuttgart in a physical match, 2-1.	CONTRADICTION
1664	This example is Business	Paris, France (Sports Network) - Andre Agassi and David Nalbandian announced Monday that they have withdrawn from the Paris Masters because of injuries.	CONTRADICTION
1665	This example is World	Hanover, NH (Sports Network) - Dartmouth University fired head football coach John Lyons on Tuesday. The Big Green finished just 1-9 this season, marking the worst record in school history.	CONTRADICTION
1666	This example is Sci/Tech	AP - Indians shortstop Omar Vizquel and closer Bob Wickman filed for free agency on Friday after the team declined to pick up  #36;5 million options on the two veterans earlier this month.	CONTRADICTION
1667	This example is World	 ATHENS (Reuters) - The U.S. women took their third  consecutive gold medal in Olympic basketball Saturday, breaking  open a close game in the fourth quarter to beat Australia  74-63.	CONTRADICTION
1668	This example is Business	Chicago, IL (Sports Network) - Cindy Parlow recorded a hat trick for the United States during a 5-1 win over Ireland Wednesday night at Soldier Field.	CONTRADICTION
1669	This example is World	St. Louis, MO (Sports Network) - Offensive tackle Orlando Pace ended his holdout by signing a one-year, \$7.02 million contract with the St.	CONTRADICTION
1670	This example is World	 ATHENS (Reuters) - The United States rebounded from a shock  opening game loss to narrowly beat Greece 77-71 at the men's  Olympic basketball tournament on Tuesday.	CONTRADICTION
1671	This example is Business	Washington, DC (Sports Network) - Washington Wizards forward Kwame Brown will not be ready for the season opener, but could play by the end of November.	CONTRADICTION
1672	This example is Sci/Tech	Kutztown, PA (Sports Network) - Jill McGill fired an eight-under 64 on Friday to post a 14-under-par 130 and take a four-shot lead midway through the Wachovia LPGA Classic.	CONTRADICTION
1673	This example is Business	Amsterdam, the Netherlands (Sports Network) - American international Earnie Stewart has signed an 18-month contract with VVV Venlo, the club where the midfielder began his career.	CONTRADICTION
1674	This example is Business	Prague, Czech Republic (Sports Network) - Juventus star and Czech national team captain Pavel Nedved will sit out international matches until he completely recovers from a knee injury, even though he is still playing for his club team Juventus.	CONTRADICTION
1675	This example is Business	Hasselt, Belgium (Sports Network) - Seeded Italians Francesca Schiavone and Silvia Farina Elia led Tuesday #39;s parade of first-round winners at the inaugural Gaz de France Stars tennis event.	CONTRADICTION
1676	This example is World	 DALLAS (Sports Network) - John Lucas poured in a game-high  24 points to lead No. 6 Oklahoma State over SMU, 76-57, at  Moody Coliseum.	CONTRADICTION
1677	This example is World	CBC SPORTS ONLINE - Michael Schumacher wasn #39;t in the winner #39;s circle at Sunday #39;s Belgian Grand Prix, but still managed to make some noise.	CONTRADICTION
1678	This example is World	Kilkenny, Ireland (Sports Network) - Ernie Els shot a four-under 68 on Saturday to maintain his two-shot lead through three rounds of the World Golf Championships - American Express Championship.	CONTRADICTION
1679	This example is World	Miami, FL (Sports Network) - Mike Lowell #39;s contract with the Florida Marlins is no longer contingent on the team getting a new stadium.	CONTRADICTION
1680	This example is Business	 PHOENIX (Sports Network) - The Arizona Diamondbacks signed  free agent shortstop Royce Clayton to a one-year contract on  Tuesday. Financial terms were not released.	CONTRADICTION
1681	This example is Business	CBC SPORTS ONLINE - Just hours after Justin Gatlin stunned the world by winning Olympic gold in the 100 metres, his coach made a surprise admission on Sunday, revealing he was the anonymous source that sparked a doping investigation that rocked the world 	CONTRADICTION
1682	This example is World	Herkimer, NY (Sports Network) - Former Pittsburgh Steelers offensive lineman Justin Strzelczyk was killed in a collision with a tanker truck after leading police on a highway chase for 40 miles in upstate New York Thursday morning.	CONTRADICTION
1683	This example is Sci/Tech	London, England (Sports Network) - Chelsea has told Adrian Mutu his services are no longer needed at the club after testing positive for cocaine use.	CONTRADICTION
1684	This example is Business	CBC SPORTS ONLINE - Brandon Backe grew up idolizing the likes of Jeff Bagwell and Craig Biggio, but he #39;ll probably be pulling for more Carlos Beltran heroics Monday night.	CONTRADICTION
1685	This example is Sci/Tech	 SAN FRANCISCO, CA (Sports Network) - According to a report,  New York Yankees first baseman Jason Giambi claimed in his  grand jury testimony that he took a human growth hormone in  2003 and also used steroids for at least three seasons.	CONTRADICTION
1686	This example is Business	 CHARLOTTE, N.C. (Sports Network) - Carolina Panthers punter  Todd Sauerbrun was arrested Wednesday night and charged with  driving while impaired.	CONTRADICTION
1687	This example is Sci/Tech	Memphis, TN (Sports Network) - The Memphis Grizzlies signed All-Star forward Pau Gasol to a multi-year contract on Friday. Terms of the deal were not announced.	CONTRADICTION
1688	This example is Sci/Tech	CBC SPORTS ONLINE - The Houston Astros blew a 5-2 lead to lose for the first time at home in 20 games, a crucial defeat that forced a fifth game finale in Atlanta on Monday.	CONTRADICTION
1689	This example is Business	AP - Randy Moss was fined  #36;5,000 by the NFL for his role in a scuffle during last Sunday's game between the Vikings and Chicago Bears.	CONTRADICTION
1690	This example is Sci/Tech	Lake Forest, IL (Sports Network) - Chicago Bears standout linebacker Brian Urlacher has been downgraded to doubtful for Sunday #39;s game against Philadelphia.	CONTRADICTION
1691	This example is Business	Houston, TX (Sports Network) - Reigning world No. 1 Roger Federer and former top-ranked star Lleyton Hewitt will meet in a blockbuster  quot;Red Group quot; round- robin match Wednesday at the ATP #39;s season-ending Tennis Masters Cup.	CONTRADICTION
1692	This example is Business	Kansas City, MO (Sports Network) - The Kansas City Royals declined to offer arbitration to veteran outfielder Juan Gonzalez and three others on Tuesday, effectively cutting them loose.	CONTRADICTION
1693	This example is Business	BRISTOL, Connecticut (Ticker) - Joe Gibbs and Bill Parcells are on opposite sidelines for the first time in nearly 14 years when the Washington Redskins host the Dallas Cowboys on Monday night.	CONTRADICTION
1694	This example is Sci/Tech	CBC SPORTS ONLINE - The Baltimore Orioles reached terms Wednesday with first baseman Rafael Palmeiro on a one-year, \$3-million US contract.	CONTRADICTION
1695	This example is World	 DAVIE, Fla., (Sports Network) - The Miami Dolphins will be  without running back Travis Minor for Sunday's game against  Cincinnati because of an ankle injury.	CONTRADICTION
1696	This example is World	Milan, Italy (Sports Network) - Italy coach Marcello Lippi will field an altered team Wednesday in a friendly match against Finland.	CONTRADICTION
1697	This example is World	 ANAHEIM, Calif. (Sports Network) - The Arizona Diamondbacks  continued their offseason makeover Friday as they signed free  agent pitcher Russ Ortiz to a four-year contract.	CONTRADICTION
1698	This example is Business	 ATHENS (Reuters) - The governing body of world athletics  Friday condemned the behavior of local fans who delayed the  start of the men's 200 meters final with deafening boos and  whistles.	CONTRADICTION
1699	This example is Sci/Tech	Beijing, China (Sports Network) - American Taylor Dent was one of only two winners on a rainy Tuesday at the inaugural \$500,000 China Open.	CONTRADICTION
1700	This example is Business	AP - 1902  #151; Chicago's Jim Callaghan tossed the White Sox's first no-hitter, beating Detroit 2-0.	CONTRADICTION
1701	This example is World	 Chicago, Ill. (Sports Network) - The Chicago Blackhawks  Monday agreed to terms on a one-year contract with defenseman  Bryan Berard. As per team policy, financial terms of the deal  were not disclosed.	CONTRADICTION
1702	This example is Sci/Tech	Philadelphia, PA (Sports Network) - The Philadelphia Flyers Thursday agreed to a two-year contract extension with veteran forward Sami Kapanen. Financial terms were not disclosed. 	CONTRADICTION
1703	This example is World	Ashburn, VA (Sports Network) - Washington Redskins star linebacker LaVar Arrington will miss his fourth straight game after having right knee surgery last month.	CONTRADICTION
1704	This example is Sci/Tech	Sports India  gt; New Delhi, Oct 11 : The Supreme Court today stayed the Madras High Court order appointing Justice (retd) S Mohan as the Interim Administrator of BCCI.	CONTRADICTION
1705	This example is Business	AP - Sammy Sosa was fined  #36;87,400  #151; one day's salary  #151; for arriving late and leaving early at the Cubs' regular-season finale at Wrigley Field.	CONTRADICTION
1706	This example is Sci/Tech	 Davie, Fla. (Sports Network) - The Miami Dolphins bolstered  their depleted running corps on Wednesday, acquiring running  back Lamar Gordon from the St. Louis Rams in exchange for a  2005 third-round draft pick.	CONTRADICTION
1707	This example is Business	Richmond, VA (Sports Network) - Ryan Newman earned the pole for Saturday night #39;s Chevy Rock  amp; Roll 400. The No.12 Penske Dodge circled the 0.750-mile Richmond International Raceway short track in 20.	CONTRADICTION
1708	This example is Business	Grand Prairie, TX (Sports Network) - Former Horse of the Year Azeri will run against the boys Saturday in the Breeders #39; Cup Classic.	CONTRADICTION
1709	This example is World	Philadelphia, PA (Sports Network) - The Philadelphia Phillies re-signed righthander Cory Lidle to a two-year deal worth \$6.3 million Tuesday.	CONTRADICTION
1710	This example is Sci/Tech	 SOUTH BEND, Ind. (Sports Network) - Charlie Weis was  introduced as the new head football coach at Notre Dame on  Monday and said he intends to bring the program back to  national prominence.	CONTRADICTION
1711	This example is Sci/Tech	 SHANGHAI (Reuters) - Yao Ming's Houston Rockets squeezed  past the Sacramento Kings on Thursday in the first NBA game to  be played in China, a country the fast-growing basketball  league deems a potential marketing mecca.	CONTRADICTION
1712	This example is World	New York, NY (Sports Network) - Former NFL running back Ricky Williams wants to know where he stands after retiring and subsequently being ordered to pay back nearly \$9 million to the Miami Dolphins.	CONTRADICTION
1713	This example is World	Seattle, WA (Sports Network) - University of Washington head football coach Keith Gilbertson will step down at the end of the 2004 season.	CONTRADICTION
1714	This example is World	 ATHENS (Reuters) - The United States gave Hall of Famer Mia  Hamm the perfect send-off on Thursday, beating Brazil 2-1 to  win Olympic gold in the women's soccer tournament.	CONTRADICTION
1715	This example is Sci/Tech	East Rutherford, NJ (Sports Network) - The New York Giants put an end to any possible quarterback controversy as Kurt Warner was named the starter over rookie Eli Manning for the season opener.	CONTRADICTION
1716	This example is Business	Flushing Meadows, NY (Sports Network) - Two-time champion Serena Williams blew past Swiss Patty Schnyder on Sunday to reach the quarterfinals at the US Open.	CONTRADICTION
1717	This example is Sci/Tech	 NEW YORK (Sports Network) - Minnesota Timberwolves guard  Latrell Sprewell has been suspended one game without pay for  directing obscenities toward fans.	CONTRADICTION
1718	This example is World	Bergamo, Italy (Sports Network) - Serie A cellar dwellers Atalanta fired its coach Andrea Mandorlini after he failed to produce a victory in any of the club #39;s first 14 league matches this season.	CONTRADICTION
1719	This example is World	 LAUSANNE (Reuters) - American gymnast Paul Hamm will keep  his Olympic all-round gold medal after the Court of Arbitration  for Sport (CAS) rejected Thursday an appeal from South Korea's  Yang Tae-young.	CONTRADICTION
1720	This example is World	(Sports Network) - The Brewers will try to keep Barry Bonds from getting his 700th homer today, when they close out their three-game series against the San Francisco Giants.	CONTRADICTION
1721	This example is Business	 SAN FRANCISCO (Reuters) - Baseball slugger Barry Bonds's  700th career home run ball drew a winning bid of \$804,129 in an  online auction that closed Wednesday.	CONTRADICTION
1722	This example is Business	Inverness, Scotland (Sports Network) - Rangers squandered a chance to return to the top of the table Sunday as it was held at Inverness, 1-1.	CONTRADICTION
1723	This example is Business	Anaheim, CA (Sports Network) - The Seattle Mariners have reportedly found their slugging first baseman for the 2005 season and beyond by coming to terms with free agent Richie Sexson.	CONTRADICTION
1724	This example is Business	 NEW YORK (Reuters) - The National Basketball Association  suspended four players on Saturday, one day after one of the  worst brawls in North American pro sports history.	CONTRADICTION
1725	This example is World	 ST. PETERSBURG, Florida (Sports Network) - The threat of  Hurricane Jeanne has forced the cancellation of Sunday's game  between the Tampa Bay Devil Rays and the Toronto Blue Jays at  Tropicana Field.	CONTRADICTION
1726	This example is World	Schinias, Greece (Sports Network) - Germany and Hungary each claimed a pair of gold medals on the final day of the canoe/kayak program at the 2004 Olympics.	CONTRADICTION
1727	This example is World	Phoenix, AZ (Sports Network) - The Arizona Diamondbacks have called a news conference for today at 1 pm (et), when they are expected to introduce Wally Backman as their new manager.	CONTRADICTION
1728	This example is Sci/Tech	 PHOENIX (Sports Network) - The Arizona Diamondbacks have  fired newly-hired manager Wally Backman and are expected to  replace him with Bob Melvin, according to a published report.	CONTRADICTION
1729	This example is World	Delray Beach, FL (Sports Network) - Brazilian Ricardo Mello upset top-seeded American Vince Spadea in straight sets on Sunday to win the title at the \$380,000 International Tennis Championships.	CONTRADICTION
1730	This example is Sci/Tech	 PORTLAND, Ore. (Sports Network) - Olympic medalists Justin  Gatlin and Joanna Hayes Monday were named the winners of the  2004 Jesse Owens Awards by USA Track   Field.	CONTRADICTION
1731	This example is World	AP - New Jersey Devils center Scott Gomez signed a  #36;500 a week contract with the minor league Alaska Aces for the duration of the NHL lockout.	CONTRADICTION
1732	This example is World	 LOS ANGELES (Sports Network) - The Los Angeles Clippers  signed first-round draft pick Shaun Livingston to a contract  Thursday. As per team policy, terms of the deal were not  released.	CONTRADICTION
1733	This example is World	Columbus, OH (Sports Network) - Former Ohio State running back Maurice Clarett has accused Buckeyes head coach Jim Tressel and his staff of giving him cars, cash and improper benefits while he was enrolled at the University.	CONTRADICTION
1734	This example is World	 NEW YORK (Sports Network) - Former Miami Dolphins running  back Ricky Williams will remain retired after declining the  NFL's reinstatement offer.	CONTRADICTION
1735	This example is Sci/Tech	Detroit, MI (Sports Network) - The Detroit Red Wings Tuesday re-signed center Steve Yzerman to a one-year contract. Financial terms were not disclosed.	CONTRADICTION
1736	This example is Business	AP - 1904  #151; Jesse Tannehill of the Boston Red Sox pitched a no-hitter, beating the Chicago White Sox 6-0.	CONTRADICTION
1737	This example is Sci/Tech	CBC SPORTS ONLINE - A Missouri woman was acquitted of charges she helped NHL player Mike Dantion hire a hit man in a failed plot to kill his agent.	CONTRADICTION
1738	This example is World	 NASHVILLE, Tenn., (Sports Network) - The Tennessee Titans,  who lost kicker Joe Nedney for the season due to a hamstring  injury, have announced that they will bring Gary Anderson out  of retirement for the second time.	CONTRADICTION
1739	This example is Business	 HOUSTON (Reuters) - The Houston Astros capped a remarkable  late-season turnaround by capturing the National League wild  card playoff berth on Sunday with a 5-3 win over the Colorado  Rockies.	CONTRADICTION
1740	This example is World	(Sports Network) - Livan Hernandez has 50 wins since the start of the 2001 season. Unfortunately for the powerful righthander, he hasn #39;t solved the Atlanta Braves.	CONTRADICTION
1741	This example is World	MILWAUKEE (SportsTicker) - Barry Bonds tries to go where just two players have gone before when the San Francisco Giants visit the Milwaukee Brewers on Tuesday.	CONTRADICTION
1742	This example is World	Vienna, Austria (Sports Network) - English midfielder Steven Gerrard will likely miss Saturday #39;s World Cup qualifier against Austria with a groin injury.	CONTRADICTION
1743	This example is World	 BLOOMFIELD HILLS, Michigan (Reuters) - European Ryder Cup  rookie Paul Casey has defended his decision to sack his caddie  five days before the start of the biggest team event in the  sport.	CONTRADICTION
1744	This example is Sci/Tech	 ATHENS (Reuters) - The U.S. men's basketball team were once  again in danger of defeat at the Olympic tournament on  Thursday, trailing Australia 51-47 at the end of the first  half.	CONTRADICTION
1745	This example is Business	 ATLANTA (Sports Network) - The Atlanta Braves announced  Thursday that the team has come to terms with longtime pitcher  John Smoltz to a new two-year contract with a club option for  the 2007 season. Per club policy, financial terms were not  disclosed.	CONTRADICTION
1746	This example is Business	 HEMPSTEAD, N.Y. (Sports Network) - New York Jets  quarterback Chad Pennington is expected to start Sunday's game  against Houston after missing the last three weeks with a  rotator cuff injury.	CONTRADICTION
1747	This example is Business	 NEW YORK (Hollywood Reporter) - ABC has pulled out of  negotiations to continue airing college football's Bowl  Championship Series (BCS).	CONTRADICTION
1748	This example is World	 Welcome, N.C. (Sports Network) - Robby Gordon was placed on  probation Thursday for the rest of the 2004 NASCAR Nextel Cup  Series season by Richard Childress Racing.	CONTRADICTION
1749	This example is Sci/Tech	 ATHENS (Reuters) - The United States gave Hall of Famer Mia  Hamm the perfect send-off Thursday, beating Brazil 2-1 to win  Olympic gold in the women's soccer tournament.	CONTRADICTION
1750	This example is World	Lisbon, Portugal (Sports Network) - CD Nacional suspended three players who were arrested following an altercation at a Portuguese nightclub early Monday morning.	CONTRADICTION
1751	This example is Business	 ATHENS (Reuters) - The U.S. women took their third  consecutive gold medal in Olympic basketball on Saturday,  breaking open a close game in the fourth quarter to beat  Australia 74-63.	CONTRADICTION
1752	This example is Sci/Tech	Hasselt, Belgium (Sports Network) - Kim Clijsters retired in her semifinal match Saturday in the Gaz de France Stars tennis tournament with a wrist injury.	CONTRADICTION
1753	This example is World	WINSTON-SALEM, NC (Sports Network) - Chris Paul scored 16 points to lead No. 2 Wake Forest over Virginia Commonwealth, 81-67, in the quarterfinal round of the Preseason NIT.	CONTRADICTION
1754	This example is Sci/Tech	 TORONTO (Reuters) - The Toronto Blue Jays beat the New York  Yankees 4-2 on Saturday but are losing money, losing fans and  at the conclusion of the Major League season on Sunday could be  losing first baseman Carlos Delgado.	CONTRADICTION
1755	This example is Business	 DALLAS (Sports Network) - Freshman Adrian Peterson rushed  for a season-high 225 yards and Kejuan Jones scored the game's  only touchdown, as second-ranked Oklahoma blanked No. 5 Texas,  12-0, in the Red River Shootout at the Cotton Bowl.	CONTRADICTION
1756	This example is World	 OAKLAND, Calif., (Sports Network) - Travis Niesen scored a  career-high 26 points, Kyle Bailey added 20 and Santa Clara  shocked No. 4 North Carolina with a 77-66 victory in a Pete  Newell Challenge game at The Arena.	CONTRADICTION
1757	This example is World	UNCASVILLE, Connecticut (Ticker) - Katie Douglas and the Connecticut Sun had just enough poise in their first WNBA Finals contest.	CONTRADICTION
1758	This example is Sci/Tech	Englewood, CO (Sports Network) - Veteran defensive tackle Luther Elliss of the Denver Broncos will miss the remainder of the season because of a herniated disk in his lower back.	CONTRADICTION
1759	This example is Business	 WASHINGTON (Sports Network) - Washington Redskins head  coach Joe Gibbs announced Monday that Mark Brunell will be  under center when the team begins its 2004 campaign against  Tampa Bay on September 12.	CONTRADICTION
1760	This example is Business	 MEMPHIS, Tennessee (Sports Network) - The Memphis Grizzlies  didn't take long to match the Cleveland Cavaliers' offer sheet  given to center Jake Tsakalidis.	CONTRADICTION
1761	This example is Sci/Tech	Bali, Indonesia (Sports Network) - Seventh-seeded Argentine Gisela Dulko moved into the quarterfinals, while third-seeded Japanese Ai Sugiyama and 2003 Bali runner-up Chanda Rubin were a pair of opening-round losers Wednesday at the \$225,000 Wismilak 	CONTRADICTION
1762	This example is Sci/Tech	 SANTA CLARA, Calif., (Sports Network) - The San Francisco  49ers Tuesday re-signed general manager Terry Donahue to a  multi-year contract. As per team policy, financial terms were  not released, but the deal is a four-year extension and will  run through 2009.	CONTRADICTION
1763	This example is World	AP - 1912  #151; Joe Wood of the Boston Red Sox pitched his 16th consecutive victory to tie Walter Johnson's record as he beat the St. Louis Browns 2-1.	CONTRADICTION
1764	This example is Business	Lyon, France (Sports Network) - Lyon will head into the winter break on top of the Ligue 1 table and unbeaten after a 1-1 draw against Marseille Friday at the Stade Gerland.	CONTRADICTION
1765	This example is World	Bangkok, Thailand (Sports Network) - Former Australian Open champion Thomas Johansson of Sweden upended sixth-seeded Spaniard Feliciano Lopez in Monday #39;s opening-round action at the \$550,000 Thailand Open.	CONTRADICTION
1766	This example is Business	Madrid, Spain (Sports Network) - The United States and Spain will play their 2004 Davis Cup final on a clay court at Olympic Stadium in Seville, from December 3-5.	CONTRADICTION
1767	This example is Business	 WASHINGTON (Reuters) - Washington, D.C., Mayor Anthony  Williams on Wednesday said the deal to bring baseball back to  the U.S. capital was close to dead after the city council  changed the plan to require private financing, a move Major  League Baseball called unacceptable.	CONTRADICTION
1768	This example is Business	South Bend, IN (Sports Network) - Tyrone Willingham admitted he was surprised at his sudden firing as Notre Dame head coach, but at a news conference Wednesday took blame for the Irish #39;s shortcomings in his three seasons.	CONTRADICTION
1769	This example is World	 MOSCOW (Reuters) - A young Spartak Moscow player has died  in hospital from injuries after being attacked on his way home,  the Russian ice hockey club said Monday.	CONTRADICTION
1770	This example is Sci/Tech	 NEW YORK (Sports Network) - Val Ackerman is stepping down  as WNBA President after serving in that capacity for eight  seasons. The resignation is effective February 1, 2005.	CONTRADICTION
1771	This example is Business	Glasgow, Scotland (Sports Network) - Rangers and Aberdeen finished up weekend play in the Scottish Premier League on Sunday at Ibrox.	CONTRADICTION
1772	This example is Business	CBC SPORTS ONLINE - The San Francisco Giants plan to announce the signing of free-agent catcher Mike Matheny late Monday. Matheny, 34, reportedly will receive \$9 million US over three years.	CONTRADICTION
1773	This example is World	Bromwich, England (Sports Network) - West Bromwich signed Japanese international Junichi Inamoto to a 2 1/2-year contract on Tuesday.	CONTRADICTION
1774	This example is Sci/Tech	AP - Boise State coach Dan Hawkins signed a five-year,  #36;2.6 million contract extension on Tuesday that could keep him with the Broncos through the 2009 season.	CONTRADICTION
1775	This example is World	 NEW YORK (Sports Network) - The New York Mets on Friday  claimed outfielder Ron Calloway off waivers from the Washington  Nationals.	CONTRADICTION
1776	This example is World	 BLACKSBURG, Va. (Sports Network) - Mike Imoh ran for two  first-quarter touchdowns and 15th-ranked Virginia Tech routed  Maryland 55-6 at Lane Stadium.	CONTRADICTION
1777	This example is World	 BEREA, Ohio, (Sports Network) - The Cleveland Browns  Tuesday placed center Jeff Faine on injured reserve with a left  ankle injury.	CONTRADICTION
1778	This example is World	Bremen, Germany (Sports Network) - Bayern Munich exacted some revenge Saturday afternoon with a 2-1 win over defending Bundesliga champions Werder Bremen.	CONTRADICTION
1779	This example is World	 IOWA CITY, Iowa (Sports Network) - Drew Tate completed  15-of-24 passes for 186 yards with three touchdowns and three  interceptions to lead No. 17 Iowa over ninth-ranked Wisconsin,  30-7, in the regular season finale for both squads with the Big  Ten championship on the line at Kinnick Stadium.	CONTRADICTION
1780	This example is Sci/Tech	Manchester, England (Sports Network) - Manchester United has temporarily ended talks with Tampa Bay Buccaneers owner Malcolm Glazer over a possible takeover.	CONTRADICTION
1781	This example is Business	Thousand Oaks, CA (Sports Network) - Colin Montgomerie, Jim Furyk and Tiger Woods, the tournament host, each posted rounds of four-under-par 67 on Thursday to share the lead after one round of the Target World Challenge.	CONTRADICTION
1782	This example is World	Miyazaki, Japan (Sports Network) - Tiger Woods shot a three-under 67 on Sunday to easily win the Dunlop Phoenix by eight strokes. Woods completed the tournament at 16-under-par 264.	CONTRADICTION
1783	This example is World	Madrid, Spain (Sports Network) - Real Madrid #39;s powerful offense was held in check during a scoreless draw with Villarreal Sunday.	CONTRADICTION
1784	This example is Business	 LONDON (Reuters) - Former National League Most Valuable  Player Ken Caminiti, who in 2002 admitted he used steroids,  died of a heart attack in New York on Sunday, Major League  Baseball reported on its Web Site.	CONTRADICTION
1785	This example is World	CBC SPORTS ONLINE - The US Olympic Committee doesn #39;t think the entire American team that won gold in the 4x100-metre relay at the 2000 Sydney Olympics should be stripped of their medals.	CONTRADICTION
1786	This example is Business	 NEW YORK (Sports Network) - NBA vice president Stu Jackson  Wednesday handed out suspensions for four players involved in a  fight during Monday's preseason game between the Washington  Wizards and Chicago Bulls.	CONTRADICTION
1787	This example is World	West Palm Beach, FL (Sports Network) - Tom Lehman will be named the United States Ryder Cup captain for the 2006 matches, according to The Palm Beach Post.	CONTRADICTION
1788	This example is Business	Denver, CO (Sports Network) - Colorado Rockies pitcher Denny Neagle was arrested early Friday for allegedly paying a woman \$40 for oral sex, the Rocky Mountain News reported.	CONTRADICTION
1789	This example is Sci/Tech	 PHILADELPHIA (Sports Network) - The Philadelphia Phillies  have picked up the option for next season on closer Billy  Wagner. Under the terms of the contract, Wagner will make \$9  million in 2005. If the club not exercised the option, Wagner  would have been owed a \$3 million buyout and would have been  eligible to file for free agency.	CONTRADICTION
1790	This example is Sci/Tech	 ATHENS (Reuters) - Argentina won its first Olympic gold  medal in 52 years in the soccer final Saturday, while the U.S.  women's basketball team atoned for their men's failure by  storming to victory.	CONTRADICTION
1791	This example is Sci/Tech	Boston, MA (Sports Network) - Two former members of the New York Yankees who got into a bullpen brawl with a groundskeeper at Fenway Park last year accepted pre-trial probation in order to have charges against them dropped in six months.	CONTRADICTION
1792	This example is World	CBC SPORTS ONLINE - The Houston Astros aren #39;t pitching future Hall of Famer Roger Clemens or 20-game-winner Roy Oswalt in Game 1 of the National League Championship Series.	CONTRADICTION
1793	This example is Business	"AP - Federal regulators on Wednesday fined CBS a record  #36;550,000 for Janet Jackson's ""wardrobe malfunction,"" which exposed the singer's breast during this year's Super Bowl halftime show."	CONTRADICTION
1794	This example is Business	Eden Prairie, MN (Sports Network) - The Minnesota Vikings added some much- needed depth to its secondary on Tuesday by signing veterans Terrance Shaw and Ralph Brown.	CONTRADICTION
1795	This example is Sci/Tech	 NEW ORLEANS (Sports Network) - Dustin Almond passed for 299  yards with a touchdown and rushed for another score to lead the  Southern Mississippi Golden Eagles to a 31-10 victory over the  North Texas Mean Green in the New Orleans Bowl at the  Superdome.	CONTRADICTION
1796	This example is Business	Nyon, Switzerland (Sports Network) - UEFA has opened disciplinary proceedings against Valencia and Werder Bremen after a heated Champions League match Tuesday night between the two clubs.	CONTRADICTION
1797	This example is Sci/Tech	Elmont. NY (Sports Network) - Belmont Stakes winner Birdstone has been retired because of a bone chip in his left front ankle. The announcement was made on Wednesday by the husband of owner Marylou Whitney.	CONTRADICTION
1798	This example is Business	 CHICAGO (Sports Network) - Seven-time All-Star and six-time  World Champion Scottie Pippen is reportedly expected to  announce his retirement from the Chicago Bulls Tuesday.	CONTRADICTION
1799	This example is World	Dunfermline, Scotland (Sports Network) - Celtic re-gained its one point edge over rivals Rangers with a 2-0 win at East End Park Sunday.	CONTRADICTION
1800	This example is Business	Greensboro, NC (Sports Network) - Brent Geiberger posted a five-under 67 on Friday to move into the lead after the second round of the Chrysler Classic of Greensboro.	CONTRADICTION
1801	This example is Business	AP - Czech Republic national ice hockey team coach, and former Pittsburgh Penguins coach, Ivan Hlinka died Monday after sustaining serious injuries in a car crash, an official said.	CONTRADICTION
1802	This example is Sci/Tech	 NEW YORK (Reuters) - Jon Lieber pitched seven shutout  innings and John Olerud cracked a two-run homer as the New York  Yankees dumped the Boston Red Sox 3-1 on Wednesday to take  command of the American League championship series.	CONTRADICTION
1803	This example is Sci/Tech	 SAN FRANCISCO (Reuters) - When the San Francisco Giants  play baseball, slugger Barry Bonds and the other players are  far from the only ones thinking about hitting home runs.	CONTRADICTION
1804	This example is Business	Houston, TX (Sports Network) - Gerry Hunsicker has announced his resignation as general manager of the Houston Astros. Tim Purpura, who had been serving as the assistant general manager, has been named the new GM of the team.	CONTRADICTION
1805	This example is Business	Reuters - Randy Johnson struck out 14 batters in\8 1/3 innings to help the Arizona Diamondbacks end a nine-game\losing streak with a 2-0 win over the New York Mets on Sunday.	CONTRADICTION
1806	This example is World	Minneapolis, MN (Sports Network) - The Minnesota Timberwolves tacked on one more game to the suspension of center Michael Olowokandi, who was jailed early Thursday morning for refusing to leave an Indianapolis nightclub.	CONTRADICTION
1807	This example is Business	 WINNIPEG, Manitoba (Reuters) - Police in Regina,  Saskatchewan, said on Monday they are searching for fans who  hurled eggs and dumped manure at the home of a Canadian  Football League player who missed a critical kick in a  semifinal game on Sunday.	CONTRADICTION
1808	This example is Sci/Tech	Mamaroneck, NY (Sports Network) - Ryan Moore, the medalist in stroke play, dispatched Jeff Overton, 3  amp; 2 in one of Saturday #39;s semifinal matches to reach Sunday #39;s 36-hole final at the US Amateur Championship at Winged Foot Golf Club.	CONTRADICTION
1809	This example is World	CBC SPORTS ONLINE - Free-agent first baseman Richie Sexson is the newest member of the Seattle Mariners. The four-year deal, which was contingent on Sexson passing a physical, was announced Wednesday and is reportedly worth \$10 million US per season.	CONTRADICTION
1810	This example is Sci/Tech	 NEW YORK (Sports Network) - The NBA showed no mercy on  Sunday, suspending Indiana's Ron Artest for the remainder of  the season for his part in a brawl between the Pacers and the  Detroit Pistons on Friday night.	CONTRADICTION
1811	This example is Business	Brussels, Belgium (Sports Network) - Former world No. 1 Justine Henin-Hardenne has decided against playing any more tennis for the rest of 2004.	CONTRADICTION
1812	This example is World	 FLOWERY BRANCH, Ga. (Sports Network) - Atlanta Falcons  running back T.J. Duckett is expected to undergo minor  arthroscopic surgery on his left knee Tuesday and will miss  this Saturday's home game against Carolina.	CONTRADICTION
1813	This example is Business	AP - Indiana University agreed to pay  #36;35,000 to former basketball assistant Ron Felling, who was fired by Bob Knight after a postgame confrontation in 1999.	CONTRADICTION
1814	This example is World	Oakland, CA (Sports Network) - On the day that Jose Guillen and the Anaheim Angels were to appear in front of an arbitrator, the two sides reached an undisclosed financial settlement Friday.	CONTRADICTION
1815	This example is Business	Seoul, Korea (Sports Network) - Wimbledon champion Maria Sharapova was an easy quarterfinal winner Friday at the \$140,000 Korea Open Tennis Championships.	CONTRADICTION
1816	This example is Sci/Tech	Kansas City, MO (Sports Network) - Lamar Hunt appears ready to get out of Major League Soccer and sever ties with the Kansas City Wizards.	CONTRADICTION
1817	This example is Business	Los Angeles, CA (Sports Network) - San Diego Padres shortstop Khalil Greene is expected to miss the rest of the season with a broken bone in his right index finger.	CONTRADICTION
1818	This example is Sci/Tech	 ATHENS (Reuters) - American Paul Hamm, who became the first  American to win the Olympics men's all-round gymnastics title,  should not have been awarded the gold, the sport's governing  body ruled Saturday.	CONTRADICTION
1819	This example is Sci/Tech	Filderstadt, Germany (Sports Network) - Former champion Mary Pierce of France and 2002 runner-up Daniela Hantuchova of Slovakia were opening-round winners on Tuesday, but sixth-seeded Russian Vera Zvonareva was an upset victim at the \$650,000 Porsche 	CONTRADICTION
1820	This example is Business	Liverpool, England (Sports Network) - Former English international and Liverpool great Emlyn Hughes passed away Tuesday from a brain tumor.	CONTRADICTION
1821	This example is World	Gainesville, FL (Sports Network) - Steve Spurrier will not coach the Florida Gators again after he withdrew his name from consideration in the process to select a new head football coach at the university.	CONTRADICTION
1822	This example is World	MALELANE, South Africa (Sports Network) -- Unheralded Bruce McDonald, a 23-year-old from Zimbabwe, posted a 6-under-par 66 on Thursday to take a one-shot lead over tournament favorite Ernie Els after the opening round of the Alfred Dunhill Championship.	CONTRADICTION
1823	This example is World	Athens, Greece (Sports Network) - Alexandre Despatie of Canada was the top qualifier as he moved into the semifinals of the men #39;s 3-meter springboard diving competition on Monday.	CONTRADICTION
1824	This example is Sci/Tech	Delray Beach, FL (Sports Network) - Defending champion Jan-Michael Gambill of the United States was upended by Croatian Mario Ancic during first round action of the International Tennis Championships on Monday.	CONTRADICTION
1825	This example is World	Barcelona, Spain (Sports Network) - Barcelona #39;s Henrik Larsson appears likely to miss the remainder of the season after it was discovered that he tore the anterior cruciate ligament in his left knee.	CONTRADICTION
1826	This example is Sci/Tech	 SALT LAKE CITY (Sports Network) - Utah Jazz forward Andrei  Kirilenko signed a six-year, \$86 million contract extension  with the team Friday. The deal, which culminated three months  of negotiations, will kick in next season.	CONTRADICTION
1827	This example is Sci/Tech	Athens, Greece (Sports Network) - Nia Abdallah won the first United States medal ever in women #39;s taekwondo Friday, fighting her way through three rounds before falling in the under-57kg gold medal match and earning a silver.	CONTRADICTION
1828	This example is World	Athens, Greece (Sports Network) - Mia Hamm, Kristine Lilly, Joy Fawcett, Brandi Chastain and Julie Foudy all played together in the groundbreaking 1991 women #39;s World Cup.	CONTRADICTION
1829	This example is World	Manchester, England (Sports Network) - England beat Wales 2-0 Saturday in an intense World Cup qualifier at Old Trafford. The victory was bittersweet for England as captain David Beckham fractured a rib late in the win.	CONTRADICTION
1830	This example is Sci/Tech	 SYRACUSE, N.Y. (Sports Network) - Hakim Warrick netted 19  points and Syracuse roared out to an early 24-0 lead as the  sixth-ranked Orange opened their 2004-05 season with a 104-54  pasting of Northern Colorado in the opening round of the  Coaches vs. Cancer Classic at the Carrier Dome.	CONTRADICTION
1831	This example is World	 PITTSBURGH (Sports Network) - The Pittsburgh Steelers  defense suffered a major blow on Wednesday when the team placed  Pro Bowl nose tackle Casey Hampton and safety Mike Logan on the  reserved/injured list, effectively ending the season for both  players.	CONTRADICTION
1832	This example is Sci/Tech	Charlotte, NC (Sports Network) - Carolina Panthers running back DeShaun Foster will miss the rest of the season due to a broken collarbone.	CONTRADICTION
1833	This example is World	CBC SPORTS ONLINE - The Houston Rockets welcomed aboard reigning scoring champion Tracy McGrady with open arms and an open wallet.	CONTRADICTION
1834	This example is Sci/Tech	Lincoln, NE (Sports Network) - Bobby Purify ran for 130 yards with a touchdown and Joel Klatt threw for 222 yards with a score, as Colorado kept its Big 12 title hopes alive and sent Nebraska to its first losing season in 43 years with a 26-20 victory in 	CONTRADICTION
1835	This example is World	 ANAHEIM, Calif., (Sports Network) - The Arizona  Diamondbacks continued their offseason makeover Friday as they  signed free agent pitcher Russ Ortiz to a four-year contract.	CONTRADICTION
1836	This example is Sci/Tech	Eden Prairie, MN (Sports Network) - The Minnesota Vikings attempted to shore up their kicking game Tuesday when the team signed veteran Morten Andersen and released Brett Conway.	CONTRADICTION
1837	This example is Business	Madrid, Spain (Sports Network) - Spanish favorites Albert Costa and Alex Corretja highlighted Monday #39;s opening round winners at the Masters Series Madrid.	CONTRADICTION
1838	This example is Sci/Tech	East Rutherford, NJ (Sports Network) - New York Giants wide receiver Tim Carter is expected to miss the remainder of the season after suffering a fractured hip during this past Sunday #39;s game against Dallas.	CONTRADICTION
1839	This example is Business	 ATHENS (Reuters) - Reigning champions Serbia and  Montenegro, hit by a virus, were eliminated from the men's  Olympic volleyball tournament Wednesday in an outstanding match  with Russia.	CONTRADICTION
1840	This example is Business	CBC SPORTS ONLINE - David Hearn became the latest Canadian to qualify for the PGA Tour, earning his card by a single stroke. Hearn, from Brampton, Ont.	CONTRADICTION
1841	This example is Sci/Tech	Porto, Portugal (Sports Network) - Champions League play began Tuesday and Groups G and H featured few surprises, as Valencia, Inter Milan and Chelsea all emerged victorious.	CONTRADICTION
1842	This example is Business	CBC SPORTS ONLINE - Soccer legend Diego Maradona will return to Cuba to continue his drug rehabilitation with the permission of a federal judge.	CONTRADICTION
1843	This example is Sci/Tech	 HELSINKI (Reuters) - Finland and Sweden drew 4-4 draw in a  pulsating World Cup ice hockey match on Saturday that put the  Finns one step closer to a semi-final berth.	CONTRADICTION
1844	This example is World	London, England (Sports Network) - Just four days after racist chants marred a friendly between England and Spain, Birmingham City says striker Dwight Yorke was racially abused during a match at Blackburn on Sunday.	CONTRADICTION
1845	This example is Business	Glasgow, Scotland (Sports Network) - Scotland national team coach Berti Vogts stepped down Monday following a nightmare start to the World Cup qualifying campaign.	CONTRADICTION
1846	This example is World	Liverpool, England (Sports Network) - Antonio Nunez arrived at Liverpool Tuesday as part of the deal that sent Michael Owen to Spanish giant Real Madrid. 	CONTRADICTION
1847	This example is Business	 NEW YORK (Reuters) - Ben Broussard belted a two-run homer  in the third inning to give the Cleveland Indians a 5-2 win  over the Minnesota Twins to salvage a split of a unique  doubleheader on the final day of the American League regular  season.	CONTRADICTION
1848	This example is Business	Anaheim, CA (Sports Network) - The New York Yankees are reportedly closing in on acquiring free-agent starting pitcher Carl Pavano.	CONTRADICTION
1849	This example is World	 ATLANTA (Sports Network) - The Atlanta Hawks waived center  Jelani McCoy Tuesday and activated guard Royal Ivey from the  injured list.	CONTRADICTION
1850	This example is World	Palm Harbor, FL (Sports Network) - Vijay Singh, the top-ranked player in the world, moved a step closer to his ninth victory of the season on Saturday as he posted a four-under 67 to take the 54-hole lead of the Chrysler Championship.	CONTRADICTION
1851	This example is Sci/Tech	Ashburn, VA (Sports Network) - The Washington Redskins have released safety Ifeanyi Ohalete, a starter for 15 games last season. 	CONTRADICTION
1852	This example is Sci/Tech	 CINCINNATI (Sports Network) - Cincinnati Bengals wide  receiver Peter Warrick is doubtful for Sunday's game against  Cleveland because of a shin injury.	CONTRADICTION
1853	This example is World	 BOSTON (Sports Network) - Larry Walker had hits in each of  his first four at-bats, including a homer, helping the St.  Louis Cardinals rally from a five- run deficit to tie the Red  Sox at 7-7 after six innings.	CONTRADICTION
1854	This example is World	Palm Beach Gardens, FL (Sports Network) - The PGA of America announced on Monday that the PGA Grand Slam of Golf will remain at Poipu Bay Golf Course in 2005.	CONTRADICTION
1855	This example is Business	St. Louis, MO (Sports Network) - Hector Luna tripled and scored the winning run on Reggie Sanders #39; pinch-hit single in the 11th inning, as the St.	CONTRADICTION
1856	This example is Sci/Tech	 STOCKHOLM (Reuters) - Toronto Maple Leafs captain Mats  Sundin shone in Sweden's opening 5-2 win over Germany at the  World Cup of Hockey Tuesday, scoring once and providing two  assists in a match with contrasting team tactics.	CONTRADICTION
1857	This example is World	(Sports Network) - Johan Santana is unbeaten (14-0) in 16 starts since the All- Star break and has an amazing ERA of 1.13 in that span.	CONTRADICTION
1858	This example is Business	 NEW ORLEANS (Sports Network) - New Orleans Hornets guard  Baron Davis is expected to be sidelined one-to-two weeks  because of a lower back injury.	CONTRADICTION
1859	This example is Business	Washington, DC (Sports Network) - Owners voted 29-1 on Friday to approve the proposed move of the Montreal Expos to Washington for the 2005 season.	CONTRADICTION
1860	This example is Business	 MIAMI (Sports Network) - Hurricane Frances has already  affected Major League Baseball this weekend as five games have  been postponed.	CONTRADICTION
1861	This example is World	 CHICAGO (Sports Network) - Peyton Manning threw four  touchdown passes and Edgerrin James ran for 204 yards with a  score, as the Indianapolis Colts rolled to a 41-10 victory over  the Chicago Bears at Soldier Field.	CONTRADICTION
1862	This example is World	Chicago, IL (Sports Network) - Chicago White Sox pitcher Jon Garland has agreed to a one-year, \$3.4 million contract, avoiding salary arbitration.	CONTRADICTION
1863	This example is Business	London, England (Sports Network) - In Sunday #39;s only Premiership match, Bolton Wanderers moved back into the league #39;s fourth position after beating Newcastle United 2-1.	CONTRADICTION
1864	This example is Business	 EAST RUTHERFORD, N.J. (Sports Network) - New York Giants  safety Shaun Williams was placed on injured reserve Wednesday  due to a left knee injury.	CONTRADICTION
1865	This example is Sci/Tech	Englewood, CO (Sports Network) - Denver Broncos fullback Mike Anderson is expected to miss the entire 2004 season because of a severe groin tear.	CONTRADICTION
1866	This example is World	Reuters - When Joe Gibbs last coached in\the NFL in the 1992 season there were no teams in Jacksonville\or Carolina.	CONTRADICTION
1867	This example is Business	Denver, CO (Sports Network) - Denver forward Carmelo Anthony had marijuana charges dropped by the city district attorney Wednesday.	CONTRADICTION
1868	This example is Business	Los Angeles, CA (Sports Network) - The Los Angeles Clippers Monday exercised the contract option for the 2005-06 season on forward Chris Wilcox.	CONTRADICTION
1869	This example is World	Los Angeles, CA (Sports Network) - Rick Majerus accepted an offer to become the head basketball coach at Southern California and was introduced Wednesday afternoon.	CONTRADICTION
1870	This example is Sci/Tech	 LONDON (Reuters) - Walt Disney-owned sports channel ESPN is  holding talks with broadcasters in Europe about launching a  European version of its 24-hour U.S. channel.	CONTRADICTION
1871	This example is Sci/Tech	Jacksonville, FL (Sports Network) - It looks like West Virginia will be headed to the Gator Bowl, again. Following consecutive losses that dropped them out of the national rankings, the Mountaineers (8-3, 4 	CONTRADICTION
1872	This example is Business	Glasgow, Scotland (Sports Network) - Rangers striker Nacho Novo won his appeal against a red card Friday and will be eligible to play in the Old Firm derby on Saturday.	CONTRADICTION
1873	This example is World	 KANSAS CITY, Mo., (Sports Network) - Kansas City Chiefs  running back Priest Holmes is questionable for Sunday's game  against Houston because of a sprained ankle.	CONTRADICTION
1874	This example is Business	 SAN FRANCISCO (Reuters) - The Oakland Raiders have traded  Jerry Rice to the Seattle Seahawks in a move expected to grant  the most prolific receiver in National Football League history  his wish to get more playing time.	CONTRADICTION
1875	This example is Sci/Tech	 TRINEC, Czech Republic (Reuters) - It's not uncommon for  Ottawa Senators forward Radek Bonk and New York Rangers forward  Jaromir Jagr to meet up on a sheet of ice and play hockey --  unless it's in their native Czech Republic.	CONTRADICTION
1876	This example is Sci/Tech	AP - Mel Thomas led No. 11 Connecticut with 12 points, snapping St. John's 11 game-winning streak with a 60-32 victory on Sunday.	CONTRADICTION
1877	This example is Sci/Tech	 TAMPA, Fla. (Sports Network) - Tampa Bay quarterback Brian  Griese will start next Monday's game against St Louis. Chris  Simms is doubtful with a sprained left shoulder.	CONTRADICTION
1878	This example is World	CBC SPORTS ONLINE - It was a sight skiing fans have become all too familiar with this season - Bode Miller standing on top of the medal podium.	CONTRADICTION
1879	This example is Sci/Tech	 NEW YORK (Sports Network) - The New York Jets and  quarterback Chad Pennington are close to a deal that would make  the quarterback the highest- paid player in franchise history.	CONTRADICTION
1880	This example is Sci/Tech	 NEW YORK (Reuters) - Albert Pujols homered for the fifth  time in the last four games and drove in five runs as the St  Louis Cardinals routed the Cincinnati Reds 10-5 in National  League play at Busch Stadium on Monday.	CONTRADICTION
1881	This example is World	 BATON ROUGE, La. (Sports Network) - LSU has named Les Miles  its new head football coach, replacing Nick Saban.	CONTRADICTION
1882	This example is World	Hempstead, NY (Sports Network) - The New York Jets on Thursday extended the contract of executive vice president and general manager Terry Bradway through the 2007 season.	CONTRADICTION
1883	This example is Sci/Tech	New York, NY (Sports Network) - Pistons forward Antonio McDyess was fined \$5,000 Wednesday for kicking a basketball into the crowd during Detroit #39;s season-opening win over the Houston Rockets.	CONTRADICTION
1884	This example is Business	Rotterdam, the Netherlands (Sports Network) - A top of the table clash between Schalke of the German Bundesliga and Dutch power Feyenoord highlights Matchday 4 of the UEFA Cup group stage.	CONTRADICTION
1885	This example is Sci/Tech	 BOISE, Idaho (Sports Network) - Boise State coach Dan  Hawkins signed a five-year, \$2.6 million contract extension  Tuesday. The deal keeps Hawkins under contract through the 2009  season.	CONTRADICTION
1886	This example is World	Southampton, England (Sports Network) - Southampton and manager Paul Sturrock have agreed to an amicable separation, effective immediately.	CONTRADICTION
1887	This example is World	Los Angeles, CA (Sports Network) - Karl Dorrell, head football coach at UCLA, agreed to a two-year contract extension Friday that will keep him at the school through the 2010 season.	CONTRADICTION
1888	This example is Business	 NEW YORK (Reuters) - Donovan McNabb passed for one  touchdown and rushed for another as the Philadelphia Eagles won  their fourth straight division title with a 27-6 win over the  New York Giants in the NFL Sunday.	CONTRADICTION
1889	This example is World	 PHOENIX (Sports Network) - Free agent third baseman Troy  Glaus is reportedly headed to the Arizona Diamondbacks.	CONTRADICTION
1890	This example is Business	Buffalo, NY (Sports Network) - The Buffalo Sabres have agreed to terms with 2003 first round draft choice Thomas Vanek on a three year entry-level contract.	CONTRADICTION
1891	This example is Business	Champaign, IL (Sports Network) - The University of Illinois has fired head football coach Ron Turner. Turner just completed his eighth year at Illinois, compiling a 35-57 record with just two winning seasons.	CONTRADICTION
1892	This example is World	Reuters - XM Satellite Radio on Wednesday said\it signed a  #36;650 million deal to broadcast Major League\Baseball games for 11 years, countering a rival's moves to sign\up high-profile programing that will lure listeners to the new\medium.	CONTRADICTION
1893	This example is Sci/Tech	 ATHENS (Reuters) - Portugal were bundled out of the men's  soccer tournament at the Athens Olympics on Wednesday after a  humiliating 4-2 defeat by Costa Rica.	CONTRADICTION
1894	This example is World	 THESSALONIKI, Greece (Reuters) - Iraq's Olympic soccer  coach said Monday his side should not be seen as a symbol of  freedom, taking issue with a campaign commercial for President  Bush.	CONTRADICTION
1895	This example is Business	 EAST RUTHERFORD, New Jersey (Sports Network) - The New York  Giants will be without Shaun Williams for some time after the  strong safety suffered a tear in his left knee during Friday's  practice.	CONTRADICTION
1896	This example is Business	Miami, FL (Sports Network) - Former Dolphins running back Ricky Williams was ordered by an arbitrator Friday to pay a huge sum of money to Miami, which filed a grievance against the star after he retired just prior to training camp this season.	CONTRADICTION
1897	This example is World	Athens, Greece (Sports Network) - Argentina snapped a 58-game winning streak by the United States two years ago at the World Championships.	CONTRADICTION
1898	This example is Sci/Tech	Arlington, TX (Sports Network) - The Texas Rangers announced Friday that they have re-signed right-handed pitcher Doug Brocail to a one-year contract.	CONTRADICTION
1899	This example is Sci/Tech	AP - Don't expect major league baseball to discipline Barry Bonds, Jason Giambi and Gary Sheffield over reported admissions of steroid use.	CONTRADICTION
1900	This example is Sci/Tech	 BOSTON (Sports Network) - When the lights go on Saturday at  Fenway Park it will be exactly 18 years to the day the last  World Series game was played at the famed stadium.	CONTRADICTION
1901	This example is Business	London, England (Sports Network) - According to Formula One boss Bernie Ecclestone, the British Grand Prix will be left off next year #39;s Formula One Grand Prix Schedule.	CONTRADICTION
1902	This example is World	 PHOENIX (Sports Network) - The Arizona Diamondbacks made a  big splash in the free-agent market on Thursday by signing  third baseman Troy Glaus to a four-year contract.	CONTRADICTION
1903	This example is Business	Birmingham, England (Sports Network) - Aston Villa striker Darius Vassell will be out for an  quot;extended period quot; due to a fractured ankle.	CONTRADICTION
1904	This example is Sci/Tech	 STARKVILLE, Miss. (Sports Network) - Lawrence Roberts  scored 19 points and pulled down 13 rebounds to lead  15th-ranked Mississippi State to a 66-52 victory over South  Alabama at Humphrey Coliseum.	CONTRADICTION
1905	This example is Sci/Tech	 TORONTO (Sports Network) - Toronto Raptors All-Star  swingman Vince Carter was placed on the injured list Friday  after tests revealed a mild strain of his left Achilles'  tendon.	CONTRADICTION
1906	This example is Business	 TORONTO (Sports Network) - Toronto Raptors All-Star  swingman Vince Carter was placed on the injured list Friday  after tests revealed a mild strain of his left Achilles'  tendon.	CONTRADICTION
1907	This example is Sci/Tech	 NEW YORK (Sports Network) - The NFL handed down fines to 15  players involved in a scuffle between the Minnesota Vikings and  Chicago Bears on Sept. 26.	CONTRADICTION
1908	This example is Sci/Tech	New York, NY (Sports Network) - According to a published report, the New York Yankees have finally landed ace lefthander Randy Johnson.	CONTRADICTION
1909	This example is Sci/Tech	 EAST RUTHERFORD, NJ (Sports Network) - New Jersey guard  Jason Kidd practiced with the team for the first time since  undergoing knee surgery in July and he could be on the court  Monday.	CONTRADICTION
1910	This example is Business	Madrid, Spain (Sports Network) - Real Madrid and English international defender Jonathan Woodgate re-injured his left thigh during practice Thursday.	CONTRADICTION
1911	This example is Business	 ATHENS (Reuters) - In a baseball battle of gold-medal  contenders, Japan banged three home runs to defeat Cuba 6-3  Tuesday, as starter Daisuke Matsuzaka pitched into the ninth.	CONTRADICTION
1912	This example is World	Athens, Greece (Sports Network) - Hicham El Guerrouj of Morocco came into these Olympics without a gold medal, but now he has two after winning the men #39;s 5000 meters Saturday night.	CONTRADICTION
1913	This example is Business	 MADISON, Wisconsin (Sports Network) - Anthony Davis ran for  122 yards and two touchdowns to lead No. 6 Wisconsin over  Northwestern, 24-12, to celebrate Homecoming weekend at Camp  Randall Stadium.	CONTRADICTION
1914	This example is Sci/Tech	 ATHENS (Reuters) - The unbeaten U.S. women's basketball  team cruised to another victory Wednesday, pummeling Greece  102-72 to advance to the Olympic semi-finals.	CONTRADICTION
1915	This example is World	Starkville, MS (Sports Network) - Mississippi State quarterback Omarr Conner is expected to miss at least three weeks after spraining a ligament in his right knee during Saturday #39;s 51-0 drubbing to LSU.	CONTRADICTION
1916	This example is World	 CHARLOTTE, North Carolina (Sports Network) - Carolina  Panthers wide receiver Steve Smith underwent successful surgery  on his broken left leg Tuesday and needs at least eight weeks  to rehab.	CONTRADICTION
1917	This example is Business	Barcelona, Spain (Sports Network) - Real Madrid coach Jose Antonio Camacho tried to shake things up with some major changes to his lineup.	CONTRADICTION
1918	This example is World	Loudon, NH (Sports Network) - Kurt Busch led the most laps (155) and captured the Sylvania 300 Nextel Cup race at the New Hampshire International Speedway.	CONTRADICTION
1919	This example is Sci/Tech	 PITTSBURGH (Sports Network) - Pittsburgh Steelers starting  quarterback Tommy Maddox will be sidelined at least six weeks  after suffering a right elbow injury during Sunday's 30-13 loss  to Baltimore.	CONTRADICTION
1920	This example is World	Los Angeles, CA (Sports Network) - The Los Angeles Dodgers have signed manager Jim Tracy to a two-year contract extension, keeping him with the club through the 2006 season.	CONTRADICTION
1921	This example is Business	Hasselt, Belgium (Sports Network) - Third-seeded Russian Elena Bovina was an easy opening-round winner Monday at the inaugural Gaz de France Stars tennis event, where Belgian star Kim Clijsters will see her first action since early May this week.	CONTRADICTION
1922	This example is Sci/Tech	 BALTIMORE, Maryland (Sports Network) - The Baltimore Ravens  Saturday placed linebacker Peter Boulware on the physically  unable to perform list and the veteran will miss at least the  first six games of the upcoming season.	CONTRADICTION
1923	This example is Business	 LAKE FOREST, Ill. (Sports Network) - Chicago Bears  linebacker Brian Urlacher is expected to undergo an MRI exam  this week to determine the severity of a left hamstring injury  he sustained in this past Sunday's game against Jacksonville.	CONTRADICTION
1924	This example is Business	 ANN ARBOR, Mich. (Sports Network) - Dion Harris dropped in  a game-high 24 points in helping to lead the Michigan  Wolverines to a 69-60 victory over the Colorado Buffaloes in  the second round of the Preseason NIT from Crisler Arena.	CONTRADICTION
1925	This example is Sci/Tech	Chicago, IL (Sports Network) - The Cleveland Cavaliers activated forward/center Scott Williams from the injured list on Wednesday.	CONTRADICTION
1926	This example is Business	AP - 1911  #151; Cy Young, 44, beat the Pittsburgh Pirates 1-0 for his 511th and final major league victory.	CONTRADICTION
1927	This example is World	 BLOOMFIELD HILLS, Michigan (Reuters) - U.S. Ryder Cup  captain Hal Sutton enlisted the help of basketball great  Michael Jordan to boost his team's morale for this week's match  with a pep talk.	CONTRADICTION
1928	This example is Business	San Jose, CA (Sports Network) - San Jose State head football coach Fitz Hill announced his resignation, effective at season #39;s end.	CONTRADICTION
1929	This example is Sci/Tech	Turin, Italy (Sports Network) - Valentino Castellani, the chief organizer of the Turin Olympic Committee, has announced his decision to resign.	CONTRADICTION
1930	This example is World	 EDEN PRAIRIE, Minn., (Sports Network) - The Minnesota  Vikings suffered a major blow on Wednesday when the club placed  right tackle Mike Rosenthal and tight end Jim Kleinsasser on  injured reserve, ending both players season.	CONTRADICTION
1931	This example is World	 ATLANTA (Sports Network) - Atlanta Braves starting pitcher  Jaret Wright left Tuesday's game against the New York Mets with  a bruised right ankle.	CONTRADICTION
1932	This example is World	Houston, TX (Sports Network) - Brett Favre engineered three scoring drives in the fourth quarter, the final one ending with a 46-yard field goal by Ryan Longwell as time expired, to lift the Green Bay Packers to a 16-13 victory over the Houston Texans.	CONTRADICTION
1933	This example is Sci/Tech	AP - The Miami Dolphins have asked Ricky Williams to return  #36;8.6 million they say the running back owes the team because he has decided to retire.	CONTRADICTION
1934	This example is Sci/Tech	St. Petersburg, FL (Sports Network) - Tampa Bay Devil Rays centerfielder Rocco Baldelli is scheduled to undergo knee surgery on Friday.	CONTRADICTION
1935	This example is Sci/Tech	 ANAHEIM, Calif., (Sports Network) - The Anaheim Angels on  Friday signed veteran free-agent outfielder Steve Finley to a  two-year deal worth \$14 million, with a club option for the  2007 season.	CONTRADICTION
1936	This example is World	 TAMPA, Fla. (Sports Network) - Tyler Palko threw for a  career-high 411 yards and five touchdowns, leading 19th-ranked  Pittsburgh to a 43-14 drubbing of South Florida at Raymond  James Stadium.	CONTRADICTION
1937	This example is Sci/Tech	 COLUMBIA, S.C. (Sports Network) - The University of South  Carolina has scheduled a news conference for 1 p.m. EST Tuesday  when it is expected to announce that Steve Spurrier will take  over as the school's new head football coach.	CONTRADICTION
1938	This example is Business	 TORONTO (Reuters) - National Hockey League teams appeared  united in their determination to solve the league's economic  problems as the NHL's lockout of players became official on  Thursday.	CONTRADICTION
1939	This example is Sci/Tech	East Rutherford, NJ (Sports Network) - Retired NBA center and seven-time All- Star Alonzo Mourning is going to give his playing career one more shot.	CONTRADICTION
1940	This example is Business	 NEW ORLEANS (Sports Network) - Auburn's defense solidified  its status as one of the nation's toughest, despite a late-game  scare, and the Tigers completed the first perfect season in  school history with a 16-13 Sugar Bowl victory over Virginia  Tech on Monday night.	CONTRADICTION
1941	This example is World	 NEW YORK (Reuters) - Albert Pujols and Scott Rolen hit  back-to-back home runs in the eighth inning to lead the St  Louis Cardinals to a 6-4 win over the Houston Astros in Game  Two of the NL Championship Series at Busch Stadium on Thursday.	CONTRADICTION
1942	This example is Sci/Tech	AP - Free agent closer Bob Wickman agreed to a  #36;2.75 million, one-year deal Wednesday and returned to the Cleveland Indians, whose shaky bullpen without him early last season cost them any chance of winning the AL Central.	CONTRADICTION
1943	This example is Business	Reuters - The Portland Trail Blazers fined\forward Zach Randolph for missing the team flight to Toronto,\where they will meet the Raptors Sunday afternoon.	CONTRADICTION
1944	This example is Sci/Tech	AP - Guard Dajuan Wagner will become a free agent after this season because the Cleveland Cavaliers declined their  #36;3.4 million contract option for 2005-06 on Friday.	CONTRADICTION
1945	This example is Business	AP - Ray Nelson threw for 321 yards and five touchdowns and Samford defeated West Alabama 34-20 on Saturday night in the season opener for both teams.	CONTRADICTION
1946	This example is Business	Toronto, ON (Sports Network) - Alexei Kovalev and Sergei Samsonov scored 3:46 apart in the second period to give Russia the lead for good on the way to a 5-2 win over Slovakia in the World Cup #39;s preliminary round finale at the Air Canada Centre.	CONTRADICTION
1947	This example is World	Chicago, IL (Sports Network) - The Chicago White Sox and infielder Juan Uribe avoided arbitration Thursday by agreeing to terms on a three-year, \$9.75 million contract with a club option for 2008.	CONTRADICTION
1948	This example is Business	 PITTSBURGH (Sports Network) - Steelers wide receiver  Plaxico Burress' injured hamstring will keep him out for a  third straight game when Pittsburgh welcomes the New York Jets  to town Sunday.	CONTRADICTION
1949	This example is World	Manchester, England (Sports Network) - Manchester United confirmed on its website Wednesday that is has made an offer to Everton for young striker Wayne Rooney.	CONTRADICTION
1950	This example is World	AP - The NFL agreed Monday to  #36;8 billion in contract extensions with Fox and CBS to televise Sunday afternoon games for six more years, deals that would also allow the league to show better matchups late in the season in prime time.	CONTRADICTION
1951	This example is World	AP - 1931  #151; Lefty Grove, winner of 31 games for the Philadelphia A's, was named the American League MVP.	CONTRADICTION
1952	This example is World	AP - 1932  #151; Brooklyn's Johnny Frederick hit his sixth pinch home run of the season, a major league record, in the ninth inning to spark the Dodgers to a 4-3 triumph over the Chicago Cubs at Ebbets Field.	CONTRADICTION
1953	This example is Sci/Tech	Flushing Meadows, NY (Sports Network) - When the United States meets Belarus in their Davis Cup semifinal later this month, former world No.	CONTRADICTION
1954	This example is Business	Palm Desert, CA (Sports Network) - Grace Park continued her scoring frenzy at Bighorn Golf Club on Friday with a five-under 67 to open a four-shot advantage after the second round of the Samsung World Championship.	CONTRADICTION
1955	This example is World	 NEW YORK (Reuters) - Albert Pujols and Scott Rolen hit  back-to-back home runs in the eighth inning to lead the St.  Louis Cardinals to a 6-4 win over the Houston Astros in Game  Two of the NL Championship Series at Busch Stadium Thursday.	CONTRADICTION
1956	This example is Business	Toronto, ON (Sports Network) - The Toronto Blue Jays have signed utilityman Frank Menechino to a one-year contract. The deal is worth \$650,000 with an option for 2006.	CONTRADICTION
1957	This example is Sci/Tech	Bronx, NY (Sports Network) - Contrary to previous reports, Mel Stottlemyre will return to the New York Yankees as their pitching coach for the 2005 season.	CONTRADICTION
1958	This example is Sci/Tech	 DETROIT (Sports Network) - The Detroit Tigers have signed  free-agent closer Troy Percival. According to a source, the  deal is for two years and worth \$12 million.	CONTRADICTION
1959	This example is World	CANTON, Ohio (Ticker) -- Legendary quarterback Dan Marino headlines the list of nine first-time nominees for induction to the Pro Football Hall of Fame.	CONTRADICTION
1960	This example is Business	 PITTSBURGH (Sports Network) - Pittsburgh Penguins forward  Mark Recchi has signed a contract to play with TPS Turku of the  Finnish Elite League if the NHL season is canceled.	CONTRADICTION
1961	This example is Business	Monaco, France (Sports Network) - Nice had little working in its favor with the score 3-0 in favor of Monaco in the second half on Saturday night, and a derby loss seemed inevitable.	CONTRADICTION
1962	This example is World	 NEW YORK (Reuters) - Chris Brown rushed for two touchdowns  and 148 yards to lead the Tennessee Titans to a 48-27 win over  the reeling Green Bay Packers in the NFL's Monday night game at  Lambeau Field.	CONTRADICTION
1963	This example is Sci/Tech	Brescia, Italy (Sports Network) - New acquisition Zlatan Ibrahimovic scored in his debut as Juventus dominated Brescia 3-0 Sunday.	CONTRADICTION
1964	This example is Business	 MIAMI (Sports Network) - Frank Gore scored from one yard  out in the final minute to lift the third-ranked Miami  Hurricanes to a 41-38 victory over No. 18 Louisville in a  non-conference thriller at the Orange Bowl.	CONTRADICTION
1965	This example is Sci/Tech	New York, NY (Sports Network) - Kyle Martino has earned Major League Soccer #39;s Player of the Week honor for Week 21 of the 2004 season.	CONTRADICTION
1966	This example is Business	MINNEAPOLIS (AP) -- Brad Radke pitched seven solid innings, Corey Koskie drove in three runs and the Minnesota Twins beat the New York Yankees in the regular season for the first time since 2001 with an 8-2 victory Tuesday night.	CONTRADICTION
1967	This example is Sci/Tech	Chicago, IL (Sports Network) - The Chicago Cubs Thursday declined to pick up the 2005 options on outfielder Moises Alou and second baseman Mark Grudzielanek, making the two veterans free agents.	CONTRADICTION
1968	This example is Sci/Tech	Anaheim, CA (Sports Network) - Free agent starting pitcher Carl Pavano has chosen to join the New York Yankees and the two sides were working on finalizing a contract before the end of the winter meetings.	CONTRADICTION
1969	This example is World	 ATHENS (Reuters) - Athanasia Tsoumeleka won Greece's first  athletics gold of the Olympic Games Monday with an upset  victory in the women's 20km walk.	CONTRADICTION
1970	This example is World	 ATHENS (Reuters) - Athanasia Tsoumeleka won Greece's first  athletics gold of the Olympic Games Monday with an upset  victory in the women's 20km walk.	CONTRADICTION
1971	This example is Sci/Tech	CBC SPORTS ONLINE - There could be more curling medals handed out at the 2010 Vancouver Winter Olympics, if a World Curling Federation proposal is accepted.	CONTRADICTION
1972	This example is World	 EAST RUTHERFORD, N.J., (Sports Network) - Washington  Redskins starting quarterback Mark Brunell suffered an injured  left hamstring in Sunday's 20-14 loss to the New York Giants.	CONTRADICTION
1973	This example is World	Madison, WI (Sports Network) - Anthony Davis ran for 122 yards and two touchdowns to lead No. 6 Wisconsin over Northwestern, 24-12, to celebrate Homecoming weekend at Camp Randall Stadium.	CONTRADICTION
1974	This example is Sci/Tech	Vancouver, BC (Sports Network) - Vancouver Canucks forward Todd Bertuzzi is close to reaching a plea bargain in his assault case, according to the Vancouver Province.	CONTRADICTION
1975	This example is Business	Provo, UT (Sports Network) - Brigham Young University has scheduled a news conference for Wednesday afternoon at which time head football coach Gary Crowton will be fired.	CONTRADICTION
1976	This example is World	Seattle, WA (Sports Network) - The Seattle Mariners have reportedly found a replacement for Bob Melvin and are scheduled to name Mike Hargrove manager.	CONTRADICTION
1977	This example is Sci/Tech	 SEATTLE (Sports Network) - The University of Washington has  named Tyrone Willingham its new head football coach. The school  will have a press conference at 2 p.m. (et) Monday to introduce  him.	CONTRADICTION
1978	This example is Sci/Tech	 NEW YORK (Reuters) - Lamont Thompson returned an  interception 37 yards for a touchdown while the Tennessee  Titans used a smothering defense to beat the Miami Dolphins  17-7 in their National Football League game on Saturday.	CONTRADICTION
1979	This example is World	 NEW YORK (Sports Network) - Portland Trail Blazers head  coach Maurice Cheeks was fined \$7,500 by the league on Monday  for his behavior during this past Friday's game against Utah.	CONTRADICTION
1980	This example is Sci/Tech	Eden Prairie, MN (Sports Network) - Minnesota Vikings center Matt Birk is hampered with possibly another hernia and is expected to miss Sunday #39;s game against the Jacksonville Jaguars.	CONTRADICTION
1981	This example is World	 NEW YORK (Reuters) - New York Yankees slugger Gary  Sheffield says he unknowingly used an illegal steroid obtained  from BALCO during the 2002 season, Major League Baseball's  official Web Site said Tuesday quoting a magazine article.	CONTRADICTION
1982	This example is World	Dover, DE (Sports Network) - Series points leader Martin Truex Jr. earned the win in Saturday afternoon #39;s Stacker 200 Busch race at the Dover International Speedway.	CONTRADICTION
1983	This example is World	Lake Forest, IL (Sports Network) - Chicago Bears quarterback Rex Grossman will miss the remainder of the season after an MRI exam revealed a torn anterior cruciate ligament in his right knee.	CONTRADICTION
1984	This example is Sci/Tech	Zurich, Switzerland (Sports Network) - Slovakian Daniela Hantuchova highlighted Monday #39;s first-round winners, while former top-10 star Mary Pierce of France was among the losers at the \$1.	CONTRADICTION
1985	This example is Business	Houston, TX (Sports Network) - JD Drew singled home Rafael Furcal with the go-ahead run in the top of the ninth and John Smoltz pitched out of a jam in the bottom of the inning, as the Atlanta Braves forced a decisive fifth game of the National League 	CONTRADICTION
1986	This example is Sci/Tech	Houston, TX (Sports Network) - JD Drew singled home Rafael Furcal with the go-ahead run in the top of the ninth and John Smoltz pitched out of a jam in the bottom of the inning, as the Atlanta Braves forced a decisive fifth game of the National League 	CONTRADICTION
1987	This example is Sci/Tech	Barcelona, Spain (Sports Network) - Barcelona #39;s Brazilian defender Edmilson will be out for six months after undergoing surgery Monday on his right knee.	CONTRADICTION
1988	This example is Business	 VANCOUVER (Sports Network) - Vancouver Canucks forward Todd  Bertuzzi is close to reaching a plea bargain in his assault  case, according to the Vancouver Province.	CONTRADICTION
1989	This example is Business	" ATHENS (Reuters) - U.S. Olympic chiefs accused world  gymnastics officials of putting ""outrageous and improper  pressure"" on gold medallist Paul Hamm to give his medal to a  South Korean rival."	CONTRADICTION
1990	This example is Sci/Tech	Athens, Greece (Sports Network) - Anky van Grunsven of the Netherlands successfully defended her gold medal in the individual dressage event on Wednesday at the Olympics.	CONTRADICTION
1991	This example is World	San Diego, CA (Sports Network) - Caron Butler scored 18 points to help the Los Angeles Lakers to a 117-91 preseason victory over the Seattle SuperSonics.	CONTRADICTION
1992	This example is Business	Detroit, MI (Sports Network) - Peyton Manning continued his amazing season, tying a career-high with six touchdown passes, as Indianapolis trounced Detroit, 41-9, in the traditional Thanksgiving Day game at Ford Field.	CONTRADICTION
1993	This example is Business	Athens, Greece (Sports Network) - American middleweight Andre Dirrell lost his semifinal bout to Kazakhstan #39;s Gennadiy Golovkin on Friday, missing an opportunity to advance to the gold medal match.	CONTRADICTION
1994	This example is Business	Los Angeles, CA (Sports Network) - Tim Duncan had 26 points and 16 rebounds to lead the San Antonio Spurs past the Los Angeles Lakers, 105-96.	CONTRADICTION
1995	This example is Sci/Tech	London, England (Sports Network) - England midfielder Steven Gerrard injured his groin late in Thursday #39;s training session, but is hopeful he will be ready for Saturday #39;s World Cup qualifier against Austria.	CONTRADICTION
1996	This example is Business	Loudon, NH (Sports Network) - Jeff Gordon will assume the pole position for Sunday #39;s Sylvania 300 at the New Hampshire International Speedway after a steady rain washed out Friday #39;s qualifying session.	CONTRADICTION
1997	This example is World	Chattanooga, TN (Sports Network) - Justin Rascati and Maurice Fenner each ran for two touchdowns to lead the James Madison Dukes over the Montana Grizzlies, 31-21, in the Division I-AA championship game at Finley Stadium.	CONTRADICTION
1998	This example is Business	 TEMPE, Ariz., (Sports Network) - Arizona Cardinals running  back Emmitt Smith left Sunday's 13-3 loss to the New York Jets  in the first half with a sprained ankle.	CONTRADICTION
1999	This example is Business	Houston, TX (Sports Network) - The Houston Rockets activated guard Tyronn Lue from the injured list prior to Wednesday #39;s game against the Hawks.	CONTRADICTION
2000	This example is Business	Kockelscheuer, Luxembourg (Sports Network) - Aussie Alicia Molik began her quest for a second title in two weeks on Thursday, while top-seeded Argentine Paola Suarez was among the second-round upset victims at the \$225,000 Seat Open Luxembourg.	CONTRADICTION
2001	This example is Sci/Tech	Baltimore, MD (Sports Network) - The Baltimore Orioles have agreed to terms with veteran first baseman/designated hitter Rafael Palmeiro Wednesday to a one-year contract.	CONTRADICTION
2002	This example is Business	Wolfsburg, Germany (Sports Network) - Wolfsburg #39;s magical start to the season is fading fast as the club lost for the third time in four matches Saturday, 3-2 against Hertha Berlin.	CONTRADICTION
2003	This example is Business	 DAYTONA BEACH, Florida (Sports Network) - NASCAR driver  Dale Earnhardt Jr. has been fined \$10,000 for cursing during a  TV interview following his win at Talladega Superspeedway.	CONTRADICTION
2004	This example is Business	 ATHENS (Reuters) - The U.S. men's basketball team salvaged  some pride Saturday, beating Lithuania 104-96 to take the  Olympic bronze medal.	CONTRADICTION
2005	This example is Sci/Tech	 TOKYO (Reuters) - Japanese baseball players and club  representatives reached a deal Thursday to end the first strike  in the 70-year history of the sport in Japan, with owners  agreeing to let newcomers into the leagues as early as next  season.	CONTRADICTION
2006	This example is World	CBC SPORTS ONLINE - The Los Angeles Dodgers landed a dandy Thursday in free-agent infielder Jeff Kent. Kent, 36, agreed to a two-year contract, but financial terms were not disclosed.	CONTRADICTION
2007	This example is World	Orchard Park, NY (Sports Network) - Veteran cornerback Troy Vincent and wide receiver Josh Reed will not play Sunday when the Buffalo Bills host the St.	CONTRADICTION
2008	This example is World	Reuters - Tennessee Titans quarterback\Steve McNair stretched and ran Friday, but did not throw any\passes and is still listed as questionable with a bruised\sternum for Sunday's game against San Diego.	CONTRADICTION
2009	This example is Business	Kansas City, MO (Sports Network) - Kansas City Chiefs running back Priest Holmes is questionable for Sunday #39;s game against Houston because of a sprained ankle.	CONTRADICTION
2010	This example is Sci/Tech	Los Angeles, CA (Sports Network) - Jose Lima tossed a five-hit shutout and Shawn Green homered twice as the Los Angeles Dodgers staved off elimination in the National League Division Series with a 4-0 blanking of the St.	CONTRADICTION
2011	This example is Business	Kansas City, MO (Sports Network) - The Kansas City Royals have extended the contract of outfielder Matt Stairs through the 2005 season.	CONTRADICTION
2012	This example is Business	AP - Brad Radke pitched seven solid innings, Corey Koskie drove in three runs and the Minnesota Twins beat the New York Yankees in the regular season for the first time since 2001 with an 8-2 victory Tuesday night.	CONTRADICTION
2013	This example is Sci/Tech	 DAVIE, Fla. (Sports Network) - Dave Wannstedt resigned  Tuesday as head coach of the Miami Dolphins after the team sunk  to an NFL-worst 1-8 record. Defensive coordinator Jim Bates  will take over as interim coach for the remainder of the  season.	CONTRADICTION
2014	This example is World	Pittsburgh, PA (Sports Network) - The Pittsburgh Pirates agreed to terms Thursday with closer Jose Mesa on a one-year contract, with a club option for 2006.	CONTRADICTION
2015	This example is Business	Lyon, France (Sports Network) - Olympique Lyon #39;s start to the season could not have been much better, until it came to a screeching halt Saturday in a French Ligue 1 match against Strasbourg.	CONTRADICTION
2016	This example is Business	Irving, TX (Sports Network) - Detroit Lions rookie wide receiver Roy Williams was inactive for Sunday #39;s game against the Dallas Cowboys.	CONTRADICTION
2017	This example is Sci/Tech	 FLOWERY BRANCH, Ga. (Sports Network) - The Atlanta Falcons  Monday signed Pro Bowl tight end Alge Crumpler to a six-year  contract extension.	CONTRADICTION
2018	This example is Business	CBC SPORTS ONLINE - The Arizona Diamondbacks, who made a big splash before and during baseball #39;s winter meetings, soon could be facing life without the Big Unit.	CONTRADICTION
2019	This example is Business	 AUBURN HILLS, Mich. (Sports Network) - Ron Artest scored 24  points, as Indiana defeated Detroit 97-82 in a game that was  stopped late in the fourth quarter due to a fight on the court  that spilled into the stands and included the fans.	CONTRADICTION
2020	This example is Business	Bremen, Germany (Sports Network) - Bayern Munich finished in an unfamiliar position last season: second place. Werder Bremen knocked the defending champions off its pedestal during the 2003/04 campaign.	CONTRADICTION
2021	This example is World	Tampa, FL (Sports Network) - Tampa Bay inked former Buc and Super Bowl MVP Dexter Jackson on Tuesday to add depth to its suddenly-thin safety position.	CONTRADICTION
2022	This example is World	 HEMPSTEAD, N.Y., (Sports Network) - New York Jets wide  receiver Santana Moss is probable for Sunday's AFC East  showdown against the red-hot New England Patriots. Both teams  are undefeated and will square off at Gillette Stadium in  Foxboro, MA.	CONTRADICTION
2023	This example is Business	Athens, Greece (Sports Network) - Ilias Iliadis captured Greece #39;s second gold medal of the 2004 Olympics with a thrilling victory over Roman Gontyuk of the Ukraine in the men #39;s under 81kg category in judo on Tuesday. 	CONTRADICTION
2024	This example is Business	Bristol, TN (Sports Network) - Carl Edwards elected to go to the back of the field after spinning during qualifying, but it didn #39;t hurt his chances of victory as he drove all the way to the front and captured Wednesday night #39;s O #39;Reilly 200 Craftsman Truck 	CONTRADICTION
2025	This example is World	 LAKE FOREST, Ill. (Sports Network) - Chicago Bears Pro Bowl  linebacker Brian Urlacher is expected to be sidelined  four-to-six weeks because of a lower left leg injury.	CONTRADICTION
2026	This example is Sci/Tech	 EDEN PRAIRIE, Minn., (Sports Network) - The Minnesota  Vikings added some much- needed depth to its secondary on  Tuesday by signing veterans Terrance Shaw and Ralph Brown.	CONTRADICTION
2027	This example is Business	Maui, HI (Sports Network) - Jeff Horner scored 18 points and Pierre Pierce added 16, as Iowa knocked off 12th-ranked Louisville, 76-71, in the opening round of the Maui Invitational at the Lahaina Civic Center.	CONTRADICTION
2028	This example is World	AP - Reliever Todd Jones agreed to a one-year,  #36;1.1 million contract with the Florida Marlins on Monday, finalizing a deal that was struck in principle late last week at baseball's winter meetings.	CONTRADICTION
2029	This example is Sci/Tech	WASHINGTON, (AFP) - Brandon Backe allowed two runs in five-plus innings, as Houston seized Major League Baseball #39;s final playoff spot with a 5-3 triumph over the Colorado Rockies.	CONTRADICTION
2030	This example is World	" TORONTO (Reuters) - It is Saturday and time for ""Hockey  Night in Canada."" But there is just one problem for hockey-mad  Canadians -- no NHL."	CONTRADICTION
2031	This example is World	 ATHENS (Reuters) - Top-ranked Argentina booked their berth  in the women's hockey semi-finals at the Athens Olympics on  Friday but defending champions Australia now face an obstacle  course to qualify for the medal matches.	CONTRADICTION
2032	This example is World	 ATHENS (Reuters) - The unbeaten U.S. women's basketball  team cruised to another victory Wednesday, pummeling Greece  102-72 to advance to the Olympic semifinals where it will meet  Russia.	CONTRADICTION
2033	This example is Sci/Tech	 ATHENS (Reuters) - The U.S. men's basketball team got their  first comfortable win at the Olympic basketball tournament  Monday, routing winless Angola 89-53 in their final preliminary  round game.	CONTRADICTION
2034	This example is Sci/Tech	 ATHENS (Reuters) - The U.S. men's basketball team got their  first comfortable win at the Olympic basketball tournament  Monday, routing winless Angola 89-53 in their final preliminary  round game.	CONTRADICTION
2035	This example is Sci/Tech	 TORONTO (Reuters) - Tony Clark whacked three consecutive  home runs as the New York Yankees reeled off six homers and  nine ninth-inning runs to bulldoze their way past the Toronto  Blue Jays 18-6 in the American League Saturday.	CONTRADICTION
2036	This example is Sci/Tech	 ATHENS (Reuters) - Morocco's Hicham El Guerrouj and Briton  Kelly Holmes gave the Athens Games two of its greatest moments  Saturday by surging to victory on the athletics track and claim  historic Olympic doubles.	CONTRADICTION
2037	This example is World	CBC SPORTS ONLINE - John Smoltz will open Spring Training 2005 in the Atlanta Braves #39; rotation and armed with a new contract. General manager John Schuerholz spent a busy Thursday coming to terms on a two-year pact with his former closer.	CONTRADICTION
2038	This example is World	CBC SPORTS ONLINE - The Boston Celtics returned Tom Gugliotta to the injured list Wednesday, this time with a sprained right ankle.	CONTRADICTION
2039	This example is World	 ST. LOUIS, MO., (Sports Network) - Instead of going with  Roger Clemens on short rest, the Houston Astros have chosen to  start Pete Munro for Game 6 of the National League Championship  Series against the St. Louis Cardinals Wednesday at Busch  Stadium.	CONTRADICTION
2040	This example is World	 Miami, Fla. (Sports Network) - Miami Dolphins head coach  Dave Wannstedt has officially named Jay Fiedler the starting  quarterback for Sunday's season opener against the Tennessee  Titans.	CONTRADICTION
2041	This example is World	St. Louis, MO (Sports Network) - St. Louis Cardinals starting pitcher Chris Carpenter is expected to miss the first round of the playoffs next week with an injury to his right arm.	CONTRADICTION
2042	This example is World	 LOS ANGELES (Reuters) - A baseball fan who bought up 6,458  seats at Los Angeles' Dodger Stadium in the hope of catching  and selling Barry Bonds' 700th home run ball admitted on  Thursday he had probably struck out.	CONTRADICTION
2043	This example is World	 DETROIT (Sports Network) - Five members of the Indiana  Pacers and five Detroit Pistons fans are expected to be charged  Wednesday in the November 19 brawl that took place at The  Palace of Auburn Hills.	CONTRADICTION
2044	This example is Business	CBC SPORTS ONLINE - St. Louis Cardinals relief pitcher Julian Tavarez was fined \$10,000 US by the commissioner #39;s office for throwing a fastball over the head of Jeff Bagwell.	CONTRADICTION
2045	This example is Sci/Tech	 ATHENS (Reuters) - China underlined their gold medal  ambitions in Olympic women's volleyball on Sunday, clinching  top spot in Pool B with a straight sets win over Russia.	CONTRADICTION
2046	This example is Business	Phoenix, AZ (Sports Network) - Barry Bonds hit career home run No. 699, Jason Schmidt tossed a complete game to pick up a win for the first time in five starts, and San Francisco grabbed solo possession of 	CONTRADICTION
2047	This example is Business	Glasgow, Scotland (Sports Network) - Rangers defender Craig Moore is expected to be out eight weeks as he will have hernia surgery Monday.	CONTRADICTION
2048	This example is Sci/Tech	AP - Stephen Graham scored 16 points, including two three-point plays in the final 4 1/2 minutes, and No. 5 Oklahoma State beat No. 4 Syracuse 74-60 on Tuesday night in the Jimmy V Classic.	CONTRADICTION
2049	This example is Business	AFP - The National Basketball Association's New Jersey Nets waived 33-year-old guard Lucious Harris, whose 54 playoff games with the team tied the most in club history.	CONTRADICTION
2050	This example is Business	 ATHENS (Reuters) - The unbeaten U.S. women's basketball  team had their sternest test of the Olympic tournament so far  Friday, needing an eight point run in the third quarter to pull  away and beat Spain 71-58.	CONTRADICTION
2051	This example is Sci/Tech	AP - Led by Maurice Ager's 19 points, No. 10 Michigan State scored more than 100 points for the third straight game in a 102-52 win over Nicholls State on Saturday.	CONTRADICTION
2052	This example is World	 SALT LAKE CITY, (Sports Network) - The Jazz announced  Tuesday that the club will retire John Stockton's No. 12 on  November 22, 2004, when Utah hosts the New Orleans Hornets.	CONTRADICTION
2053	This example is Business	Eden Prairie, MN (Sports Network) - Minnesota Vikings running back Michael Bennett is expected to miss at least two more games after undergoing arthroscopic surgery on his right knee Monday.	CONTRADICTION
2054	This example is Sci/Tech	 WASHINGTON (Sports Network) - Larry Hughes scored a  game-high 26 points to lead Washington over Atlanta, 104-101,  at the MCI Center.	CONTRADICTION
2055	This example is World	Miami,FL (Sports Network) - The Florida Marlins released reliever Billy Koch on Tuesday, while catcher Ramon Castro opted for free agency.	CONTRADICTION
2056	This example is Sci/Tech	Houston, TX (Sports Network) - Houston Rockets guard Bob Sura underwent surgery Tuesday to repair a herniated disk in his lower back.	CONTRADICTION
2057	This example is Business	 NEW YORK (Reuters) - Rookie John Van Benschoten pitched  eight strong innings to seize his first major league victory,  powering the Pittsburgh Pirates past the Houston Astros 6-1 in  the National League Friday.	CONTRADICTION
2058	This example is Sci/Tech	AP - The Chicago White Sox agreed to a  #36;9.75 million, three-year deal with infielder Juan Uribe on Thursday, avoiding arbitration.	CONTRADICTION
2059	This example is World	 ATHENS (Reuters) - Twice Olympic beach volleyball medallist  Natalie Cook helped new team mate Nicole Sanderson battle  nerves to propel Australia to a 21-19, 17-21, 17-15 win against  China Monday.	CONTRADICTION
2060	This example is Business	 EDEN PRAIRIE, Minn. (Sports Network) - Minnesota Vikings  wide receiver Randy Moss will not play at full speed for a few  weeks after an MRI Thursday revealed a slight tear in his  injured right hamstring.	CONTRADICTION
2061	This example is Sci/Tech	CBC SPORTS ONLINE - The Toronto Argonauts may or may not host the East Division semifinal this year, but they will play home games at York University in 2006.	CONTRADICTION
2062	This example is World	Seattle, WA (Sports Network) - The Seattle Mariners Tuesday agreed to terms with backstop Dan Wilson on a one-year contract, avoiding arbitration with the franchise #39;s all-time leader in games caught.	CONTRADICTION
2063	This example is World	Toulouse, France (Sports Network) - There is a reason that Lyon has captured the Ligue 1 title three years in a row, and they put all those positive attributes on display at the Municipal Stadium on Tuesday night during a 2-0 win over Toulouse.	CONTRADICTION
2064	This example is Business	 SAN FRANCISCO (Reuters) - Jay Payton's three-run homer led  the San Diego Padres to a 5-1 win over the San Francisco Giants  in National League play on Saturday, despite a 701st career  blast from Barry Bonds.	CONTRADICTION
2065	This example is Business	TUSCALOOSA, Ala. (Sports Network) - Jason Campbell passed for 224 yards and a touchdown, Courtney Taylor caught four passes for 89 yards and a score, and No.	CONTRADICTION
2066	This example is Business	Kansas City, MO (Sports Network) - Trent Green threw for 389 yards with three touchdowns and Priest Holmes ran for 143 yards with three scores, leading the Kansas City Chiefs to a 45-35 victory over the Indianapolis Colts in another shootout at Arrowhead 	CONTRADICTION
2067	This example is Business	AP - Dodgers slugger Adrian Beltre filed for free agency Thursday  #151; the same day he underwent arthroscopic surgery to remove two large bone spurs from his left ankle.	CONTRADICTION
2068	This example is Business	TORONTO (CP) - Frank Menechino hit a tie-breaking home run in the seventh inning as the Toronto Blue Jays rallied to beat the Seattle Mariners 4-2 on Wednesday.	CONTRADICTION
2069	This example is Business	London, England (Sports Network) - Everything seems to be working lately for Jose Mourinho and Chelsea. Nothing changed Saturday at Stamford Bridge against Newcastle United.	CONTRADICTION
2070	This example is Sci/Tech	TORONTO (CP) - Canada Basketball dumped Jay Triano on Tuesday after some six years as men #39;s team head coach and 11 years as a player - seven of them as captain.	CONTRADICTION
2071	This example is World	Auburn Hills, MI (Sports Network) - Richard Hamilton banked home a shot over the outstretched arm of Shaquille O #39;Neal with 1.3 seconds remaining, lifting Detroit to a 78-77 victory over Miami at the Palace.	CONTRADICTION
2072	This example is World	 NEW YORK (Reuters) - Jerome Bettis ran for 129 yards and  the Pittsburgh Steelers used a stifling defense to edge the  Cincinnati Bengals 19-14 for their eighth straight win in  National Football League play Sunday in Cincinnati.	CONTRADICTION
2073	This example is World	St. Petersburg, FL (Sports Network) - The threat of Hurricane Jeanne has forced the cancellation of Sunday #39;s game between the Tampa Bay Devil Rays and the Toronto Blue Jays at Tropicana Field.	CONTRADICTION
2074	This example is Business	 KANSAS CITY, Mo., (Sports Network) - Kansas City Chiefs  quarterback Trent Green is listed as questionable for Sunday's  game against the Oakland Raiders with bruises to his ribs and  hip.	CONTRADICTION
2075	This example is Sci/Tech	 ATHENS (Reuters) - Iraq's footballers beat Australia 1-0  Saturday to reach the semifinals of the Olympic men's  tournament, triggering celebratory gunfire in their  violence-racked country.	CONTRADICTION
2076	This example is Sci/Tech	Munich, Germany (Sports Network) - Bayern Munich will be without striker Roque Santa Cruz for up to six weeks due to knee surgery.	CONTRADICTION
2077	This example is Sci/Tech	AP - Ohio State imposed a one-year ban on postseason play by its men's basketball team in response to  #36;6,000 the university said former coach Jim O'Brien gave a recruit who never played for the school.	CONTRADICTION
2078	This example is Business	 ORCHARD PARK, N.Y. (Sports Network) - Buffalo Bills running  back Travis Henry could be sidelined for the remainder of the  season with a lower right leg injury.	CONTRADICTION
2079	This example is Business	AP - Salim Stoudamire scored 24 points, including 6-of-9 3-pointers, and 10th-ranked Arizona beat Wright State 83-66 Thursday night in the second round of the Preseason NIT.	CONTRADICTION
2080	This example is World	East Rutherford, NJ (Sports Network) - The New York Jets placed veteran cornerback Ray Mickens on injured reserve Wednesday and signed defensive back Terrell Buckley.	CONTRADICTION
2081	This example is Sci/Tech	 HATTIESBURG, Miss. (Sports Network) - Thomas Decod blocked  a potential game-tying point after touchdown and Wendell Hunter  returned it for a two-point conversion as fourth-ranked  California hung on for a 26-16 win over Southern Mississippi at  M.M. Roberts Stadium.	CONTRADICTION
2082	This example is Sci/Tech	Athens, Greece (Sports Network) - Track cyclists Anna Meares of Australia and Chris Hoy of Great Britain won time trial gold medals Friday afternoon with record times. 	CONTRADICTION
2083	This example is Business	MONTREAL (CP) - Josh Beckett scattered four hits over seven solid innings and Miguel Cabrera homered Monday as the Florida Marlins snapped a six-game losing streak with a 4-1 win over the Montreal Expos.	CONTRADICTION
2084	This example is Business	San Antonio, TX (Sports Network) - The San Antonio Spurs Tuesday signed point guard Tony Parker to a multi-year contract extension.	CONTRADICTION
2085	This example is World	Filderstadt, Germany (Sports Network) - Former world No. 1 Lindsay Davenport easily won her second-round match on Wednesday, but last week #39;s Hasselt champion Elena Dementieva was among the first-round losers at the \$650,000 Porsche Tennis Grand Prix.	CONTRADICTION
2086	This example is Sci/Tech	 NEW YORK (Reuters) - Tom Brady threw a pair of touchdown  passes as the New England Patriots set a National Football  League record for consecutive wins by downing the winless Miami  Dolphins 24-10 in Foxboro on Sunday.	CONTRADICTION
2087	This example is Sci/Tech	 BALTIMORE (Sports Network) - Baltimore Ravens cornerback  Deion Sanders is listed as questionable on the team's injury  report for Sunday's game against Cincinnati.	CONTRADICTION
2088	This example is Business	Cleveland, OH (Sports Network) - The Cleveland Cavaliers Tuesday signed veteran forward/center Scott Williams. As per team policy, terms of the deal were not disclosed.	CONTRADICTION
2089	This example is Sci/Tech	 LOS ANGELES (Sports Network) - Los Angeles Dodgers third  baseman Robin Ventura has decided to call it quits following a  16-year Major League Baseball career.	CONTRADICTION
2090	This example is World	CBC SPORTS ONLINE - Halifax will remain as the host city for the men #39;s university basketball championships for the next three years.	CONTRADICTION
2091	This example is Business	AP - Adam Eaton allowed five hits over seven innings for his career-high 10th victory, Brian Giles homered for the second straight game, and the San Diego Padres beat the Los Angeles Dodgers 3-0 Thursday night.	CONTRADICTION
2092	This example is World	Linz, Austria (Sports Network) - Former world No. 1 Amelie Mauresmo of France led the parade into the semifinals at the \$585,000 Generali Ladies Linz tennis event.	CONTRADICTION
2093	This example is World	Feb. 11, 2003 -- Football coach Rick Neuheisel denies speculation that he interviewed with the San Francisco 49ers for their head coaching position, saying he never met with the NFL team.	CONTRADICTION
2094	This example is Business	St. Louis, MO (Sports Network) - Lance Berkman went 4-for-5 and drove in three runs to lead Houston to a 7-5 win over St. Louis in the opener of a three-game set at Busch Stadium.	CONTRADICTION
2095	This example is Business	 CHARLOTTE, N.C., (Sports Network) - Carolina Panthers  defensive tackle Kris Jenkins was placed on injured reserve  Wednesday and will miss the remainder of the season because of  a shoulder injury.	CONTRADICTION
2096	This example is Sci/Tech	 Davie, Fla. (Sports Network) - Sunday's game between the  Miami Dolphins and Pittsburgh Steelers has been postponed  because of Hurricane Jeanne.	CONTRADICTION
2097	This example is Business	 CHICAGO (Sports Network) - Seven-time All-Star and six-time  World Champion Scottie Pippen announced his retirement from the  Chicago Bulls Tuesday.	CONTRADICTION
2098	This example is Business	 NEW YORK (Reuters) - Clinton Portis ran 64 yards for a  touchdown and had 164 yards rushing as the Washington Redskins  used a stifling defense to edge the Tampa Bay Buccaneers 16-10  on Joe Gibbs' NFL return Sunday.	CONTRADICTION
2099	This example is Business	 NEW YORK (Reuters) - Kirk Rueter allowed just three hits  over seven innings and J.T. Snow homered as the San Francisco  Giants scored a crucial 4-2 win over Los Angeles in National  League play at Dodger Stadium Friday.	CONTRADICTION
2100	This example is World	 NEW YORK (Reuters) - Kirk Rueter allowed just three hits  over seven innings and J.T. Snow homered as the San Francisco  Giants scored a crucial 4-2 win over Los Angeles in National  League play at Dodger Stadium Friday.	CONTRADICTION
2101	This example is Sci/Tech	 ATHENS (Reuters) - Olympic champions the Netherlands  snatched another last-minute victory on Thursday in the men's  hockey tournament in Athens and Pakistan stunned Sydney silver  medallists South Korea 3-0 with fast-paced, attacking hockey.	CONTRADICTION
2102	This example is Business	AP - Al Davis never considered releasing Jerry Rice  #151; that's just not the way the Oakland Raiders' owner wanted to treat the NFL's most prolific receiver.	CONTRADICTION
2103	This example is World	 MONTREAL (Sports Network) - The Chicago Cubs acquired  catcher Mike DiFelice from the Detroit Tigers and outfielder  Ben Grieve from Milwaukee, both for a player to be named later,  Tuesday.	CONTRADICTION
2104	This example is Business	MAUI, Hawaii (Sports Network) - Jeff Horner posted 27 points while Pierre Pierce added 18 points, seven rebounds and seven assists, as the Iowa Hawkeyes defeated a ranked team for the second night in a row with an 82-80 victory over No.	CONTRADICTION
2105	This example is Business	 RALEIGH, N.C. (Sports Network) - Julius Hodge poured in a  game-high 21 points as 19th-ranked North Carolina State routed  Elon, 71-45, in the semifinal round of the BCA Invitational at  the RBC Center.	CONTRADICTION
2106	This example is Sci/Tech	Reuters - Willis McGahee ran\for 132 yards and a touchdown to lead the Buffalo Bills to a\22-17 victory over the New York Jets at Ralph Wilson Stadium.	CONTRADICTION
2107	This example is Sci/Tech	Milwaukee, WI (Sports Network) - Barry Bonds did not homer, but JT Snow and Deivi Cruz did, and Brett Tomko threw a complete game to lead the San Francisco Giants to an 8-1 victory over the Milwaukee Brewers at Miller Park.	CONTRADICTION
2108	This example is Sci/Tech	Philadelphia, PA (Sports Network) - Southern California and Oklahoma will meet for the national championship in the Orange Bowl on January 4 after the schools finished 1-2 in the final BCS standings released Sunday afternoon.	CONTRADICTION
2109	This example is World	Chicago, IL (Sports Network) - The Chicago Cubs Tuesday agreed to a contract with shortstop Nomar Garciaparra. As per team policy, financial terms of the deal were not disclosed.	CONTRADICTION
2110	This example is World	COLLEGE PARK, Md. -- Joel Statham threw for 333 yards and ran for a score, and Maryland held on to beat fifth-ranked Florida State, 20-17, yesterday.	CONTRADICTION
2111	This example is Business	Tampa, FL (Sports Network) - The Tampa Bay Lightning have re-signed captain Dave Andreychuk to a one-year deal. In accordance with team policy, financial terms of the contract were not disclosed.	CONTRADICTION
2112	This example is Business	Athens, GA (Sports Network) - Michael Cooper ran for the only touchdown of the game, as third-ranked Georgia rode its defense to a 13-3 victory over Marshall at Sanford Stadium.	CONTRADICTION
2113	This example is Business	Dallas, TX (Sports Network) - The Dallas Mavericks signed free agent Avery Johnson on Thursday, bringing the guard back to the team for which he played during parts of 2002 and 2003.	CONTRADICTION
2114	This example is Sci/Tech	Phoenix, AZ (Sports Network) - The Phoenix Suns Friday placed Jake Voskuhl on the injured list after the center had an emergency appendectomy surgery.	CONTRADICTION
2115	This example is Sci/Tech	Lyon, France (Sports Network) - Juventus and French international striker David Trezeguet underwent surgery Tuesday on his injured left shoulder.	CONTRADICTION
2116	This example is Sci/Tech	Reuters - Walt Disney Co.  posted a 24\percent rise in profit on Thursday as advertising gains at ESPN\and ABC television networks more than made up for a sharp\slowdown at Disney's movie studio.	CONTRADICTION
2117	This example is Business	Philadelphia, PA (Sports Network) - According to a published report, the Philadelphia Phillies have named Charlie Manuel as their 50th manager on Wednesday night.	CONTRADICTION
2118	This example is Business	Reuters - Tiki Barber rushed for 182 yards and\ran half the length of the field for a touchdown as the New\York Giants used a stifling defense to upset the Packers 14-7\in Green Bay on Sunday.	CONTRADICTION
2119	This example is World	AP - Tom Brady hasn't completed more than 20 passes in five games. He's thrown for fewer than 175 yards each of the past two weeks and for three touchdowns just once this season  #151; on opening day.	CONTRADICTION
2120	This example is Sci/Tech	Indianapolis, IN (Sports Network) - Tennessee quarterback Steve McNair was inactive for Sunday #39;s game against Indianapolis because of a chest injury.	CONTRADICTION
2121	This example is Business	AP - The Philadelphia Eagles clinched the NFC East again. Big deal  #151; they did that before the season started.	CONTRADICTION
2122	This example is Business	Southampton, England (Sports Network) - American international goalkeeper Kasey Keller has been loaned to Southampton for one month.	CONTRADICTION
2123	This example is Business	Zurich, Switzerland (Sports Network) - Former world No. 1 Venus Williams advanced on Thursday and will now meet Wimbledon champion Maria Sharapova in the quarterfinals at the \$1.	CONTRADICTION
2124	This example is Sci/Tech	OAKLAND, Calif. (Sports Network) - Travis Niesen scored a career-high 26 points, Kyle Bailey added 20 and Santa Clara shocked No. 4 North Carolina with a 77-66 victory in a Pete Newell Challenge game at The Arena.	CONTRADICTION
2125	This example is Sci/Tech	AP - Tim Wakefield allowed two runs in six innings for his first victory since August, and Johnny Damon and David Ortiz homered to power the Boston Red Sox past the Baltimore Orioles 8-3 on Friday night.	CONTRADICTION
2126	This example is World	 LOS ANGELES (Sports Network) - The Los Angeles Clippers  placed rookie guard Shaun Livingston on the injured list  Tuesday with a dislocated right kneecap.	CONTRADICTION
2127	This example is Sci/Tech	KANSAS CITY, Mo. (Sports Network) - Adrian Peterson rushed for 171 yards and three scores, as the second-ranked Oklahoma Sooners likely punched their ticket to the Orange Bowl with a 42-3 pasting of the Colorado Buffaloes in the Big 12 championship game.	CONTRADICTION
2128	This example is Sci/Tech	Toronto, ON (Sports Network) - The Toronto Blue Jays announced Monday that they have retained manager John Gibbons for next season.	CONTRADICTION
2129	This example is World	Indianapolis, IN (Sports Network) - Indiana Pacers center Jeff Foster was activated from the injured list Tuesday. He had missed the first 17 games of the season after undergoing hip surgery in October.	CONTRADICTION
2130	This example is World	AP - Chicago Cubs pitcher Kerry Wood, manager Dusty Baker and Houston Astros pitcher Roy Oswalt were ejected Sunday during the NL Central rivals' final game of a three-game series.	CONTRADICTION
2131	This example is World	AP - Calgary Flames goaltender Miikka Kiprusoff was awarded  #36;2.95 million in arbitration Monday for the upcoming season.	CONTRADICTION
2132	This example is Business	 NEW YORK (Reuters) - Curt Schilling pitched 6 2/3 innings  and Manny Ramirez hit a three-run homer in a seven-run fourth  frame to lead the Boston Red Sox to a 9-3 win over the host  Anaheim Angels in their American League Divisional Series  opener Tuesday.	CONTRADICTION
2133	This example is World	BROOKLYN, Mich. (SportsTicker) - Greg Biffle took over the lead with 17 laps left and held off teammate Mark Martin to win the NASCAR Nextel Cup Series GFS Marketplace 400 at Michigan International Speedway on Sunday.	CONTRADICTION
2134	This example is Business	CBC SPORTS ONLINE - Corey Dillon rushed for a pair of touchdowns as the visiting New England Patriots clipped the Kansas City Chiefs 27-19 before a crowd of 78,431 at Arrowhead Stadium on Monday.	CONTRADICTION
2135	This example is Business	CBC SPORTS ONLINE - News of Sergei Zholtok #39;s death sent shockwaves through the Latvia and hockey communities on Thursday. The 31-year-old died while playing with Latvian club Riga 2000 in Belarus on Wednesday night.	CONTRADICTION
2136	This example is World	CBC SPORTS ONLINE - Edgar Martinez of the Seattle Mariners won the Roberto Clemente Award for community service on Tuesday. Martinez, 41, is the first Puerto Rican so honoured.	CONTRADICTION
2137	This example is World	CBC SPORTS ONLINE - Tiger Woods is on the verge of winning his first stroke-play golf tournament in over a year. Woods fired a 5-under-par 65 Saturday to stretch his commanding lead to 10 strokes after three 	CONTRADICTION
2138	This example is Sci/Tech	(Sports Network) - Ben Wallace will return to fold for Detroit tonight, when the Pistons begin a tough three-game homestand against the Minnesota Timberwolves at the Palace of Auburn Hills.	CONTRADICTION
2139	This example is Sci/Tech	(Sports Network) - Ichiro Suzuki will try to add to his new single-season hits record, as he takes the field for the Seattle Mariners in the middle test of a season-ending three-game series against the visiting Texas Rangers.	CONTRADICTION
2140	This example is World	Athens, Greece (Sports Network) - The United States has grabbed a 49-44 lead over Lithuania at the half of their bronze medal game at the Olympics.	CONTRADICTION
2141	This example is World	Reuters - Former Blue Jays pitcher and television\commentator John Cerutti was found dead in a Toronto hotel room\on Sunday. He was 44.	CONTRADICTION
2142	This example is Business	Calgary, AB (Sports Network) - Calgary Flames head coach Darryl Sutter underwent an emergency appendectomy and is expected to make a full recovery.	CONTRADICTION
2143	This example is Sci/Tech	AP - Stop referring to Eli Manning as the New York Giants' quarterback of the future. The job is his, now and for seemingly years to come.	CONTRADICTION
2144	This example is Sci/Tech	Foxboro, MA (Sports Network) - Miami Dolphins quarterback Jay Fiedler suffered a rib injury during the closing moments of Sunday #39;s 24-10 loss to the New England Patriots.	CONTRADICTION
2145	This example is Business	AP - Jason Campbell passed for 194 yards in the first half and No. 9 Auburn beat The Citadel 33-3 Saturday, coasting in its sandwich game between a pair of high-stakes contests.	CONTRADICTION
2146	This example is World	 MONTROSE, Colo. (Reuters) - The body believed to be that of  NBC Sports Chairman Dick Ebersol's 14-year-old son was  recovered on Monday from under the wreckage of an aircraft that  crashed in western Colorado and killed two others, officials  said.	CONTRADICTION
2147	This example is Sci/Tech	OWINGS MILLS, Md. - Baltimore Ravens running back Jamal Lewis was suspended for two games without pay by the NFL for violating the league's substance abuse policy, one day after pleading guilty to trying to set up a drug deal four years ago...	CONTRADICTION
2148	This example is Sci/Tech	East Rutherford, NJ (Sports Network) - The New Jersey Nets have signed head coach Lawrence Frank to a multi-year contract extension.	CONTRADICTION
2149	This example is Business	South Bend, IN (Sports Network) - Notre Dame head basketball coach Mike Brey has signed a two-year extension that will keep him under contract with the Fighting Irish through the 2010-11 season.	CONTRADICTION
2150	This example is Sci/Tech	 NEW YORK (Reuters) - Dirk Nowitzki scored 34 points as the  Dallas Mavericks beat the Minnesota Timberwolves 97-87 in  National Basketball Association play Tuesday night.	CONTRADICTION
2151	This example is World	Reuters - The NFL Players Association\Monday filed a grievance with the Dallas Cowboys over the\recent release of quarterback Quincy Carter, claiming the\organization was in violation of the league's collective\bargaining agreement.	CONTRADICTION
2152	This example is Sci/Tech	AP - Johan Santana won his eighth straight decision Saturday, Jacque Jones and Augie Ojeda homered, and the Minnesota Twins kept rolling toward a third straight AL Central title wit ha 7-1 victory that ended the Anaheim Angels' nine-game winning streak.	CONTRADICTION
2153	This example is Business	Bronx, NY (Sports Network) - Half of the scheduled doubleheader between the New York Yankees and Tampa Bay was postponed Monday after the Devil Rays had trouble leaving Florida because of Hurricane Frances.	CONTRADICTION
2154	This example is Business	Reuters - The Houston Rockets exercised\the fourth-year option on center Yao Ming's contract on\Thursday.	CONTRADICTION
2155	This example is World	Reuters - Peyton Manning threw for 254 yards and\two touchdowns to win his showdown with fellow co-MVP Steve\McNair as the Indianapolis Colts beat the Tennessee Titans\31-17 at Nashville on Sunday.	CONTRADICTION
2156	This example is Business	 COLUMBUS, Ohio (Sports Network) - Ohio State athletic  director Andy Geiger announced a one-year contract extension  for men's head basketball coach Thad Matta as a direct result  of the school imposing a ban on postseason play for 2004-05.	CONTRADICTION
2157	This example is Business	 SOUTH BEND, Indiana (Sports Network) - True freshman Darius  Walker ran for 115 yards and a pair of fourth-quarter  touchdowns, leading Notre Dame to a 28-20 victory over  eighth-ranked Michigan at Notre Dame Stadium.	CONTRADICTION
2158	This example is Business	 EAGLE, Colo. (Reuters) - Attorneys for basketball star Kobe  Bryant asked a judge to dismiss a rape charge against their  client, arguing prosecutors did not disclose that one of their  expert witnesses had information that could help Bryant.	CONTRADICTION
2159	This example is World	 DALLAS (Sports Network) - Dallas Mavericks All-Star forward  Dirk Nowitzki is expected to be sidelined 7-to-10 days after an  MRI exam Monday revealed a mild left ankle sprain.	CONTRADICTION
2160	This example is World	Anaheim, CA (Sports Network) - The Florida Marlins made the signing of right- handed reliever Todd Jones official Monday by announcing a one-year contract.	CONTRADICTION
2161	This example is World	 BOSTON (Reuters) - Scattered violence broke out on Thursday  after thousands of Boston Red Sox fans converged on Fenway Park  to celebrate their baseball club's historic win over the New  York Yankees that puts them in the World Series.	CONTRADICTION
2162	This example is World	AP - The Boston Red Sox lineup card from Game 4 of the 2004 World Series brought a site-record bid of  #36;165,000 on MLB.com.	CONTRADICTION
2163	This example is World	Ashburn, VA (Sports Network) - Washington Redskins head coach Joe Gibbs said Monday that Patrick Ramsey will start at quarterback this Sunday against the Philadelphia Eagles.	CONTRADICTION
2164	This example is Business	Oakland, CA (Sports Network) - The Orlando Magic activated forward Pat Garrity from the injured list on Friday and placed forward Brandon Hunter on the IL with a hyperextended right elbow.	CONTRADICTION
2165	This example is Business	Brussels, Belgium (Sports Network) - Tennis stars Kim Clijsters and Lleyton Hewitt have ended their relationship, according to Clijsters #39; web site.	CONTRADICTION
2166	This example is Business	CBC SPORTS ONLINE - Ottawa Senators right-winger Marian Hossa is joining younger brother Marcel and Slovak countryman Rastislav Pavlikovsky with Mora of the Swedish Elite League.	CONTRADICTION
2167	This example is Sci/Tech	New Orleans, LA (Sports Network) - New Orleans Hornets forward Jamal Mashburn will sit out the 2004-05 season due to a patella femoral irritation of his right knee.	CONTRADICTION
2168	This example is Sci/Tech	CBC SPORTS ONLINE - The Los Angeles Lakers activated fifth-year veteran Slava Medvedenko from the injured list for Wednesday #39;s game at Memphis.	CONTRADICTION
2169	This example is Sci/Tech	Cincinnati, OH (Sports Network) - The Cincinnati Bengals signed veteran safety Anthony Mitchell on Wednesday to fill their depleted secondary.	CONTRADICTION
2170	This example is World	AP - Marcus Thames drove in three runs, and Nate Robertson pitched eight strong innings in the Detroit Tigers' 5-4 victory over the slumping Chicago White Sox on Wednesday night.	CONTRADICTION
2171	This example is Sci/Tech	Reuters - The Atlanta Falcons\Monday signed Pro Bowl tight end Alge Crumpler to a six-year\contract extension.	CONTRADICTION
2172	This example is World	 DAVIE, Fla. (Sports Network) - Miami Dolphins linebacker  Zach Thomas will miss Sunday's game against the Buffalo Bills  with a hamstring injury.	CONTRADICTION
2173	This example is Sci/Tech	Foxboro, MA (Sports Network) - The New England Patriots Wednesday signed left tackle Matt Light to a six-year contract extension. As per team policy, financial terms were not released.	CONTRADICTION
2174	This example is Business	 NEW YORK (Sports Network) - Carl Krauser scored 17 points,  grabbed seven rebounds and handed out four assists to lead No.  11 Pittsburgh over Memphis, 70-51, in the Jimmy V Classic from  New York's famed Madison Square Garden.	CONTRADICTION
2175	This example is Sci/Tech	 NEW YORK (Sports Network) - Carl Krauser scored 17 points,  grabbed seven rebounds and handed out four assists to lead No.  11 Pittsburgh over Memphis, 70-51, in the Jimmy V Classic from  New York's famed Madison Square Garden.	CONTRADICTION
2176	This example is World	AFP - The National Basketball Association suspended Indiana's Ron Artest and three others following an ugly skirmish where Pacer players fought with Detroit fans.	CONTRADICTION
2177	This example is Sci/Tech	 LONDON (Reuters) - The Court of Arbitration for Sport (CAS)  has postponed its hearings with American sprinters Tim  Montgomery and Chryste Gaines who have been charged with  serious doping violations.	CONTRADICTION
2178	This example is Business	CBC SPORTS ONLINE - Chief negotiators Bill Daly and Ted Saskin met Tuesday for two hours in New York. Unfortunately, the NHL work stoppage wasn #39;ta topic of conversation.	CONTRADICTION
2179	This example is Sci/Tech	Reuters - Alex Rodriguez drove in three runs and\Orlando Hernandez pitched seven strong innings to guide the New\York Yankees past the Tampa Bay Devil Rays 7-4 in the American\League Monday.	CONTRADICTION
2180	This example is Sci/Tech	 Athens, Ga. (Sports Network) - Danny Ware rushed for 135  yards and three touchdowns in his collegiate debut, as No. 3  Georgia held off Division I-AA Georgia Southern, 48-28, in the  season opener for both schools at Sanford Stadium.	CONTRADICTION
2181	This example is World	Reuters - Peja Stojakovic scored 29 points to\steer the Sacramento Kings to their eighth victory in nine\games, a 98-93 decision over the Memphis Grizzlies Tuesday.	CONTRADICTION
2182	This example is Sci/Tech	 TORONTO (Reuters) - Canada bid a final adieu to the  Montreal Expos who disappeared from the country's sports scene  on Wednesday in a wave of bitterness and nostalgia.	CONTRADICTION
2183	This example is Business	PROVIDENCE, RI (CP) - Jon Sim scored in overtime for the second night in a row as the Philadelphia Phantoms won their 14th straight AHL game, 4-3 over the Providence Bruins in front of 5,812 spectators Sunday.	CONTRADICTION
2184	This example is Business	AP - Roger Clemens pitched six innings for his 324th victory and the Houston Astros made the most of three Chicago errors Saturday, hanging on to beat the Cubs 7-6.	CONTRADICTION
2185	This example is Business	INDIANAPOLIS (Sports Network) - Deron Williams and Luther Head scored 20 points apiece, Dee Brown chipped in with 17, and No. 5 Illinois routed 24th- ranked Gonzaga, 89-72, in the John R. Wooden Tradition at Conseco Fieldhouse.	CONTRADICTION
2186	This example is Sci/Tech	KANSAS CITY, Missouri (Ticker) -- Priest Holmes and the Kansas City Chiefs  #39; physcial offensive line shredded the NFL #39;s top-ranked rushing defense.	CONTRADICTION
2187	This example is Business	WEST LAFAYETTE, Indiana (Sports Network) - Garrett Rivas kicked a 35-yard field goal with 2:45 left in the fourth quarter to lead 13th-ranked Michigan to a 16-14 win over No.	CONTRADICTION
2188	This example is Sci/Tech	Reuters - XM Satellite Radio Holdings Inc.\ shares rose nearly 6 percent before the bell on\Wednesday ahead of a news conference the company is holding in\conjunction with Major League Baseball.	CONTRADICTION
2189	This example is World	AP - Replacement starter Travis Smith pitched five solid innings, Andruw Jones homered again and the Atlanta Braves buried Philadelphia a little deeper in the NL East, beating the Phillies 3-1 on Monday.	CONTRADICTION
2190	This example is World	 NEW YORK (Reuters) - Matt Morris pitched a two-hit shutout,  striking out a season-high 11, as the St Louis Cardinals  blanked the Los Angeles Dodgers 3-0 in a showdown between two  division leaders at Busch Stadium on Friday.	CONTRADICTION
2191	This example is Sci/Tech	 NEW YORK (Sports Network) - Former undisputed heavyweight  champion Evander Holyfield has been banned from fighting by the  New York State Athletic Commission, according to published  reports.	CONTRADICTION
2192	This example is World	Los Angeles, CA (Sports Network) - JT Snow homered to lead San Francisco over Los Angeles, 4-2, in the opener of a three-game series at Dodger Stadium.	CONTRADICTION
2193	This example is World	Reuters - Minnesota Vikings wide\receiver Randy Moss will be a game-time decision for Sunday's\game against Tennessee because of a hamstring injury.	CONTRADICTION
2194	This example is Business	Flowery Branch, GA (Sports Network) - Atlanta released offensive tackle Bob Whitfield and made seven other moves Sunday to reach the 53-man roster limit.	CONTRADICTION
2195	This example is World	 NASHVILLE, Tenn. (Sports Network) - Tennessee Titans  quarterback Steve McNair suffered a bruised sternum late in the  fourth quarter of Sunday's game against Jacksonville.	CONTRADICTION
2196	This example is Sci/Tech	AP - The New York Mets signed Cuban defector Alay Soler on Friday, giving the pitcher a three-year deal worth  #36;2.8 million.	CONTRADICTION
2197	This example is Sci/Tech	Washington, DC (Sports Network) - The District of Columbia Council approved legislation to finance construction of a new ballpark for the Washington Nationals on Tuesday, but the team might have to come up with some money to build it.	CONTRADICTION
2198	This example is World	AP - Brett Tomko allowed one run in six innings for his first win in nearly a month and helped San Francisco complete a three-game sweep of the Philadelphia Phillies with a 3-1 victory Sunday.	CONTRADICTION
2199	This example is World	AP - The Seattle Mariners added power to one of the weakest lineups in baseball Wednesday, agreeing to a  #36;50 million, four-year contract with free agent first baseman Richie Sexson.	CONTRADICTION
2200	This example is Business	Boston, MA (Sports Network) - Tampa Bay Devil Rays pitcher Dewon Brazelton captured the Tony Conigliaro Award. The honor is presented annually to the player who overcomes adversity through the attributes of spirit, determination and courage.	CONTRADICTION
2201	This example is Business	Gelsenkirchen, Germany (Sports Network) - Since taking the reigns of Schalke on September 28, coach Ralf Rangnick has orchestrated a turn-around that has the club thinking of a Bundesliga championship.	CONTRADICTION
2202	This example is Business	AP - J.J. Arrington ran for 169 yards to set California's single-season rushing record and the fourth-ranked Golden Bears beat Stanford 41-6 on Saturday for their biggest victory in the Big Game since 1930.	CONTRADICTION
2203	This example is Sci/Tech	Reuters - Former\Portland Trail Blazers guard Clyde Drexler highlights the class\of 2004 inductees for the Basketball Hall of Fame.	CONTRADICTION
2204	This example is Sci/Tech	 NEW YORK (Sports Network) - Hakim Warrick scored 25 points  and Gerry McNamara added 21, as fifth-ranked Syracuse pulled  away late for a 77-62 victory over No. 24 Memphis in the  championship game of the Coaches versus Cancer Classic at  Madison Square Garden.	CONTRADICTION
2205	This example is Sci/Tech	NYON, Dec 8 (SW) - The European governing body UEFA will be investigating both Valencia CF and Werder Bremen, following the clash between these two teams at Mestalla stadium on Tuesday.	CONTRADICTION
2206	This example is Business	Alkmaar, the Netherlands (Sports Network) - Rangers #39; 16-match unbeaten run came to an end Thursday as it lost at AZ Alkmaar, 1-0, in a UEFA Cup encounter.	CONTRADICTION
2207	This example is Sci/Tech	AP - Catcher Damian Miller's  #36;8.75 million, three-year contract with the Milwaukee Brewers was finalized Monday after team doctors allayed concerns over his health.	CONTRADICTION
2208	This example is Sci/Tech	Jiangsu, China (Sports Network) - Stephen Dodd closed with a four-under 68 Sunday to win the Volvo China Open by three strokes. Dodd finished the tournament at 12-under-par 276.	CONTRADICTION
2209	This example is Sci/Tech	AP - Jason Kidd was cleared for individual noncontact drills to get his surgically repaired left knee ready for the Nets' season.	CONTRADICTION
2210	This example is Business	ARLINGTON, Texas (Ticker) -- After a dominant effort against the Texas Rangers in his first start of the season, Mark Mulder has left much to be desired in his last three meetings with the division rivals.	CONTRADICTION
2211	This example is World	AP - Barry Bonds won his second National League batting title in three seasons and shattered the on-base percentage and walks records he set two years ago.	CONTRADICTION
2212	This example is Sci/Tech	(Sports Network) - Barry Bonds can join the exclusive 700 club tonight, as the San Francisco Giants begin a three-game series versus the Milwaukee Brewers at Miller Park.	CONTRADICTION
2213	This example is World	Tucson, AZ (Sports Network) - Mustafa Shakur led three Arizona players who scored at least 20 points as the 10th-ranked Wildcats opened their 2004-05 season with an 80-69 victory over San Diego at the McKale Center in the first round of the Preseason NIT.	CONTRADICTION
2214	This example is Sci/Tech	Charlotte, NC (Sports Network) - The Charlotte Bobcats Monday activated guard Keith Bogans and forward/center Jamal Sampson from the injured list.	CONTRADICTION
2215	This example is Sci/Tech	Green Bay, WI (Sports Network) - The Green Bay Packers could be without two starters in their defensive backfield for this weekend #39;s game at Washington.	CONTRADICTION
2216	This example is World	CBC SPORTS ONLINE - Point guard Avery Johnson retired Thursday as an active player to accept a coaching position with the Dallas Mavericks.	CONTRADICTION
2217	This example is World	 BLOOMFIELD HILLS, Michigan (Reuters) - Captains Bernhard  Langer and Hal Sutton made impassioned pleas for sportsmanship  Thursday, transforming golf's greatest grudge match into a  Ryder Cup love-in during a rollicking opening ceremony.	CONTRADICTION
2218	This example is Business	 NEW YORK (Reuters) - The Philadelphia Eagles thumped the  Detroit Lions 30-13 in a clash of two previously unbeaten teams  in the NFL on Sunday.	CONTRADICTION
2219	This example is Business	AP - Willie Randolph is guaranteed  #36;1,875,000 under his three-year contract with the New York Mets, one of the richest deals for a first-year manager.	CONTRADICTION
2220	This example is Business	 LONDON (Reuters) - FIFA is under pressure to act decisively  following the racist abuse directed at England players during  Wednesday's friendly against Spain in Madrid.	CONTRADICTION
2221	This example is Business	 NEW YORK (Reuters) - The Boston Red Sox crushed the New  York Yankees 10-3 Wednesday to complete an historic comeback  victory over their arch-rivals by four games to three in the  American League Championship Series.	CONTRADICTION
2222	This example is Sci/Tech	Bolton, England (Sports Network) - Bolton rewarded coach Sam Allardyce with a new five-year-deal Monday. Allardyce, who has already been with Bolton for five years, turns 50 years old this week.	CONTRADICTION
2223	This example is World	 HOUSTON (Sports Network) - Tyrone Moss ran for 148 yards  and two touchdowns to lead fourth-ranked Miami-Florida to a  38-13 victory over Houston at Reliant Stadium.	CONTRADICTION
2224	This example is Business	PHILADELPHIA, Pa. (Sports Network) -- Tiger Woods may have squandered a 54-hole lead for only the third time in his PGA Tour career Sunday at the Tour Championship, but his second-place finish was enough to 	CONTRADICTION
2225	This example is World	EAST RUTHERFORD, New Jersey (Ticker) -- Brian Westbrook and the Philadelphia Eagles had no problem running to another division title.	CONTRADICTION
2226	This example is Sci/Tech	AP - First-base umpire Ed Montague left Sunday's game between the Seattle Mariners and Texas Rangers before the start of the fifth inning because of an elevated blood pressure.	CONTRADICTION
2227	This example is Business	Athens, Greece (Sports Network) - Israel picked up its first-ever gold medal at the Olympics on Wednesday when windsurfer Gal Fridman won the men #39;s mistral.	CONTRADICTION
2228	This example is World	Thompson, CT (Sports Network) - Tom Baldwin, 57, father of Nextel Cup driver Kasey Kahne #39;s crew chief Tommy Baldwin Jr., was killed in a crash at the Thompson International Speedway. He was driving in a Featherlite modified race on Thursday night. 	CONTRADICTION
2229	This example is Business	(Sports Network) - Rashard Lewis scored 22 points to lead the Seattle SuperSonics to a 103-95 win over the Indiana Pacers at KeyArena.	CONTRADICTION
2230	This example is Business	AP - Andrei Kirilenko signed a 6-year,  #36;86 million contract extension with the Utah Jazz, a deal that took three months of negotiations.	CONTRADICTION
2231	This example is Business	AP - Daryle Ward, Albert Pujols and Chipper Jones had big nights at the plate at the expense of National League pitchers.	CONTRADICTION
2232	This example is Business	 NEW ORLEANS (Sports Network) - New Orleans' Steve Gleason  was fined \$5,000 by the NFL on Wednesday for punching the  Panthers' Kemp Rasmussen during last Sunday's 32-21 loss to  Carolina.	CONTRADICTION
2233	This example is Sci/Tech	 BOSTON (Sports Network) - Boston Red Sox ace Curt Schilling  underwent surgery Tuesday to repair a ruptured flexor tendon in  his right ankle.	CONTRADICTION
2234	This example is Sci/Tech	AP - Mark Prior allowed five hits in 7 2-3 innings to out-pitch Carl Pavano, and the Chicago Cubs moved one percentage point ahead of San Francisco atop the NL wild-card standings by beating the Florida Marlins 5-1 in the first game of a doubleheader Monday.	CONTRADICTION
2235	This example is Business	 NEW YORK (Reuters) - Carlos Beltran homered twice, had four  hits and drove in five runs as the Houston Astros moved on to  the National League Championship Series with a 12-3 Game Five  pounding of the Atlanta Braves at Turner Field on Monday.	CONTRADICTION
2236	This example is World	(Sports Network) - Jerome Williams will take the mound for the first time in two months tonight, as the playoff-hopeful San Francisco Giants conclude their three-game series with the San Diego Padres at Petco Park.	CONTRADICTION
2237	This example is Business	AP - Barry Zito scattered four hits over eight shutout innings, leading the AL West-leading Oakland Athletics past the Tampa Bay Devil Rays 5-0 on Saturday night.	CONTRADICTION
2238	This example is World	(Sports Network) - The Cincinnati Reds will start a season-ending three-game series versus the Pittsburgh Pirates tonight at Great American Ball Park.	CONTRADICTION
2239	This example is Business	Reuters - Donovan McNabb passed for one\touchdown and rushed for another as the Philadelphia Eagles won\their fourth straight division title with a 27-6 win over the	CONTRADICTION
2240	This example is Business	Athens, Greece (Sports Network) - Ellen Estes scored the game-winning goal with just 2:20 remaining, leading the United States women #39;s water polo team to a 6-5 victory over Australia in the bronze medal match Thursday.	CONTRADICTION
2241	This example is World	AP - Liverpool lost for the first time in the Premier League this season, beaten 1-0 at Bolton on Sunday on a 38th-minute goal by Kevin Davies.	CONTRADICTION
2242	This example is Business	 LONDON (Reuters) - American gymnast Paul Hamm will keep his  Olympic all-round gold medal after the Lausanne-based Court of  Arbitration for Sport (CAS) rejected an appeal from South  Korea's Yang Tae-young.	CONTRADICTION
2243	This example is Sci/Tech	AP - The Anaheim Angels rounded out their starting outfield Friday, agreeing to a  #36;14 million, two-year contract with center fielder Steve Finley.	CONTRADICTION
2244	This example is World	CBC SPORTS ONLINE - Four-time Olympic rowing champion Matthew Pinsent announced his retirement from the sport on Tuesday. Pinsent, 34, captured his most recent gold medal by winning the coxless fours event in Athens this past August.	CONTRADICTION
2245	This example is Sci/Tech	AP - Justin Gray scored 21 points for the second straight game and No. 1 Wake Forest beat No. 18 Arizona 63-60 on Friday night in the championship game of the Preseason NIT.	CONTRADICTION
2246	This example is Sci/Tech	Valencia, Spain (Sports Network) - Valencia winger Vicente Rodriguez will be out for at least two weeks after spraining his ankle Wednesday.	CONTRADICTION
2247	This example is Sci/Tech	 NEW YORK (Reuters) - Peyton Manning threw three touchdown  passes to move closer to the all-time season record as the  Indianapolis Colts routed the visiting Tennessee Titans 51-24  in the NFL on Sunday.	CONTRADICTION
2248	This example is Business	CBC SPORTS ONLINE - The Boston Red Sox have reportedly made a bid to lure free-agent pitcher Pedro Martinez back to the World Series champions.	CONTRADICTION
2249	This example is Sci/Tech	EAST RUTHERFORD, United States (AFP) - The Philadelphia Eagles clinched their fourth straight division title, and with plenty of time to spare in the National Football League season.	CONTRADICTION
2250	This example is World	Reuters - The Cleveland Cavaliers\Thursday picked up the team's 2005-06 contract option on\forward Drew Gooden.	CONTRADICTION
2251	This example is Sci/Tech	(Sports Network) - The Chicago White Sox were handed an 8-4 setback by the Detroit Tigers on Thursday. Bobby Higginson homered twice to lead Detroit. 	CONTRADICTION
2252	This example is Sci/Tech	AP - Atlanta Braves starter John Thomson and cleanup hitter Chipper Jones left Saturday's game against the Chicago Cubs with injuries, just days before the NL East champions begin the playoffs.	CONTRADICTION
2253	This example is Business	Charlotte, NC (Sports Network) - The Carolina Panthers placed kick returner/running back Rod Smart on injured reserve Wednesday because of a hyperextended right knee.	CONTRADICTION
2254	This example is Business	" WASHINGTON (Reuters) - Citizens' groups, residents and some  Washington, D.C., councilmen on Tuesday protested Mayor Anthony  Williams' proposed \$440 million baseball stadium plan, calling  it a ""giveaway"" to Major League Baseball."	CONTRADICTION
2255	This example is Business	(Sports Network) - The Milwaukee Brewers continue a three-game series against Barry Bonds and the San Francisco Giants tonight at Miller Park.	CONTRADICTION
2256	This example is Sci/Tech	CBC SPORTS ONLINE - Vince Carter isn #39;t the only Raptor unhappy to be in Toronto right now. Guard Rafer Alston is starting to question his role on the team, even contemplating quitting the rest of the season 	CONTRADICTION
2257	This example is Sci/Tech	Anchorage, AK (Sports Network) - New Jersey Devils center Scott Gomez has signed with an East Coast Hockey League team in his hometown of Anchorage.	CONTRADICTION
2258	This example is Sci/Tech	Washington, DC (Sports Network) - The United States men #39;s national team is aware of its struggles in Central America, but knows it needs points Saturday in El Salvador to assure a spot in the next World Cup qualifying round.	CONTRADICTION
2259	This example is World	New York, NY (Sports Network) - Bobby Cox, who has guided the Atlanta Braves to a record 13 straight division titles, has been named the 2004 National League Manager of the Year.	CONTRADICTION
2260	This example is World	Anaheim, CA (Sports Network) - It looks as if Pedro Martinez is about to become a member of the New York Mets. The Boston Herald reported Monday afternoon that Martinez has agreed to a four- year, \$56 million 	CONTRADICTION
2261	This example is Sci/Tech	Reuters - The NBA is considering playing some of\its regular season games in China, commissioner David Stern\said Friday.	CONTRADICTION
2262	This example is Business	AP - Trent Green threw a 3-yard touchdown pass to Jason Dunn, and the Kansas City Chiefs held a 10-3 lead over the Baltimore Ravens after the first quarter Monday night.	CONTRADICTION
2263	This example is Sci/Tech	Shanghai, China (Sports Network) - Rubens Barrichello won the pole for Sunday #39;s Grand Prix of China Formula One race. The No.2 Ferrari driver circled the 3.387-mile, 14-turn Shanghai International Circuit in one minute, 34.	CONTRADICTION
2264	This example is World	Reuters - The NFL handed down fines to 15\players involved in a scuffle between the Minnesota Vikings and\Chicago Bears on Sept. 26.	CONTRADICTION
2265	This example is Business	Boston, MA (Sports Network) - Boston Red Sox ace Curt Schilling underwent surgery Tuesday to repair a ruptured flexor tendon in his right ankle.	CONTRADICTION
2266	This example is Business	Cleveland, OH (Sports Network) - New York Jets running back Curtis Martin became the second player in NFL history to rush for at least 1,000 yards in his first 10 seasons before bruising his right knee in the second quarter.	CONTRADICTION
2267	This example is Business	AP - Ontario Harper scored a career-high 17 points and No. 12 Mississippi State, playing without preseason All-America Lawrence Roberts, beat Fairfield 53-49 Thursday night in the first round of the Coaches vs. Cancer Classic.	CONTRADICTION
2268	This example is Business	 NEW YORK (Reuters) - Peyton Manning continued to close in  on the NFL record for single season touchdown passes on Sunday,  firing two TD strikes as the Indianapolis Colts eased past the  Houston Texans 23-14 to clinch the division title.	CONTRADICTION
2269	This example is Business	 NEW YORK (Reuters) - Peyton Manning continued to close in  on the NFL record for single season touchdown passes on Sunday,  firing two TD strikes as the Indianapolis Colts eased past the  Houston Texans 23-14 to clinch the division title.	CONTRADICTION
2270	This example is Sci/Tech	(Sports Network) - The Detroit Tigers continue their three-game series with the Cleveland Indians in tonight #39;s rubber match at Comerica Park.	CONTRADICTION
2271	This example is World	AP - Javier Valentin doubled in the go-ahead run with two outs in the 12th inning and the Cincinnati Reds played spoiler again, sending the Chicago Cubs to a crushing 2-1 defeat Thursday.	CONTRADICTION
2272	This example is Business	SAN SALVADOR, El Salvador - El Salvador national soccer coach Juan Ramon Paredes was fired Saturday following two recent defeats in World Cup qualifying games.	CONTRADICTION
2273	This example is World	San Diego, CA (Sports Network) - Adrian Beltre recorded three hits and two runs scored to lead the Los Angeles Dodgers to a 9-6 victory over the San Diego Padres in the finale of a three-game series at Petco Park.	CONTRADICTION
2274	This example is Business	" BOSTON (Reuters) - ""Miracle Workers."" So proclaimed The  Boston Globe on Thursday after the Red Sox -- baseball's  perennial also-rans -- finally brought down the ""Evil Empire,""  taking a giant step toward their first World Series title in 86  years by ousting the New York Yankees in dramatic fashion."	CONTRADICTION
2275	This example is Business	 CHARLOTTE, North Carolina (Sports Network) - The Charlotte  Bobcats signed free agent shooting guard Steve Smith on  Thursday.	CONTRADICTION
2276	This example is Sci/Tech	Baltimore, MD (Sports Network) - Baltimore Orioles second baseman Jerry Hairston underwent successful ankle surgery, the club announced Tuesday.	CONTRADICTION
2277	This example is Sci/Tech	St. Louis, MO (Sports Network) - John Carney #39;s 31-yard field goal 7:04 into overtime handed the New Orleans Saints a dramatic 28-25 victory over the St.	CONTRADICTION
2278	This example is Sci/Tech	(Sports Network) - The New Jersey Nets were defeated by the Philadelphia 76ers, 108-100, in overtime on Wednesday at the Wachovia Center.	CONTRADICTION
2279	This example is Business	AP - Curt Schilling allowed three hits in seven shutout innings for his 15th win and Manny Ramirez hit a grand slam to lead the Boston Red Sox over the Chicago White Sox 10-1 Friday night.	CONTRADICTION
2280	This example is World	Foxboro, MA (Sports Network) - Tom Brady went 18-of-26 for 260 yards with two touchdowns to lead New England to a 35-28 win over Cincinnati at Gillette Stadium.	CONTRADICTION
2281	This example is Sci/Tech	Tokyo, Japan (Sports Network) - Japan #39;s baseball players have decided to go on strike for the first time in the 70-year history of the sport in that nation.	CONTRADICTION
2282	This example is Business	MAUI, Hawaii (Sports Network) - Taquan Dean poured in a game-high 30 points and Francisco Garcia added 16 points to lead 12th-ranked Louisville over Stanford, 82-67, in the fifth place game of the Maui Invitational at the Lahaina Civic Center.	CONTRADICTION
2283	This example is Sci/Tech	ATHENS, Greece - Allen Iverson broke his right thumb but plans to play anyway Tuesday night for the U.S. Olympic basketball team, which is coming off an embarrassing loss to Puerto Rico in its opener...	CONTRADICTION
2284	This example is World	 NEW YORK (Reuters) - Boston Red Sox can make baseball  history on Wednesday by becoming the first team to overturn a  three-game deficit in a best-of-seven series.	CONTRADICTION
2285	This example is Business	AP - Lionel Hollins lost his debut as interim coach of the Grizzlies, with Kevin Garnett getting 26 points and 15 rebounds and Latrell Sprewell adding 22 points to lead the Minnesota Timberwolves over Memphis 115-90 Friday night.	CONTRADICTION
2286	This example is Sci/Tech	AP - Brian Ching scored a team-best 11th goal of season to lead the San Jose Earthquakes past the Dallas Burn 3-0 on Saturday night.	CONTRADICTION
2287	This example is Business	Guangzhou, China (Sports Network) - Eighth-seeded Klara Koukalova was one of three first-round winners Monday at the inaugural Guangzhou International Women #39;s Open tennis tournament.	CONTRADICTION
2288	This example is World	AP - Gary Sheffield hit a tiebreaking, two-run homer in the ninth inning and the New York Yankees sent the fading Cleveland Indians to their eighth straight loss, 6-4 Monday night.	CONTRADICTION
2289	This example is Sci/Tech	MINNEAPOLIS (Ticker) -- Drew Tate passed for 328 yards and Kyle Schlicher set a school record with five field goals as No. 19 Iowa overcame a lack of a running game to defeat reeling Minnesota, 29-27, in a Big Ten Conference contest.	CONTRADICTION
2290	This example is Sci/Tech	Nyon, Switzerland (Sports Network) - The draw for the Champions League round of 16 was unveiled Friday in Switzerland, and there are a number of titanic clashes.	CONTRADICTION
2291	This example is Business	Reuters - Major League Baseball\Monday announced a decision on the appeal filed by Chicago Cubs\pitcher Kerry Wood regarding a suspension stemming from an\incident earlier this season.	CONTRADICTION
2292	This example is Sci/Tech	AP - The San Francisco Giants and catcher Mike Matheny agreed to a  #36;10.5 million three-year contract Monday, the latest move to upgrade the team's defense.	CONTRADICTION
2293	This example is Sci/Tech	BRISTOL, Connecticut (Ticker) - Two of the NFL #39;s best receivers go head-to-head on the national stage Monday night when Terrell Owens and the Philadelphia Eagles host Randy Moss and the Minnesota Vikings.	CONTRADICTION
2294	This example is Business	 PHILADEPHIA (Sports Network) - Saint Joseph's University  extended the contract of men's basketball coach Phil Martelli  on Thursday. Financial terms of the deal were not disclosed,  but the new contract will keep Martelli on Hawk Hill through at  least the 2011-12 season.	CONTRADICTION
2295	This example is World	 NEW YORK (Reuters) - Peyton Manning threw for 254 yards and  two touchdowns to win his showdown with fellow co-MVP Steve  McNair as the Indianapolis Colts beat the Tennessee Titans  31-17 in National Football League play at Nashville Sunday.	CONTRADICTION
2296	This example is Business	 STILLWATER, Okla. (Sports Network) - Joey Graham scored 20  points and grabbed seven rebounds to lead fifth-ranked Oklahoma  State to an 86-73 win over Alabama-Birmingham at Gallagher-Iba  Arena.	CONTRADICTION
2297	This example is World	Palm Desert, CA (Sports Network) - Grace Park posted a one-under 71 Saturday and holds a three-stroke lead after three rounds of the Samsung World Championship.	CONTRADICTION
2298	This example is Business	AP - Reaction to the suspensions handed down by NBA commissioner David Stern on Sunday, two days after a brawl between the Indiana Pacers and Detroit Pistons:	CONTRADICTION
2299	This example is Business	 NEW YORK (Reuters) - Clinton Portis ran 64 yards for a  touchdown and had 164 yards rushing and the Washington Redskins  used a stifling defense to edge the Tampa Bay Buccaneers 16-10  in Joe Gibbs's return to the National Football League Sunday in  Landover, Maryland.	CONTRADICTION
2300	This example is World	(Sports Network) - With his 700th career homer now behind him, Barry Bonds can focus on the task of trying to get his Giants into the playoffs.	CONTRADICTION
2301	This example is Business	AP - Minnesota right tackle Mike Rosenthal signed a six-year contract extension with the Vikings on Saturday.	CONTRADICTION
2302	This example is World	Athens, Greece (Sports Network) - Gunn-Rita Dahle of Norway captured the gold medal on Friday in the women #39;s mountain bike competition at the Summer Olympics in Athens.	CONTRADICTION
2303	This example is World	AP - Roger Clemens accepted the Astros' offer of salary arbitration Saturday, meaning he will either pitch for Houston next season or retire.	CONTRADICTION
2304	This example is World	AP - Infielder Jose Hernandez and the Cleveland Indians agreed to a  #36;1.8 million, one-year contract Monday.	CONTRADICTION
2305	This example is World	AP - Rhys Lloyd's 51-yard field goal try drifted left with 28 seconds remaining, allowing 19th-ranked Iowa to hold on for a 29-27 victory over Minnesota Saturday  #151; the Hawkeyes' sixth straight win.	CONTRADICTION
2306	This example is Business	 NEW YORK (Sports Network) - The National Football League  handed down \$10,000 fines on Tuesday to linebacker Joey Porter  of the Steelers and running back William Green of the Browns  for their parts in a pre-game fight this past Sunday.	CONTRADICTION
2307	This example is Business	AP - Barry Bonds hit his 699th home run, and the San Francisco Giants regained the NL wild-card lead with a 5-2 win over the Arizona Diamondbacks on Sunday.	CONTRADICTION
2308	This example is World	Indianapolis, IN (Sports Network) - The Indiana Pacers try to win their second straight game tonight, as they host Kevin Garnett and the Minnesota Timberwolves in the third of a four-game homestand at Conseco Fieldhouse.	CONTRADICTION
2309	This example is World	AP - The NFL agreed Monday to contract extensions with Fox and CBS to televise Sunday afternoon games for six more years, deals worth a combined  #36;8 billion.	CONTRADICTION
2310	This example is Business	Reuters - Barry Bonds hit his third home\run in two days to help the San Francisco Giants earn a split\of their doubleheader with a 14-4 win over the Montreal Expos\on Wednesday.	CONTRADICTION
2311	This example is Sci/Tech	TAMPA, Florida (Ticker) -- Coach Jon Gruden benched Brad Johnson in favor of Chris Simms , but the Tampa Bay Buccaneers still couldn #39;t reach the end zone.	CONTRADICTION
2312	This example is Business	Panama City, Panama (Sports Network) - United States men #39;s national team goalkeeper Tim Howard has returned to England, despite the squad #39;s scheduled match on Wednesday against Panama.	CONTRADICTION
2313	This example is World	AP - Vernon Wells homered in Toronto's five-run third inning and the Blue Jays beat the Tampa Devil Rays 9-7 on Sunday.	CONTRADICTION
2314	This example is Business	AP - William  amp; Mary quarterback Lang Campbell won the Walter Payton Award on Thursday night as the top offensive player in Division I-AA.	CONTRADICTION
2315	This example is Sci/Tech	AP - Pedro Martinez closed in on a four-year deal with the New York Mets, and the Boston Red Sox resigned themselves Monday to losing the three-time Cy Young Award winner.	CONTRADICTION
2316	This example is Business	Reuters - Corey Dillon rushed for 105 yards and\two touchdowns as the New England Patriots won their 20th\consecutive game, defeating the Seattle Seahawks 30-20 in	CONTRADICTION
2317	This example is Sci/Tech	Reuters - Carl Crawford and Rocco Baldelli\cracked solo homers and rookie Scott Kazmir out-duelled Pedro\Martinez to lead the Tampa Bay Devil Rays to a 5-2 road win\over the Boston Red Sox on Tuesday.	CONTRADICTION
2318	This example is Business	DAYTONA BEACH, Florida (Sports Network) - NASCAR driver Dale Earnhardt Jr. has been fined \$10,000 for cursing during a TV interview following his win at Talladega Superspeedway.	CONTRADICTION
2319	This example is World	AP - NFL career rushing leader Emmitt Smith was inactive with a toe injury for the Arizona Cardinals' game at the Detroit Lions on Sunday.	CONTRADICTION
2320	This example is Sci/Tech	NORMAN, Oklahoma (Ticker) -- Adrian Peterson hopes to carry over his stellar start to Big 12 Conference action when second-ranked Oklahoma hosts Texas Tech on Saturday.	CONTRADICTION
2321	This example is Business	 NEW YORK (Reuters) - It is a series that fills Boston Red  Sox fans with dread, New York Yankee supporters with giddy  confidence and has left Major League Baseball and television  executives smiling from ear-to-ear.	CONTRADICTION
2322	This example is Sci/Tech	Rostock, Germany (Sports Network) - Hansa Rostock coach Juri Schluenz resigned Sunday following a 6-0 loss at home to Hamburg. The loss left Rostock in the basement of the Bundesliga with eight points from 13 matches.	CONTRADICTION
2323	This example is Business	KANSAS CITY, Mo. - Mike Mussina pitched three-hit baseball for eight innings and struck out a season-high 11, leading the New York Yankees past the Kansas City Royals, 4-0, Tuesday night.	CONTRADICTION
2324	This example is World	AP - Florida State wide receiver Lorne Sam will not be available for the Seminoles when they play West Virginia in the Gator Bowl on Jan. 1.	CONTRADICTION
2325	This example is World	New York, NY (Sports Network) - Former Miami Dolphins running back Ricky Williams will remain retired after declining the NFL #39;s reinstatement offer.	CONTRADICTION
2326	This example is Sci/Tech	Reuters - Kevin Garnett just missed out on a\triple-double with 21 points, 17 rebounds and nine assists to\lead the Minnesota Timberwolves to a gritty 83-82 road win over\the Dallas Mavericks on Monday.	CONTRADICTION
2327	This example is Sci/Tech	 LEXINGTON, Ky. (Sports Network) - Kelenna Azubuike poured  in a game-high 21 points, Shagari Alleyne added 11 points and  Kentucky rolled past Morehead State, 71-40, in non-conference  play at Rupp Arena.	CONTRADICTION
2328	This example is World	Cleveland, OH (Sports Network) - Cleveland Cavaliers assistant coach Mark Osowski passed away Sunday due to complications from pancreatitis, the team announced Monday afternoon.	CONTRADICTION
2329	This example is Sci/Tech	AP - Roger Clemens won for the first time in almost a month  #151; the 323rd victory of his career  #151; and Carlos Beltran hit a three-run homer to lead the Houston Astros over the Philadelphia Phillies 8-4 Monday night.	CONTRADICTION
2330	This example is Business	Chicago, IL (Sports Network) - The Chicago White Sox hired former major leaguer Tim Raines as the club #39;s first base/baserunning coach on Monday.	CONTRADICTION
2331	This example is World	Washington, DC - The No. 11 MSU basketball team lost 96-83 to George Washington Saturday afternoon in the first-round of the BB amp;T Classic.	CONTRADICTION
2332	This example is World	 SAN FRANCISCO (Reuters) - Jay Payton's three-run homer led  the San Diego Padres to a 5-1 win over the San Francisco Giants  in National League play Saturday, despite a 701st career blast  from Barry Bonds.	CONTRADICTION
2333	This example is Sci/Tech	AP - Iowa held Penn State's offense scoreless, making Kyle Schlicher's two first-half field goals stand up for a 6-4 victory on Saturday.	CONTRADICTION
2334	This example is World	AP - Johan Santana won his eighth straight decision, Jacque Jones and Augie Ojeda homered and the Minnesota Twins ended the Anaheim Angels' nine-game winning streak, 7-1 Saturday.	CONTRADICTION
2335	This example is World	 LONDON (Reuters) - Soccer players and other sportsmen could  soon face mandatory two-year bans from their sports if they are  caught using recreational drugs at any time, the head of the  World Anti-Doping Agency said Monday.	CONTRADICTION
2336	This example is World	COLUMBUS, Ohio (Ticker) -- Seventh-ranked Michigan hopes to clinch a second straight outright Big Ten Conference title and Rose Bowl berth Saturday when it visits archrival Ohio State.	CONTRADICTION
2337	This example is Sci/Tech	AP - Texas' Cedric Benson became the sixth player in NCAA Division I history to rush for 1,000 yards in four consecutive seasons Saturday night.	CONTRADICTION
2338	This example is World	(Sports Network) - The Mariners will try to get back on the winning track tonight, when they battle the Anaheim Angels in the middle test of a three- game series.	CONTRADICTION
2339	This example is Business	(Sports Network) - The Dodgers hope to avoid being swept by the St. Louis Cardinals, as they head into Game 3 of their National League Division Series today.	CONTRADICTION
2340	This example is Business	 NEW YORK (Sports Network) - Johan Santana threw seven  shutout innings and Jacque Jones homered to lead the Minnesota  Twins to a 2-0 victory over New York in the opener of a  best-of-five American League Division Series at Yankee Stadium.	CONTRADICTION
2341	This example is Business	AP - The Cleveland Indians avoided salary arbitration with reliever Bob Howry, signing the right-hander to a one-year contract on Friday.	CONTRADICTION
2342	This example is Sci/Tech	 Miami, Florida (Sports Network) - Due to the possible  threat of Hurricane Ivan, the NFL has rescheduled the  Titans/Dolphins game up a day to Saturday at 1:00 p.m. (et).	CONTRADICTION
2343	This example is World	Reuters - Peyton Manning threw four\touchdown passes and Edgerrin James ran for 204 yards with a\score, as the Indianapolis Colts rolled to a 41-10 victory over\the Chicago Bears at Soldier Field.	CONTRADICTION
2344	This example is Business	London, England (Sports Network) - An appeal by Fulham to the English Football Association was successful on Thursday. The FA scaled back its original ban on Andrew Cole from six matches to four.	CONTRADICTION
2345	This example is Business	 WASHINGTON (Sports Network) - The NFL Players Association  Monday filed a grievance with the Dallas Cowboys over the  recent release of quarterback Quincy Carter, claiming the  organization was in violation of the league's collective  bargaining agreement.	CONTRADICTION
2346	This example is Sci/Tech	CBC SPORTS ONLINE - Although it #39;s been officially announced the Montreal Expos will call Washington, DC home next season, there still are some big road blocks in the way that could derail the franchise #39;s move south.	CONTRADICTION
2347	This example is World	EAST RUTHERFORD, New Jersey (Ticker) -- Stephon Marbury scored 14 points and Tim Thomas added 12 as the New York Knicks overcame a strong start by the New Jersey Nets to grind out an 86-79 preseason victory.	CONTRADICTION
2348	This example is Business	CBC SPORTS ONLINE - As expected, the Tampa Bay Lightning are bringing back their captain, Dave Andreychuk, for another season. The Lightning on Tuesday announced the 40-year-old Andreychuk,had agreed to a one-year deal.	CONTRADICTION
2349	This example is World	Heraklio, Greece (Sports Network) - The old faces of US women #39;s soccer bid adieu, while the new faces introduced themselves in a gold-medal winning effort at the Athens Olympics on Thursday night at Karaiskaki Stadium.	CONTRADICTION
2350	This example is Sci/Tech	Allen Park, MI (Sports Network) - The Detroit Lions placed starting strong safety Brian Walker on injured reserve and released six players Sunday to get down to the NFL #39;s roster limit of 53 players.	CONTRADICTION
2351	This example is World	 WASHINGTON (Sports Network) - Roger Powell Jr. netted 19  points on 8-of-11 shooting to lead top-ranked Illinois to a  74-59 victory over Georgetown at the MCI Center.	CONTRADICTION
2352	This example is Business	(Sports Network) - The New York Yankees can clinch a playoff berth tonight, and they can do it with a pitcher who is still unbeaten this year.	CONTRADICTION
2353	This example is World	 NEW YORK (Reuters) - Jeff Wilkins booted a clutch 31-yard  field goal to earn the St. Louis Rams a playoff berth with a  32-29 overtime victory over the New York Jets on Sunday, as the  NFL regular season came to furious conclusion.	CONTRADICTION
2354	This example is Sci/Tech	New York, NY (Sports Network) - Great Britain #39;s Paula Radcliffe captured the New York City marathon in the closest-ever women #39;s finish in the history of the race, while Hendrik Ramaala of South Africa won the men #39;s side.	CONTRADICTION
2355	This example is Business	AP - Tony Sanneh scored his first MLS goal in six years, helping the Columbus Crew extend their unbeaten streak to 12 games with a 1-0 victory over the San Jose Earthquakes on Wednesday night.	CONTRADICTION
2356	This example is World	CBC SPORTS ONLINE - After spending the last seven seasons with the New York Mets, Al Leiter was feeling a little nostalgic. Leiter signed a one-year contract with the Florida Marlins, a team he helped lead to a World Series title in 1997.	CONTRADICTION
2357	This example is Business	 SAN DIEGO, Calif. (Sports Network) - San Diego Chargers  quarterback Drew Brees will be under center for this Sunday's  contest versus the Denver Broncos.	CONTRADICTION
2358	This example is Business	AP - Mike Wilkinson scored all but two of his 19 points in the second half and Brian Butch had a memorable debut in No. 21 Wisconsin's 77-44 rout of Penn on Saturday night.	CONTRADICTION
2359	This example is Business	 SAN FRANCISCO (Reuters) - Baseball star Barry Bonds took an  undetectable performance-enhancing drug during the 2003 season,  his weight trainer said on a secretly recorded tape, The San  Francisco Chronicle reported Saturday.	CONTRADICTION
2360	This example is World	La Coruna, Spain (Sports Network) - Osasuna overcame a red card to shock Deportivo La Coruna Sunday, 3-1. Deportivo took a 1-0 lead into halftime on a Walter Pandiani strike in the 19th minute.	CONTRADICTION
2361	This example is Business	 BOSTON (Reuters) - A stitched-up Curt Schilling became the  first pitcher in major league history to win World Series games  with three different teams after producing a gritty display  Sunday.	CONTRADICTION
2362	This example is Business	 BOSTON (Reuters) - A stitched-up Curt Schilling became the  first pitcher in major league history to win World Series games  with three different teams after producing a gritty display  Sunday.	CONTRADICTION
2363	This example is World	Sports India, Cricket: Chennai, Oct 11 : Former Supreme Court judge S. Mohan, appointed interim administrator of the Indian cricket board by the Madras High Court, Monday reported to the court about his being locked out of the board #39;s office in Mumbai.	CONTRADICTION
2364	This example is Business	AP - Ron Turner was fired by Illinois on Monday after three straight losing seasons, a sharp turnaround from early success that included the team's first Big Ten football title in a decade.	CONTRADICTION
2365	This example is World	CHICAGO (USATODAY.com) - The Chicago White Sox did not offer arbitration to outfielder Magglio Ordonez. Evidently, it will be Jermaine Dye to pick up the slack.	CONTRADICTION
2366	This example is Business	 LAS VEGAS (Sports Network) - Mike Sanford has been hired as  the ninth head football coach at UNLV. The former Utah  offensive coach takes over for the retired John Robinson.	CONTRADICTION
2367	This example is Business	Athens, Greece (Sports Network) - US women #39;s basketball player Katie Smith will miss the remainder of the Olympics after an MRI exam revealed torn cartilage in her right knee.	CONTRADICTION
2368	This example is World	FLUSHING, NY, (Sports Network) - The New York Mets are bringing Willie Randolph across town from the Bronx to be their 18th manager.	CONTRADICTION
2369	This example is World	AP - Peyton Manning tied an NFL record set by John Unitas in 1959 with his 12th straight game with at least two touchdowns to open a season.	CONTRADICTION
2370	This example is Business	AP - U.S. midfielder DaMarcus Beasley scored a goal Sunday to help lead PSV Eindhoven past Vitesse Arnhem 2-0 in the Dutch league  #151; the 10th straight shutout for unbeaten PSV.	CONTRADICTION
2371	This example is Business	Reuters - Baltimore Ravens running back\Jamal Lewis was suspended for two games without pay and fined\an additional two weeks' salary by the league on Friday for\violating the NFL substance abuse policy.	CONTRADICTION
2372	This example is World	AP - Cliff Lee won for the second time since July 16 and rookie Grady Sizemore hit a two-run homer, leading the Cleveland Indians to a 9-7 win over the Minnesota Twins on Thursday night.	CONTRADICTION
2373	This example is World	AP - Jose Lima pitched into the seventh inning, Jayson Werth homered for the third game in a row and the Los Angeles Dodgers beat the San Diego Padres 6-3 Tuesday night.	CONTRADICTION
2374	This example is World	Reuters - Priest Holmes rushed for 125 yards and\two touchdowns to help the Kansas City Chiefs pick up their\first win of the season, 27-24 over the host Baltimore Ravens\Monday.	CONTRADICTION
2375	This example is World	AFP - National Basketball Association players union leaders met with an arbitrator to have suspensions from a brawl between players and fans reduced but league officials did not participate.	CONTRADICTION
2376	This example is Business	AP - Wayne Simien had 20 points and 13 rebounds, and No. 2 Kansas shot 63 percent during a 91-51 rout of St. Joseph's on Tuesday night.	CONTRADICTION
2377	This example is Sci/Tech	 NASHVILLE, Tenn. (Sports Network) - Tennessee quarterback  Steve McNair is questionable for Sunday's home game against  Jacksonville with a chest injury. McNair missed the Titans'  last two games with a bruised sternum.	CONTRADICTION
2378	This example is Sci/Tech	 WASHINGTON (Sports Network) - Dwyane Wade continued his hot  start to the 2004-05 campaign with a career-high 37 points, as  the Miami Heat improved to 3-0 on the young season with a  118-106 win over the Washington Wizards.	CONTRADICTION
2379	This example is Business	AP - Vicente Padilla pitched 6 2-3 shutout innings in his best start since coming off the disabled list and led the Philadelphia Phillies over the New York Mets 4-2 Sunday to complete a three-game sweep.	CONTRADICTION
2380	This example is World	(Sports Network) - The Houston Astros have never won a playoff series in franchise history. Winners of 13 straight division titles, the Atlanta Braves are also hoping to break a Division Series jinx.	CONTRADICTION
2381	This example is Business	Reuters - Dallas Cowboys running\back Eddie George was inactive for Sunday's game against New\Orleans as a healthy scratch and missed a game for the first\time in his NFL career.	CONTRADICTION
2382	This example is Business	(Sports Network) - Two of the worst teams in the American League square off this evening when the Kansas City Royals and Detroit Tigers continue their four-game set at Comerica Park.	CONTRADICTION
2383	This example is Business	ENGLEWOOD, Colorado (Ticker) - Denver Broncos defensive tackle Luther Elliss has a herniated disc and will miss the rest of the season, coach Mike Shanahan announced on Friday.	CONTRADICTION
2384	This example is Business	 NEW YORK (Reuters) - Sidney Ponson pitched a complete-game  two-hitter as the Baltimore Orioles stunned the New York  Yankees 7-0 in American League play at Yankee Stadium on  Saturday.	CONTRADICTION
2385	This example is World	AP - Former Chelsea striker Adrian Mutu was suspended for seven months and fined about  #36;35,000 by the English Football Association on Thursday after testing positive for cocaine.	CONTRADICTION
2386	This example is Business	 SALT LAKE CITY, Utah (Sports Network) - Steve Savoy scored  three times and Alex Smith accounted for two more touchdowns as  No. 5 Utah did its best toward becoming the first non-BCS  program to claim a spot in a BCS bowl game by pounding Mountain  West rival Brigham Young, 52-21, at Rice-Eccles Stadium.	CONTRADICTION
2387	This example is Business	AP - Weber State football coach Jerry Graybeal resigned Tuesday after a 1-10 season, the worst in the program's 43-year history.	CONTRADICTION
2388	This example is World	NEWARK, NJ - Two-time All Big East senior guard Cappie Pondexter is going to miss the first half of Rutgers women #39;s basketball season.	CONTRADICTION
2389	This example is World	Athens, Greece (Sports Network) - Sarah Ulmer of New Zealand won the women #39;s individual pursuit competition in track cycling Sunday at the Olympics.	CONTRADICTION
2390	This example is Sci/Tech	Reuters - Earl Boykins contributed 22 points to\help the Denver Nuggets overcome the absence of top scorer\Carmelo Anthony to defeat the New Orleans Hornets 76-67 Monday.	CONTRADICTION
2391	This example is Business	(Sports Network) - Carlos Beltran may be the newest Killer B in Houston #39;s lineup, but right now he is also the most feared hitter on the Astros.	CONTRADICTION
2392	This example is World	Kansas City, MO (Sports Network) - Angel Berroa went 5-for-5 with five runs scored and Kansas City exploded for 10 runs in the fifth inning en route to a 17-8 victory over the New York Yankees in the opener of a three-game series at Kauffman Stadium.	CONTRADICTION
2393	This example is Sci/Tech	FAIRFAX, Va. (Sports Network) - Washington Redskins rookie safety Sean Taylor Wednesday pleaded not guilty to a drunken driving charge.	CONTRADICTION
2394	This example is Sci/Tech	AP - Mike Mussina pitched three-hit ball for eight innings and struck out a season-high 11, leading the New York Yankees over the Kansas City Royals 4-0 Tuesday night.	CONTRADICTION
2395	This example is Sci/Tech	Reuters - Carolina wide\receiver Steve Smith was carted off the field Monday night\after breaking his left fibula during the Panthers' 24-14 loss\to Green Bay.	CONTRADICTION
2396	This example is World	Columbia, MO (Sports Network) - The Missouri basketball program has been placed on probation for three years and will face limits on recruiting, scholarships and official visits for violating NCAA rules.	CONTRADICTION
2397	This example is Business	Salt Lake City, UT (Sports Network) - The Jazz announced Tuesday that the club will retire John Stockton #39;s No. 12 on November 22, 2004, when Utah hosts the New Orleans Hornets.	CONTRADICTION
2398	This example is Sci/Tech	AP - The Baltimore Orioles released outfielder Karim Garcia after their ninth straight loss Wednesday night, and sent outfielder Darnell McDonald to Triple-A Ottawa.	CONTRADICTION
2399	This example is World	AP - Francisco Garcia matched his career-high with 29 points, including eight straight during a 27-4 run, and No. 19 Louisville pulled away for a 98-64 victory over Tennessee State on Sunday.	CONTRADICTION
